scenario_id,sequence_id,vkitti_scene_id,frame_id,real_image_path,proxy_image_path,real_gt_count,proxy_gt_count,num_cars,mean_bbox_area_ratio,min_bbox_area_ratio,max_bbox_area_ratio,mean_bbox_height_ratio,image_brightness,proxy_failure,target_failure,proxy_tp,proxy_fp,proxy_fn,target_tp,target_fp,target_fn,det_conf_thresh,iou_match_thresh,frame_stride,proxy_n_pred,proxy_mean_score,proxy_max_score,proxy_mean_pred_area_ratio,target_failure_hard,proxy_failure_hard
0001_000000,1,Scene01,0,data/kitti_vkitti/kitti/training/image_02/0001/000000.png,data/kitti_vkitti/vkitti/Scene01/clone/frames/rgb/Camera_0/rgb_00000.jpg,4,5,5,0.0511926999463231,0.0017713365539452,0.2055501878690284,0.2352,0.3417148137623272,0.2306573223692386,0.1820680713084805,5,5,0,4,2,0,0.25,0.5,10,10,0.4640477657318115,0.9107042551040648,0.0258600437180436,0.0,0.0
0001_000011,1,Scene01,11,data/kitti_vkitti/kitti/training/image_02/0001/000011.png,data/kitti_vkitti/vkitti/Scene01/clone/frames/rgb/Camera_0/rgb_00011.jpg,10,10,10,0.0211763821792807,0.0021041331186258,0.1211980676328502,0.1509333333333333,0.3355233915358951,0.5692133220808648,0.539049262021803,6,0,4,6,2,4,0.25,0.5,10,6,0.5259705930948257,0.8389979600906372,0.0271951713987821,0.4,0.4
0001_000012,1,Scene01,12,data/kitti_vkitti/kitti/training/image_02/0001/000012.png,data/kitti_vkitti/vkitti/Scene01/clone/frames/rgb/Camera_0/rgb_00012.jpg,9,10,10,0.0273281803542673,0.0021792807300053,0.1591154052603328,0.1576,0.3367368254870386,0.523079501291462,0.5672011663397565,6,1,4,4,3,5,0.25,0.5,10,7,0.5131876681532178,0.8521270751953125,0.0317708989566601,0.5555555555555556,0.4
0001_000013,1,Scene01,13,data/kitti_vkitti/kitti/training/image_02/0001/000013.png,data/kitti_vkitti/vkitti/Scene01/clone/frames/rgb/Camera_0/rgb_00013.jpg,9,10,10,0.0286112721417069,0.0023832528180354,0.1578851315083199,0.1634666666666666,0.3414053992611537,0.5506547323640913,0.5010061586233101,6,1,4,5,4,4,0.25,0.5,10,7,0.5683400162628719,0.9065371751785278,0.0346595559806701,0.4444444444444444,0.4
0001_000014,1,Scene01,14,data/kitti_vkitti/kitti/training/image_02/0001/000014.png,data/kitti_vkitti/vkitti/Scene01/clone/frames/rgb/Camera_0/rgb_00014.jpg,10,11,11,0.0234232176840872,0.0017176596886741,0.1398411164787976,0.1558787878787878,0.3518594550219443,0.4806166996518675,0.3681003613030413,6,2,5,8,3,2,0.25,0.5,10,8,0.5602530762553215,0.9246997237205504,0.0281101069149435,0.2,0.4545454545454545
0001_000015,1,Scene01,15,data/kitti_vkitti/kitti/training/image_02/0001/000015.png,data/kitti_vkitti/vkitti/Scene01/clone/frames/rgb/Camera_0/rgb_00015.jpg,10,11,11,0.0191478065680964,0.001842190016103,0.1087536231884058,0.1566060606060606,0.3718391714817972,0.4491482944119641,0.3978166699949594,7,4,4,8,4,2,0.25,0.5,10,11,0.4913224334066564,0.8717250227928162,0.0150032439594609,0.2,0.3636363636363636
0001_000026,1,Scene01,26,data/kitti_vkitti/kitti/training/image_02/0001/000026.png,data/kitti_vkitti/vkitti/Scene01/clone/frames/rgb/Camera_0/rgb_00026.jpg,6,7,7,0.0099550647956445,0.0031884057971014,0.0167407407407407,0.1367619047619047,0.369861732605012,0.4753677728489405,0.3456932032735512,4,4,3,5,3,1,0.25,0.5,10,8,0.4860644824802875,0.8511996865272522,0.00668917316395,0.1666666666666666,0.4285714285714285
0001_000027,1,Scene01,27,data/kitti_vkitti/kitti/training/image_02/0001/000027.png,data/kitti_vkitti/vkitti/Scene01/clone/frames/rgb/Camera_0/rgb_00027.jpg,6,7,7,0.0104307951844183,0.0034310252281266,0.0195426731078905,0.1417142857142857,0.3632694473387852,0.4948445934755211,0.4567196201141654,4,4,3,4,3,2,0.25,0.5,10,8,0.586840283125639,0.828206479549408,0.0069104160294051,0.3333333333333333,0.4285714285714285
0001_000028,1,Scene01,28,data/kitti_vkitti/kitti/training/image_02/0001/000028.png,data/kitti_vkitti/vkitti/Scene01/clone/frames/rgb/Camera_0/rgb_00028.jpg,5,6,6,0.011740203972088,0.0036070853462157,0.0230681696188942,0.1497777777777778,0.3593465146874638,0.4724613336673616,0.3614902624309565,4,3,2,4,2,1,0.25,0.5,10,7,0.5362417101860046,0.7840235233306885,0.0078129689653308,0.2,0.3333333333333333
0001_000029,1,Scene01,29,data/kitti_vkitti/kitti/training/image_02/0001/000029.png,data/kitti_vkitti/vkitti/Scene01/clone/frames/rgb/Camera_0/rgb_00029.jpg,5,6,6,0.0127178386115584,0.0039420289855072,0.0273752012882447,0.1573333333333333,0.3557484302148127,0.4836600963262289,0.3188408340799745,4,2,2,4,3,1,0.25,0.5,10,6,0.5578630814949671,0.8433051109313965,0.0082991543970398,0.2,0.3333333333333333
0001_000034,1,Scene01,34,data/kitti_vkitti/kitti/training/image_02/0001/000034.png,data/kitti_vkitti/vkitti/Scene01/clone/frames/rgb/Camera_0/rgb_00034.jpg,6,7,7,0.0232804232804232,0.002524959742351,0.0800107353730542,0.1855238095238095,0.2999703198509678,0.3756475594523126,0.2810025289877984,5,2,2,5,2,1,0.25,0.5,10,7,0.596591340644019,0.908890426158905,0.0189918989575805,0.1666666666666666,0.2857142857142857
0001_000035,1,Scene01,35,data/kitti_vkitti/kitti/training/image_02/0001/000035.png,data/kitti_vkitti/vkitti/Scene01/clone/frames/rgb/Camera_0/rgb_00035.jpg,6,7,7,0.0246223449121999,0.0026774020397208,0.0714632313472893,0.2007619047619047,0.2871859977055771,0.5042425320710451,0.1762267963020064,4,2,3,6,2,0,0.25,0.5,10,6,0.6836241583029429,0.9065028429031372,0.0240437864921745,0.0,0.4285714285714285
0001_000036,1,Scene01,36,data/kitti_vkitti/kitti/training/image_02/0001/000036.png,data/kitti_vkitti/vkitti/Scene01/clone/frames/rgb/Camera_0/rgb_00036.jpg,6,7,7,0.0250827390537535,0.0028341384863123,0.0528888888888888,0.2099047619047619,0.2878347173544673,0.328461102587865,0.1794021584746365,6,3,1,6,2,0,0.25,0.5,10,9,0.5505081415176392,0.862500011920929,0.0161473503685004,0.0,0.1428571428571428
0001_000037,1,Scene01,37,data/kitti_vkitti/kitti/training/image_02/0001/000037.png,data/kitti_vkitti/vkitti/Scene01/clone/frames/rgb/Camera_0/rgb_00037.jpg,6,7,7,0.0262887815351583,0.0030617283950617,0.0658550724637681,0.2224761904761904,0.2982508498837001,0.241435258149211,0.1889688080039328,7,1,0,6,4,0,0.25,0.5,10,8,0.6196845695376396,0.9005082249641418,0.0189627961551934,0.0,0.0
0001_000038,1,Scene01,38,data/kitti_vkitti/kitti/training/image_02/0001/000038.png,data/kitti_vkitti/vkitti/Scene01/clone/frames/rgb/Camera_0/rgb_00038.jpg,6,6,6,0.0341456432277688,0.0032979066022544,0.0915984970477724,0.2155555555555555,0.307376969467336,0.2050376685743548,0.2391027840017149,6,4,0,6,3,0,0.25,0.5,10,10,0.535285747051239,0.9006845951080322,0.0186380112547881,0.0,0.0
0001_000043,1,Scene01,43,data/kitti_vkitti/kitti/training/image_02/0001/000043.png,data/kitti_vkitti/vkitti/Scene01/clone/frames/rgb/Camera_0/rgb_00043.jpg,6,7,7,0.0367456483398512,0.0028985507246376,0.1741105743424584,0.192,0.3242575563343963,0.3535685298395078,0.2009067307334523,6,1,1,6,1,0,0.25,0.5,10,7,0.6463417112827301,0.9141159653663636,0.0281898134265892,0.0,0.1428571428571428
0001_000045,1,Scene01,45,data/kitti_vkitti/kitti/training/image_02/0001/000045.png,data/kitti_vkitti/vkitti/Scene01/clone/frames/rgb/Camera_0/rgb_00045.jpg,7,8,8,0.0168982823403113,0.0019538378958668,0.0874267310789049,0.1383333333333333,0.380541172260638,0.5062035792386999,0.4658967847176386,5,1,3,4,4,3,0.25,0.5,10,6,0.5653820186853409,0.8892396688461304,0.0175523046991717,0.4285714285714285,0.375
0001_000065,1,Scene01,65,data/kitti_vkitti/kitti/training/image_02/0001/000065.png,data/kitti_vkitti/vkitti/Scene01/clone/frames/rgb/Camera_0/rgb_00065.jpg,10,11,11,0.0224515688283804,0.0024283413848631,0.1123478260869565,0.1638787878787878,0.2986003515308431,0.5413290462240836,0.4409629521707108,6,0,5,7,2,3,0.25,0.5,10,6,0.673451840877533,0.892164409160614,0.0293462748775196,0.3,0.4545454545454545
0001_000110,1,Scene01,110,data/kitti_vkitti/kitti/training/image_02/0001/000110.png,data/kitti_vkitti/vkitti/Scene01/clone/frames/rgb/Camera_0/rgb_00110.jpg,12,13,13,0.0242183409719641,0.0019538378958668,0.0804036500268384,0.2084102564102563,0.2696467978066159,0.508583323352088,0.3512748132872559,8,3,5,9,2,3,0.25,0.5,10,11,0.5604079094800082,0.8735331892967224,0.0245293603207752,0.25,0.3846153846153846
0001_000111,1,Scene01,111,data/kitti_vkitti/kitti/training/image_02/0001/000111.png,data/kitti_vkitti/vkitti/Scene01/clone/frames/rgb/Camera_0/rgb_00111.jpg,11,12,12,0.0272818035426731,0.0020869565217391,0.1193064949006978,0.2091111111111111,0.2459651542420511,0.429196059156735,0.3425693922972933,9,0,3,9,2,2,0.25,0.5,10,9,0.6685616009765201,0.9005693197250366,0.0288949375294037,0.1818181818181818,0.25
0001_000112,1,Scene01,112,data/kitti_vkitti/kitti/training/image_02/0001/000112.png,data/kitti_vkitti/vkitti/Scene01/clone/frames/rgb/Camera_0/rgb_00112.jpg,11,12,12,0.0291837538021112,0.002224369296833,0.1553816425120772,0.2202222222222222,0.2262104427815141,0.4907805211266608,0.3452757363873661,8,1,4,9,4,2,0.25,0.5,10,9,0.7162092791663276,0.9285146594047546,0.031523736317977,0.1818181818181818,0.3333333333333333
0001_000113,1,Scene01,113,data/kitti_vkitti/kitti/training/image_02/0001/000113.png,data/kitti_vkitti/vkitti/Scene01/clone/frames/rgb/Camera_0/rgb_00113.jpg,10,11,11,0.0309418825940565,0.0023038110574342,0.1618056897477187,0.2143030303030302,0.2139106185469356,0.5090776276698689,0.3497350820154672,7,1,4,8,3,2,0.25,0.5,10,8,0.6373572945594788,0.9143361449241638,0.0344640767917671,0.2,0.3636363636363636
0001_000114,1,Scene01,114,data/kitti_vkitti/kitti/training/image_02/0001/000114.png,data/kitti_vkitti/vkitti/Scene01/clone/frames/rgb/Camera_0/rgb_00114.jpg,9,10,10,0.0346310252281266,0.0024283413848631,0.1426172839506173,0.2085333333333333,0.1978567732836559,0.527614698653716,0.3825204349629563,6,1,4,7,3,2,0.25,0.5,10,7,0.667503548519952,0.8954659104347229,0.040635981762524,0.2222222222222222,0.4
0001_000120,1,Scene01,120,data/kitti_vkitti/kitti/training/image_02/0001/000120.png,data/kitti_vkitti/vkitti/Scene01/clone/frames/rgb/Camera_0/rgb_00120.jpg,9,10,10,0.0296526033279656,0.0020289855072463,0.1320579710144927,0.1976,0.1374796964625893,0.5065599387002082,0.3208595633436601,7,1,3,7,1,2,0.25,0.5,10,8,0.5935842767357826,0.8593652844429016,0.0314805744366276,0.2222222222222222,0.3
0001_000121,1,Scene01,121,data/kitti_vkitti/kitti/training/image_02/0001/000121.png,data/kitti_vkitti/vkitti/Scene01/clone/frames/rgb/Camera_0/rgb_00121.jpg,9,10,10,0.0288622651637144,0.0022415458937198,0.0996800858829844,0.2096,0.1393599865281592,0.3991606066440735,0.3191240553026235,8,1,2,7,1,2,0.25,0.5,10,9,0.5725916855865054,0.8895590901374817,0.0243714707607838,0.2222222222222222,0.2
0001_000122,1,Scene01,122,data/kitti_vkitti/kitti/training/image_02/0001/000122.png,data/kitti_vkitti/vkitti/Scene01/clone/frames/rgb/Camera_0/rgb_00122.jpg,9,10,10,0.0230877079978529,0.0023832528180354,0.0849790660225442,0.2157333333333334,0.1473022933703809,0.5355236833263064,0.4657140324006862,6,1,4,6,0,3,0.25,0.5,10,7,0.6259602691446032,0.9206883311271667,0.0235599332253429,0.3333333333333333,0.4
0001_000123,1,Scene01,123,data/kitti_vkitti/kitti/training/image_02/0001/000123.png,data/kitti_vkitti/vkitti/Scene01/clone/frames/rgb/Camera_0/rgb_00123.jpg,8,9,9,0.0221017474801693,0.0025958132045088,0.0666022544283413,0.1925925925925925,0.1622700556765916,0.4891499297313741,0.3383631439071044,6,1,3,6,1,2,0.25,0.5,10,7,0.6263104634625571,0.861243486404419,0.0239396156415425,0.25,0.3333333333333333
0001_000124,1,Scene01,124,data/kitti_vkitti/kitti/training/image_02/0001/000124.png,data/kitti_vkitti/vkitti/Scene01/clone/frames/rgb/Camera_0/rgb_00124.jpg,8,9,9,0.0230540943520009,0.0027289318303811,0.0819838969404186,0.2023703703703704,0.1763224569269468,0.559646728291241,0.4093516914222089,5,0,4,6,0,2,0.25,0.5,10,5,0.7559927821159362,0.8698183298110962,0.0310758580481635,0.25,0.4444444444444444
0001_000126,1,Scene01,126,data/kitti_vkitti/kitti/training/image_02/0001/000126.png,data/kitti_vkitti/vkitti/Scene01/clone/frames/rgb/Camera_0/rgb_00126.jpg,7,8,8,0.0351478797638217,0.0032120236178207,0.1632807300053677,0.2083333333333333,0.2080291412754044,0.5334765688444704,0.3598288563487635,5,0,3,5,4,2,0.25,0.5,10,5,0.6927942574024201,0.9274618625640868,0.0435929989110348,0.2857142857142857,0.375
0001_000127,1,Scene01,127,data/kitti_vkitti/kitti/training/image_02/0001/000127.png,data/kitti_vkitti/vkitti/Scene01/clone/frames/rgb/Camera_0/rgb_00127.jpg,7,8,8,0.0377093397745571,0.0035555555555555,0.1586988727858293,0.2189999999999999,0.2266833296496269,0.4415098002358871,0.3975418068071142,6,0,2,5,1,2,0.25,0.5,10,6,0.7199990600347519,0.9327650666236876,0.0422097237469179,0.2857142857142857,0.25
0001_000128,1,Scene01,128,data/kitti_vkitti/kitti/training/image_02/0001/000128.png,data/kitti_vkitti/vkitti/Scene01/clone/frames/rgb/Camera_0/rgb_00128.jpg,7,8,8,0.0405566290928609,0.0038132045088566,0.1407879763821792,0.2339999999999999,0.2202221674928694,0.438457504297576,0.3959359811510826,5,1,3,5,1,2,0.25,0.5,10,6,0.6552470525105795,0.9273421168327332,0.0450943695346986,0.2857142857142857,0.375
0001_000129,1,Scene01,129,data/kitti_vkitti/kitti/training/image_02/0001/000129.png,data/kitti_vkitti/vkitti/Scene01/clone/frames/rgb/Camera_0/rgb_00129.jpg,7,8,8,0.0436001073537305,0.0040794417606011,0.1182952227589908,0.2503333333333333,0.2118420847673476,0.4793558223481291,0.3830197379557056,5,0,3,5,0,2,0.25,0.5,10,5,0.7844794392585754,0.9110876321792604,0.0555196273155801,0.2857142857142857,0.375
0001_000130,1,Scene01,130,data/kitti_vkitti/kitti/training/image_02/0001/000130.png,data/kitti_vkitti/vkitti/Scene01/clone/frames/rgb/Camera_0/rgb_00130.jpg,7,8,8,0.0429651100375738,0.0044659151905528,0.1087149758454106,0.2643333333333333,0.2031723743066738,0.3417263365725312,0.2757918708648894,6,1,2,6,0,1,0.25,0.5,10,7,0.6472686699458531,0.9134541749954224,0.0417595066851192,0.1428571428571428,0.25
0001_000137,1,Scene01,137,data/kitti_vkitti/kitti/training/image_02/0001/000137.png,data/kitti_vkitti/vkitti/Scene01/clone/frames/rgb/Camera_0/rgb_00137.jpg,6,7,7,0.0205542519745418,0.0051680085882984,0.0656575415995705,0.1843809523809523,0.2981111805752897,0.5698779661174633,0.3492996391387937,4,0,3,5,3,1,0.25,0.5,10,4,0.6749335825443268,0.8091884851455688,0.0258549624176279,0.1666666666666666,0.4285714285714285
0001_000160,1,Scene01,160,data/kitti_vkitti/kitti/training/image_02/0001/000160.png,data/kitti_vkitti/vkitti/Scene01/clone/frames/rgb/Camera_0/rgb_00160.jpg,5,6,6,0.0110882089819287,0.0018894256575415,0.022484165324745,0.132,0.4039918411164788,0.3264437059876856,0.4861521698869095,5,3,1,2,7,3,0.25,0.5,10,8,0.6034946776926517,0.8374494314193726,0.0101265956960253,0.6,0.1666666666666666
0001_000161,1,Scene01,161,data/kitti_vkitti/kitti/training/image_02/0001/000161.png,data/kitti_vkitti/vkitti/Scene01/clone/frames/rgb/Camera_0/rgb_00161.jpg,4,5,5,0.0125844337090713,0.0053354804079441,0.021037037037037,0.1317333333333333,0.4026013029795922,0.2561689263151571,0.3510861884278646,4,1,1,3,3,1,0.25,0.5,10,5,0.7438356399536132,0.851831316947937,0.0148757775564918,0.25,0.2
0001_000162,1,Scene01,162,data/kitti_vkitti/kitti/training/image_02/0001/000162.png,data/kitti_vkitti/vkitti/Scene01/clone/frames/rgb/Camera_0/rgb_00162.jpg,4,5,5,0.0121627482555018,0.0055652173913043,0.0188083735909822,0.1344,0.40184174376138,0.2226036065515566,0.3071214802117994,4,2,1,3,4,1,0.25,0.5,10,6,0.638226310412089,0.8150386214256287,0.0122748059890581,0.25,0.2
0001_000163,1,Scene01,163,data/kitti_vkitti/kitti/training/image_02/0001/000163.png,data/kitti_vkitti/vkitti/Scene01/clone/frames/rgb/Camera_0/rgb_00163.jpg,4,5,5,0.011944176060118,0.005432098765432,0.0199570585077831,0.1386666666666666,0.4017040699693726,0.2755543775461381,0.390823187253711,4,2,1,3,4,1,0.25,0.5,10,6,0.6761327435572942,0.8010426163673401,0.0113092084195004,0.25,0.2
0001_000164,1,Scene01,164,data/kitti_vkitti/kitti/training/image_02/0001/000164.png,data/kitti_vkitti/vkitti/Scene01/clone/frames/rgb/Camera_0/rgb_00164.jpg,4,5,5,0.0114559312936124,0.003753086419753,0.0209210950080515,0.1408,0.3961540757580541,0.3052541753928711,0.4315256203114159,5,1,0,2,6,2,0.25,0.5,10,6,0.6239940524101257,0.745681881904602,0.0109211816601048,0.5,0.0
0001_000165,1,Scene01,165,data/kitti_vkitti/kitti/training/image_02/0001/000165.png,data/kitti_vkitti/vkitti/Scene01/clone/frames/rgb/Camera_0/rgb_00165.jpg,4,5,5,0.0108607622114868,0.0017004830917874,0.0219066022544283,0.1418666666666666,0.3943744371822803,0.3458210608776004,0.3570856517099201,4,2,1,2,5,2,0.25,0.5,10,6,0.6456800997257233,0.8290209770202637,0.0107864648033556,0.5,0.2
0001_000166,1,Scene01,166,data/kitti_vkitti/kitti/training/image_02/0001/000166.png,data/kitti_vkitti/vkitti/Scene01/clone/frames/rgb/Camera_0/rgb_00166.jpg,4,4,4,0.0130139559849704,0.0065314009661835,0.0231819645732689,0.1506666666666666,0.4016092450506773,0.250798243842246,0.2755337347881664,4,2,0,3,4,1,0.25,0.5,10,6,0.6787596245606741,0.8434162735939026,0.0125410845406528,0.25,0.0
0001_000167,1,Scene01,167,data/kitti_vkitti/kitti/training/image_02/0001/000167.png,data/kitti_vkitti/vkitti/Scene01/clone/frames/rgb/Camera_0/rgb_00167.jpg,4,4,4,0.0127079978529253,0.0053590982286634,0.0246226516371443,0.1526666666666666,0.4033406544367612,0.293912754242945,0.4369956286119538,3,4,1,3,3,1,0.25,0.5,10,7,0.597615224974496,0.8503856658935547,0.010811298831334,0.25,0.25
0001_000168,1,Scene01,168,data/kitti_vkitti/kitti/training/image_02/0001/000168.png,data/kitti_vkitti/vkitti/Scene01/clone/frames/rgb/Camera_0/rgb_00168.jpg,4,4,4,0.0125115405260332,0.0021771336553945,0.025691894793344,0.1559999999999999,0.4030463704966688,0.3832649535666506,0.2769538677531036,3,2,1,4,5,0,0.25,0.5,10,5,0.6114432990550995,0.8144575357437134,0.015277247344893,0.0,0.25
0001_000169,1,Scene01,169,data/kitti_vkitti/kitti/training/image_02/0001/000169.png,data/kitti_vkitti/vkitti/Scene01/clone/frames/rgb/Camera_0/rgb_00169.jpg,3,3,3,0.0167987117552334,0.0073043478260869,0.027207729468599,0.1422222222222222,0.4011946996726763,0.2239326392900572,0.243592332548492,3,2,0,3,4,0,0.25,0.5,10,5,0.6021940290927887,0.8653125166893005,0.0175166057664456,0.0,0.0
0001_000170,1,Scene01,170,data/kitti_vkitti/kitti/training/image_02/0001/000170.png,data/kitti_vkitti/vkitti/Scene01/clone/frames/rgb/Camera_0/rgb_00170.jpg,3,3,3,0.0170699588477366,0.0074847020933977,0.0270746108427267,0.144,0.3979392125288118,0.180303473709081,0.2350255278151873,3,2,0,3,3,0,0.25,0.5,10,5,0.5645676016807556,0.8325058817863464,0.018934096016961,0.0,0.0
0001_000171,1,Scene01,171,data/kitti_vkitti/kitti/training/image_02/0001/000171.png,data/kitti_vkitti/vkitti/Scene01/clone/frames/rgb/Camera_0/rgb_00171.jpg,3,3,3,0.0172367149758454,0.0077552334943639,0.0266409017713365,0.1466666666666667,0.3945098628608717,0.1552201182880531,0.2219862163637356,3,2,0,3,3,0,0.25,0.5,10,5,0.6175325572490692,0.7785217761993408,0.0210942443929526,0.0,0.0
0001_000172,1,Scene01,172,data/kitti_vkitti/kitti/training/image_02/0001/000172.png,data/kitti_vkitti/vkitti/Scene01/clone/frames/rgb/Camera_0/rgb_00172.jpg,3,4,4,0.0152936124530327,0.0080300590445517,0.0257906602254428,0.1446666666666666,0.3945893298811741,0.3330819238170636,0.1954066857466146,3,1,1,3,3,0,0.25,0.5,10,4,0.673325777053833,0.8568055033683777,0.0179653288474905,0.0,0.25
0001_000173,1,Scene01,173,data/kitti_vkitti/kitti/training/image_02/0001/000173.png,data/kitti_vkitti/vkitti/Scene01/clone/frames/rgb/Camera_0/rgb_00173.jpg,3,4,4,0.0157611379495437,0.0084057971014492,0.0255501878690284,0.1493333333333333,0.394682866555103,0.3603941884734527,0.1777040766403727,3,3,1,3,2,0,0.25,0.5,10,6,0.5640289733807246,0.835157573223114,0.0119439400804359,0.0,0.25
0001_000174,1,Scene01,174,data/kitti_vkitti/kitti/training/image_02/0001/000174.png,data/kitti_vkitti/vkitti/Scene01/clone/frames/rgb/Camera_0/rgb_00174.jpg,3,4,4,0.0160069779924852,0.0087901234567901,0.0248888888888888,0.152,0.3900135181501478,0.4776536161913788,0.1523312892732559,2,1,2,3,5,0,0.25,0.5,10,3,0.7590151031812032,0.8166495561599731,0.0118310744662453,0.0,0.5
0001_000175,1,Scene01,175,data/kitti_vkitti/kitti/training/image_02/0001/000175.png,data/kitti_vkitti/vkitti/Scene01/clone/frames/rgb/Camera_0/rgb_00175.jpg,3,4,4,0.0160654857756307,0.0088888888888888,0.0240472356414385,0.1533333333333333,0.3980342816246198,0.365002041397956,0.1604824470052075,3,1,1,3,1,0,0.25,0.5,10,4,0.6695711687207222,0.8692930340766907,0.0135022614080814,0.0,0.25
0001_000186,1,Scene01,186,data/kitti_vkitti/kitti/training/image_02/0001/000186.png,data/kitti_vkitti/vkitti/Scene01/clone/frames/rgb/Camera_0/rgb_00186.jpg,2,3,3,0.0200221864376453,0.0108105206655931,0.03714653784219,0.1706666666666666,0.3994113226611095,0.2599505073334707,0.1432846376741969,3,0,0,2,4,0,0.25,0.5,10,3,0.7021914819876353,0.8864302039146423,0.0163059054035335,0.0,0.0
0001_000187,1,Scene01,187,data/kitti_vkitti/kitti/training/image_02/0001/000187.png,data/kitti_vkitti/vkitti/Scene01/clone/frames/rgb/Camera_0/rgb_00187.jpg,2,3,3,0.0193923778851315,0.0106967257112184,0.0358260869565217,0.1715555555555555,0.3974815235809836,0.2381057045398785,0.1710875822368808,3,0,0,2,3,0,0.25,0.5,10,3,0.8109709421793619,0.8679995536804199,0.0165438791996782,0.0,0.0
0001_000188,1,Scene01,188,data/kitti_vkitti/kitti/training/image_02/0001/000188.png,data/kitti_vkitti/vkitti/Scene01/clone/frames/rgb/Camera_0/rgb_00188.jpg,2,3,3,0.0186595097512971,0.0106967257112184,0.0336274825550187,0.1724444444444444,0.3948665045835833,0.2299102974681471,0.1506918077033678,3,0,0,2,4,0,0.25,0.5,10,3,0.7498412132263184,0.860364556312561,0.0156016057009519,0.0,0.0
0001_000189,1,Scene01,189,data/kitti_vkitti/kitti/training/image_02/0001/000189.png,data/kitti_vkitti/vkitti/Scene01/clone/frames/rgb/Camera_0/rgb_00189.jpg,2,3,3,0.0178250134192163,0.0105829307568438,0.0313644659151905,0.1733333333333333,0.3924015534716302,0.2137194216698583,0.1362382412283702,3,0,0,2,5,0,0.25,0.5,10,3,0.801972230275472,0.8698756098747253,0.0152532120484292,0.0,0.0
0001_000190,1,Scene01,190,data/kitti_vkitti/kitti/training/image_02/0001/000190.png,data/kitti_vkitti/vkitti/Scene01/clone/frames/rgb/Camera_0/rgb_00190.jpg,2,3,3,0.0169089282519234,0.0104691358024691,0.0288566827697262,0.1742222222222222,0.3898482860240178,0.196933119325927,0.1165048788288587,3,0,0,2,3,0,0.25,0.5,10,3,0.8159443140029907,0.907667338848114,0.0146872395720589,0.0,0.0
0001_000191,1,Scene01,191,data/kitti_vkitti/kitti/training/image_02/0001/000191.png,data/kitti_vkitti/vkitti/Scene01/clone/frames/rgb/Camera_0/rgb_00191.jpg,2,3,3,0.0160687063875469,0.0104691358024691,0.0264626945786366,0.1751111111111111,0.3884483007588435,0.2161135567138172,0.1311510927356103,3,0,0,2,6,0,0.25,0.5,10,3,0.81265260775884,0.871206521987915,0.0138990543959565,0.0,0.0
0001_000192,1,Scene01,192,data/kitti_vkitti/kitti/training/image_02/0001/000192.png,data/kitti_vkitti/vkitti/Scene01/clone/frames/rgb/Camera_0/rgb_00192.jpg,2,3,3,0.0151998568616926,0.0103553408480944,0.0240966183574879,0.1768888888888888,0.3875334617368149,0.2118425292074701,0.1925083858135927,3,1,0,2,3,0,0.25,0.5,10,4,0.6698456779122353,0.8499366641044617,0.0144979009200251,0.0,0.0
0001_000193,1,Scene01,193,data/kitti_vkitti/kitti/training/image_02/0001/000193.png,data/kitti_vkitti/vkitti/Scene01/clone/frames/rgb/Camera_0/rgb_00193.jpg,2,3,3,0.0140153873680443,0.0102415458937198,0.0207836822329575,0.1777777777777777,0.3866787155441887,0.1972449253338343,0.2908997599196858,3,0,0,2,2,0,0.25,0.5,10,3,0.8494901657104492,0.8772721886634827,0.0117002452215872,0.0,0.0
0001_000195,1,Scene01,195,data/kitti_vkitti/kitti/training/image_02/0001/000195.png,data/kitti_vkitti/vkitti/Scene01/clone/frames/rgb/Camera_0/rgb_00195.jpg,2,3,3,0.0114217212381463,0.0101277509393451,0.0136768652710681,0.1795555555555555,0.3869157189016239,0.2970480952970042,0.4036346597507955,3,2,0,1,3,1,0.25,0.5,10,5,0.6100774049758911,0.8536466360092163,0.0108654302880149,0.5,0.0
0001_000196,1,Scene01,196,data/kitti_vkitti/kitti/training/image_02/0001/000196.png,data/kitti_vkitti/vkitti/Scene01/clone/frames/rgb/Camera_0/rgb_00196.jpg,2,3,3,0.0097133655394524,0.0087901234567901,0.0103360171765968,0.1777777777777778,0.3878437687474345,0.3090397856912453,0.4220362167863114,3,1,0,1,4,1,0.25,0.5,10,4,0.6030712947249413,0.8506052494049072,0.0129798356083779,0.5,0.0
0001_000197,1,Scene01,197,data/kitti_vkitti/kitti/training/image_02/0001/000197.png,data/kitti_vkitti/vkitti/Scene01/clone/frames/rgb/Camera_0/rgb_00197.jpg,2,3,3,0.0081603149042762,0.0044830917874396,0.010211486849168,0.176,0.3884088451054066,0.4746034401324694,0.396988790487354,2,1,1,1,2,1,0.25,0.5,10,3,0.7050949533780416,0.8089380860328674,0.0160312399342079,0.5,0.3333333333333333
0001_000198,1,Scene01,198,data/kitti_vkitti/kitti/training/image_02/0001/000198.png,data/kitti_vkitti/vkitti/Scene01/clone/frames/rgb/Camera_0/rgb_00198.jpg,2,2,2,0.0099935587761674,0.0099001610305958,0.0100869565217391,0.148,0.3889934387925862,0.2188520368660378,0.6170685839223009,2,0,0,1,1,1,0.25,0.5,10,2,0.8518229722976685,0.8680484294891357,0.008256552694934,0.5,0.0
0001_000199,1,Scene01,199,data/kitti_vkitti/kitti/training/image_02/0001/000199.png,data/kitti_vkitti/vkitti/Scene01/clone/frames/rgb/Camera_0/rgb_00199.jpg,2,2,2,0.0098174986580783,0.0096725711218464,0.0099624261943102,0.148,0.3897554313620241,0.164985759548625,0.4140647940714788,2,1,0,1,4,1,0.25,0.5,10,3,0.8100239833196005,0.8812775611877441,0.018067373019726,0.5,0.0
0001_000200,1,Scene01,200,data/kitti_vkitti/kitti/training/image_02/0001/000200.png,data/kitti_vkitti/vkitti/Scene01/clone/frames/rgb/Camera_0/rgb_00200.jpg,2,2,2,0.0096983360171765,0.0095587761674718,0.0098378958668813,0.148,0.3907964257522655,0.1711247072869033,0.5958172531876575,2,1,0,1,1,1,0.25,0.5,10,3,0.6610233187675476,0.8657866716384888,0.0063124461392212,0.5,0.0
0001_000201,1,Scene01,201,data/kitti_vkitti/kitti/training/image_02/0001/000201.png,data/kitti_vkitti/vkitti/Scene01/clone/frames/rgb/Camera_0/rgb_00201.jpg,2,2,2,0.0094342458400429,0.0094235104669887,0.0094449812130971,0.1466666666666666,0.3922070958710913,0.1829452568884053,0.4288731133526073,2,0,0,1,2,1,0.25,0.5,10,2,0.8219863772392273,0.8345144987106323,0.0079345135774775,0.5,0.0
0001_000202,1,Scene01,202,data/kitti_vkitti/kitti/training/image_02/0001/000202.png,data/kitti_vkitti/vkitti/Scene01/clone/frames/rgb/Camera_0/rgb_00202.jpg,2,2,2,0.0094546430488459,0.0094449812130971,0.0094643048845947,0.148,0.3942949364823761,0.2029257919465323,0.3838777130943399,2,0,0,1,3,1,0.25,0.5,10,2,0.7610774040222168,0.762349545955658,0.0078584761044404,0.5,0.0
0001_000203,1,Scene01,203,data/kitti_vkitti/kitti/training/image_02/0001/000203.png,data/kitti_vkitti/vkitti/Scene01/clone/frames/rgb/Camera_0/rgb_00203.jpg,2,2,2,0.009105743424584,0.0090563607085346,0.0091551261406333,0.1453333333333333,0.3964159094018713,0.1654385969031935,0.369110948629995,2,1,0,1,2,1,0.25,0.5,10,3,0.6959989766279856,0.8524237275123596,0.0219527806230257,0.5,0.0
0001_000204,1,Scene01,204,data/kitti_vkitti/kitti/training/image_02/0001/000204.png,data/kitti_vkitti/vkitti/Scene01/clone/frames/rgb/Camera_0/rgb_00204.jpg,2,2,2,0.0091368760064412,0.0090563607085346,0.0092173913043478,0.1466666666666666,0.3986383589614052,0.188023873127197,0.3764239232015003,2,1,0,1,2,1,0.25,0.5,10,3,0.7326328953107198,0.8593023419380188,0.0231548019079197,0.5,0.0
0001_000205,1,Scene01,205,data/kitti_vkitti/kitti/training/image_02/0001/000205.png,data/kitti_vkitti/vkitti/Scene01/clone/frames/rgb/Camera_0/rgb_00205.jpg,2,2,2,0.0089575952764358,0.0088115942028985,0.0091035963499731,0.1466666666666666,0.4003725216549314,0.1857170820356373,0.386719306700434,2,2,0,1,2,1,0.25,0.5,10,4,0.6272565871477127,0.8419139385223389,0.0344430594832953,0.5,0.0
0001_000206,1,Scene01,206,data/kitti_vkitti/kitti/training/image_02/0001/000206.png,data/kitti_vkitti/vkitti/Scene01/clone/frames/rgb/Camera_0/rgb_00206.jpg,2,2,2,0.0088234031132581,0.0086570048309178,0.0089898013955984,0.1453333333333333,0.4005872459558166,0.177271780672596,0.4068819636312412,2,2,0,1,3,1,0.25,0.5,10,4,0.6490045264363289,0.8630827069282532,0.0303790356858244,0.5,0.0
0001_000207,1,Scene01,207,data/kitti_vkitti/kitti/training/image_02/0001/000207.png,data/kitti_vkitti/vkitti/Scene01/clone/frames/rgb/Camera_0/rgb_00207.jpg,2,3,3,0.006101270352478,0.0007385936661298,0.0088760064412238,0.136,0.4086126403755275,0.4454457846181531,0.3841329581224171,2,1,1,1,4,1,0.25,0.5,10,3,0.7307311296463013,0.8549688458442688,0.0238798816079179,0.5,0.3333333333333333
0001_000246,1,Scene01,246,data/kitti_vkitti/kitti/training/image_02/0001/000246.png,data/kitti_vkitti/vkitti/Scene01/clone/frames/rgb/Camera_0/rgb_00246.jpg,9,10,10,0.0125977455716586,0.0016811594202898,0.0314567901234567,0.1344,0.5992111142685738,0.3856223825402034,0.4312840935583422,8,2,2,6,6,3,0.25,0.5,10,10,0.5163991272449493,0.806067705154419,0.0087542307001052,0.3333333333333333,0.2
0001_000254,1,Scene01,254,data/kitti_vkitti/kitti/training/image_02/0001/000254.png,data/kitti_vkitti/vkitti/Scene01/clone/frames/rgb/Camera_0/rgb_00254.jpg,9,9,9,0.0179936780580902,0.0023360171765968,0.0798282340311325,0.1573333333333333,0.5723827855135613,0.3908534465727363,0.441981467526489,7,3,2,7,1,2,0.25,0.5,10,10,0.6296486049890518,0.875995397567749,0.0143703213909878,0.2222222222222222,0.2222222222222222
0001_000255,1,Scene01,255,data/kitti_vkitti/kitti/training/image_02/0001/000255.png,data/kitti_vkitti/vkitti/Scene01/clone/frames/rgb/Camera_0/rgb_00255.jpg,9,9,9,0.0210883282638516,0.0023961352657004,0.105691894793344,0.1671111111111111,0.5638701230357951,0.3890347094102689,0.4719934077454035,7,3,2,5,4,4,0.25,0.5,10,10,0.5816921085119248,0.9068186283111572,0.0162832243711956,0.4444444444444444,0.2222222222222222
0001_000256,1,Scene01,256,data/kitti_vkitti/kitti/training/image_02/0001/000256.png,data/kitti_vkitti/vkitti/Scene01/clone/frames/rgb/Camera_0/rgb_00256.jpg,9,9,9,0.024854774258961,0.0024734299516908,0.1363607085346215,0.1765925925925926,0.5542534853125362,0.4194925112994641,0.5709937063266057,7,2,2,4,3,5,0.25,0.5,10,9,0.6921874218516879,0.9032377004623412,0.0206362118399071,0.5555555555555556,0.2222222222222222
0001_000257,1,Scene01,257,data/kitti_vkitti/kitti/training/image_02/0001/000257.png,data/kitti_vkitti/vkitti/Scene01/clone/frames/rgb/Camera_0/rgb_00257.jpg,9,9,9,0.0259361841712888,0.0026215780998389,0.143085346215781,0.1822222222222222,0.5501216970309326,0.3865719540868892,0.4221606422710138,7,3,2,6,3,3,0.25,0.5,10,10,0.5863222628831863,0.913356363773346,0.0211333404349594,0.3333333333333333,0.2222222222222222
0001_000258,1,Scene01,258,data/kitti_vkitti/kitti/training/image_02/0001/000258.png,data/kitti_vkitti/vkitti/Scene01/clone/frames/rgb/Camera_0/rgb_00258.jpg,9,9,9,0.0250379912924196,0.0027740203972088,0.13143961352657,0.1878518518518518,0.5374058623556777,0.3962124498482119,0.4427739169533248,6,3,3,5,4,4,0.25,0.5,10,9,0.5916198823187087,0.8919470906257629,0.0220500345243718,0.4444444444444444,0.3333333333333333
0001_000259,1,Scene01,259,data/kitti_vkitti/kitti/training/image_02/0001/000259.png,data/kitti_vkitti/vkitti/Scene01/clone/frames/rgb/Camera_0/rgb_00259.jpg,9,8,8,0.0275032206119162,0.0029307568438003,0.1165088566827697,0.186,0.5258469977792513,0.3813729068157119,0.4327861145561535,6,3,2,6,2,3,0.25,0.5,10,9,0.6048602263132731,0.8805111646652222,0.0213099251357421,0.3333333333333333,0.25
0001_000260,1,Scene01,260,data/kitti_vkitti/kitti/training/image_02/0001/000260.png,data/kitti_vkitti/vkitti/Scene01/clone/frames/rgb/Camera_0/rgb_00260.jpg,8,9,9,0.0250258245362915,0.001610305958132,0.099549114331723,0.1798518518518518,0.5083793838737857,0.3963184335043981,0.3955416757249159,6,3,3,6,1,2,0.25,0.5,10,9,0.6427664558092753,0.9142866134643556,0.0207396088518122,0.25,0.3333333333333333
0001_000263,1,Scene01,263,data/kitti_vkitti/kitti/training/image_02/0001/000263.png,data/kitti_vkitti/vkitti/Scene01/clone/frames/rgb/Camera_0/rgb_00263.jpg,7,8,8,0.027923778851315,0.0016747181964573,0.153719806763285,0.174,0.4744160314904276,0.3849539659254344,0.351947655650493,6,3,2,5,2,2,0.25,0.5,10,9,0.6266603403621249,0.8904715776443481,0.0224639755985585,0.2857142857142857,0.25
0001_000264,1,Scene01,264,data/kitti_vkitti/kitti/training/image_02/0001/000264.png,data/kitti_vkitti/vkitti/Scene01/clone/frames/rgb/Camera_0/rgb_00264.jpg,7,8,8,0.0273964036500268,0.0016747181964573,0.1422351046698872,0.1783333333333333,0.4623798090787576,0.3076649388315646,0.3618861452616591,7,4,1,5,4,2,0.25,0.5,10,11,0.6309612935239618,0.9024910926818848,0.019656450494939,0.2857142857142857,0.125
0001_000315,1,Scene01,315,data/kitti_vkitti/kitti/training/image_02/0001/000315.png,data/kitti_vkitti/vkitti/Scene01/clone/frames/rgb/Camera_0/rgb_00315.jpg,11,11,11,0.0349869711608842,0.0031604938271604,0.1298550724637681,0.230060606060606,0.3612672455348215,0.3736244241525001,0.2989577317282635,9,0,2,9,6,2,0.25,0.5,10,9,0.7186921205785539,0.9107258915901184,0.0355728361173678,0.1818181818181818,0.1818181818181818
0001_000316,1,Scene01,316,data/kitti_vkitti/kitti/training/image_02/0001/000316.png,data/kitti_vkitti/vkitti/Scene01/clone/frames/rgb/Camera_0/rgb_00316.jpg,11,11,11,0.0349533987215146,0.0032979066022544,0.1109694041867954,0.2407272727272727,0.3551325818572195,0.3495442886300277,0.3176627796111109,9,2,2,9,5,2,0.25,0.5,10,11,0.6521172577684576,0.905860424041748,0.0292236053210297,0.1818181818181818,0.1818181818181818
0001_000317,1,Scene01,317,data/kitti_vkitti/kitti/training/image_02/0001/000317.png,data/kitti_vkitti/vkitti/Scene01/clone/frames/rgb/Camera_0/rgb_00317.jpg,10,10,10,0.0394973698336017,0.0034718196457326,0.1193880837359098,0.2397333333333333,0.3525760559081389,0.3018144921228742,0.2949644483171151,9,1,1,9,3,1,0.25,0.5,10,10,0.6580679744482041,0.906124711036682,0.0317131373154375,0.1,0.1
0001_000318,1,Scene01,318,data/kitti_vkitti/kitti/training/image_02/0001/000318.png,data/kitti_vkitti/vkitti/Scene01/clone/frames/rgb/Camera_0/rgb_00318.jpg,10,10,10,0.0406874932903918,0.0037230273752012,0.1390617283950617,0.2530666666666666,0.3441183417006094,0.3368323885272456,0.3344580077527515,8,4,2,9,5,1,0.25,0.5,10,12,0.5600440129637718,0.9113360047340392,0.0280072929911605,0.1,0.2
0001_000319,1,Scene01,319,data/kitti_vkitti/kitti/training/image_02/0001/000319.png,data/kitti_vkitti/vkitti/Scene01/clone/frames/rgb/Camera_0/rgb_00319.jpg,10,9,9,0.0432263374485596,0.0040579710144927,0.1608695652173913,0.2405925925925925,0.3403783229663309,0.3440859870451395,0.3898343422450565,7,1,2,7,3,3,0.25,0.5,10,8,0.7240617237985134,0.9254729151725768,0.0415892884942337,0.3,0.2222222222222222
0001_000320,1,Scene01,320,data/kitti_vkitti/kitti/training/image_02/0001/000320.png,data/kitti_vkitti/vkitti/Scene01/clone/frames/rgb/Camera_0/rgb_00320.jpg,9,10,10,0.0388798711755233,0.0018786902844873,0.1497283950617284,0.2314666666666667,0.3355984633681707,0.3717766288124881,0.3048630920449514,8,0,2,8,2,1,0.25,0.5,10,8,0.7007861398160458,0.9401423335075378,0.0412099789434854,0.1111111111111111,0.2
0001_000321,1,Scene01,321,data/kitti_vkitti/kitti/training/image_02/0001/000321.png,data/kitti_vkitti/vkitti/Scene01/clone/frames/rgb/Camera_0/rgb_00321.jpg,9,10,10,0.0393159420289855,0.0020654857756307,0.1343768115942029,0.2434666666666666,0.3331933609085072,0.4040012573332532,0.2498543373973553,7,1,3,8,4,1,0.25,0.5,10,8,0.7297054342925549,0.9232604503631592,0.0400096544213429,0.1111111111111111,0.3
0001_000322,1,Scene01,322,data/kitti_vkitti/kitti/training/image_02/0001/000322.png,data/kitti_vkitti/vkitti/Scene01/clone/frames/rgb/Camera_0/rgb_00322.jpg,9,10,10,0.0401691894793344,0.0021213097155126,0.1228405797101449,0.2549333333333333,0.340268881100481,0.4819858392861109,0.2984486060933018,6,2,4,6,6,3,0.25,0.5,10,8,0.7105721607804298,0.8965751528739929,0.0398254693875442,0.3333333333333333,0.4
0001_000323,1,Scene01,323,data/kitti_vkitti/kitti/training/image_02/0001/000323.png,data/kitti_vkitti/vkitti/Scene01/clone/frames/rgb/Camera_0/rgb_00323.jpg,8,9,9,0.0433014850599391,0.0023188405797101,0.1204723564143854,0.2521481481481482,0.3446525591234883,0.4135085661722483,0.2972257209223747,6,1,3,7,4,1,0.25,0.5,10,7,0.7520626017025539,0.916074812412262,0.0427651299358761,0.125,0.3333333333333333
0001_000324,1,Scene01,324,data/kitti_vkitti/kitti/training/image_02/0001/000324.png,data/kitti_vkitti/vkitti/Scene01/clone/frames/rgb/Camera_0/rgb_00324.jpg,8,9,9,0.0417384147432456,0.0023768115942028,0.1545507246376811,0.2565925925925925,0.3405800806205466,0.4570887880735552,0.3128535606338141,6,1,3,7,4,1,0.25,0.5,10,7,0.7416586194719587,0.9201990365982056,0.0397414641713942,0.125,0.3333333333333333
0001_000325,1,Scene01,325,data/kitti_vkitti/kitti/training/image_02/0001/000325.png,data/kitti_vkitti/vkitti/Scene01/clone/frames/rgb/Camera_0/rgb_00325.jpg,7,8,8,0.0404044551798175,0.0024648416532474,0.1493505099302201,0.2386666666666666,0.3427574163535516,0.4165829538006931,0.1959881422647184,5,1,3,7,3,0,0.25,0.5,10,6,0.8065470059712728,0.876433789730072,0.0449790996759411,0.0,0.375
0001_000326,1,Scene01,326,data/kitti_vkitti/kitti/training/image_02/0001/000326.png,data/kitti_vkitti/vkitti/Scene01/clone/frames/rgb/Camera_0/rgb_00326.jpg,7,8,8,0.037980407944176,0.0025850778314546,0.1343768115942029,0.244,0.3516027069979898,0.4160776664267517,0.2166798436878083,6,0,2,7,3,0,0.25,0.5,10,6,0.8125398059686025,0.8798943161964417,0.0402646512435254,0.0,0.25
0001_000327,1,Scene01,327,data/kitti_vkitti/kitti/training/image_02/0001/000327.png,data/kitti_vkitti/vkitti/Scene01/clone/frames/rgb/Camera_0/rgb_00327.jpg,7,8,8,0.0349366612989801,0.0027396672034353,0.1126999463231347,0.2526666666666666,0.3615188826792123,0.376653278613362,0.2637898439501428,6,1,2,6,6,1,0.25,0.5,10,7,0.7551054741655078,0.8996403217315674,0.0303926307096409,0.1428571428571428,0.25
0001_000328,1,Scene01,328,data/kitti_vkitti/kitti/training/image_02/0001/000328.png,data/kitti_vkitti/vkitti/Scene01/clone/frames/rgb/Camera_0/rgb_00328.jpg,6,7,7,0.0352558852848708,0.0029629629629629,0.0974235104669887,0.2430476190476191,0.3728734215317903,0.3930795371383562,0.233994293422596,5,2,2,6,2,0,0.25,0.5,10,7,0.6893280914851597,0.933734893798828,0.0246236409849446,0.0,0.2857142857142857
0001_000329,1,Scene01,329,data/kitti_vkitti/kitti/training/image_02/0001/000329.png,data/kitti_vkitti/vkitti/Scene01/clone/frames/rgb/Camera_0/rgb_00329.jpg,6,7,7,0.0359947856759451,0.0031948470209339,0.1374771873322598,0.2575238095238095,0.3825601380863671,0.4733645024884116,0.3070993001366421,4,1,3,5,5,1,0.25,0.5,10,5,0.7585607290267944,0.8982461094856262,0.0342140821881642,0.1666666666666666,0.4285714285714285
0001_000330,1,Scene01,330,data/kitti_vkitti/kitti/training/image_02/0001/000330.png,data/kitti_vkitti/vkitti/Scene01/clone/frames/rgb/Camera_0/rgb_00330.jpg,5,6,6,0.0406734657362676,0.0033666129898013,0.156231884057971,0.2333333333333333,0.3992780019576268,0.3606451151534405,0.1948238072930879,5,0,1,5,3,0,0.25,0.5,10,5,0.7182442843914032,0.9047346115112304,0.0410200311856795,0.0,0.1666666666666666
0001_000331,1,Scene01,331,data/kitti_vkitti/kitti/training/image_02/0001/000331.png,data/kitti_vkitti/vkitti/Scene01/clone/frames/rgb/Camera_0/rgb_00331.jpg,5,6,6,0.0413429951690821,0.0036135265700483,0.1441030595813204,0.244,0.3935469883068633,0.3811577502113095,0.2059022207672199,5,1,1,5,3,0,0.25,0.5,10,6,0.6762945900360743,0.8921492099761963,0.0342746432451692,0.0,0.1666666666666666
0001_000332,1,Scene01,332,data/kitti_vkitti/kitti/training/image_02/0001/000332.png,data/kitti_vkitti/vkitti/Scene01/clone/frames/rgb/Camera_0/rgb_00332.jpg,5,6,6,0.0422680264805868,0.0038260869565217,0.1261964573268921,0.2564444444444445,0.3787721595992127,0.3677864280873976,0.2172468596043797,5,0,1,5,5,0,0.25,0.5,10,5,0.8091080546379089,0.8894263505935669,0.0401609897584848,0.0,0.1666666666666666
0001_000333,1,Scene01,333,data/kitti_vkitti/kitti/training/image_02/0001/000333.png,data/kitti_vkitti/vkitti/Scene01/clone/frames/rgb/Camera_0/rgb_00333.jpg,5,6,6,0.0432735730899982,0.0040880300590445,0.1035534084809447,0.2693333333333333,0.3800153663182932,0.3738044185962157,0.2075762843245899,5,0,1,5,2,0,0.25,0.5,10,5,0.810357391834259,0.9161924719810486,0.0400635487912787,0.0,0.1666666666666666
0001_000334,1,Scene01,334,data/kitti_vkitti/kitti/training/image_02/0001/000334.png,data/kitti_vkitti/vkitti/Scene01/clone/frames/rgb/Camera_0/rgb_00334.jpg,5,6,6,0.0452374306673823,0.0045603864734299,0.1119806763285024,0.2866666666666667,0.3853228589771926,0.4415269221600933,0.2397765418980224,4,1,2,5,3,0,0.25,0.5,10,5,0.7469125986099243,0.9005684852600098,0.0366354565790667,0.0,0.3333333333333333
0001_000335,1,Scene01,335,data/kitti_vkitti/kitti/training/image_02/0001/000335.png,data/kitti_vkitti/vkitti/Scene01/clone/frames/rgb/Camera_0/rgb_00335.jpg,5,5,5,0.050099409554482,0.0049253891572732,0.1481545893719806,0.2704,0.3855410438571564,0.3797681938364967,0.3259149914004215,4,1,1,4,5,1,0.25,0.5,10,5,0.810916805267334,0.9154406189918518,0.0426274574740443,0.2,0.2
0001_000336,1,Scene01,336,data/kitti_vkitti/kitti/training/image_02/0001/000336.png,data/kitti_vkitti/vkitti/Scene01/clone/frames/rgb/Camera_0/rgb_00336.jpg,4,5,5,0.0584880300590445,0.0053032742887815,0.1677294685990338,0.2848,0.3954781261511583,0.367721224681972,0.1805094699665258,4,1,1,4,6,0,0.25,0.5,10,5,0.8190294623374939,0.9231750965118408,0.0515259826730893,0.0,0.2
0001_000337,1,Scene01,337,data/kitti_vkitti/kitti/training/image_02/0001/000337.png,data/kitti_vkitti/vkitti/Scene01/clone/frames/rgb/Camera_0/rgb_00337.jpg,4,5,5,0.0620431561996779,0.0058400429414922,0.1567729468599034,0.3002666666666666,0.3927576310610127,0.3644613077525619,0.1785620751365418,4,1,1,4,4,0,0.25,0.5,10,5,0.8267038583755493,0.9301114082336426,0.0531734352389146,0.0,0.2
0001_000338,1,Scene01,338,data/kitti_vkitti/kitti/training/image_02/0001/000338.png,data/kitti_vkitti/vkitti/Scene01/clone/frames/rgb/Camera_0/rgb_00338.jpg,5,6,6,0.0573927357308999,0.0030059044551798,0.1430123456790123,0.2791111111111111,0.382962634586846,0.3622259803873814,0.1943750952436932,5,0,1,5,1,0,0.25,0.5,10,5,0.7577809035778046,0.8922097682952881,0.0572956142577416,0.0,0.1666666666666666
0001_000339,1,Scene01,339,data/kitti_vkitti/kitti/training/image_02/0001/000339.png,data/kitti_vkitti/vkitti/Scene01/clone/frames/rgb/Camera_0/rgb_00339.jpg,5,6,6,0.0588967614957953,0.003126140633387,0.1286333870101986,0.2982222222222222,0.3843098186563943,0.3398404508201643,0.2047017399228449,5,1,1,5,2,0,0.25,0.5,10,6,0.7385468681653341,0.915881097316742,0.0483089773117801,0.0,0.1666666666666666
0001_000340,1,Scene01,340,data/kitti_vkitti/kitti/training/image_02/0001/000340.png,data/kitti_vkitti/vkitti/Scene01/clone/frames/rgb/Camera_0/rgb_00340.jpg,5,6,6,0.0586094113437108,0.0032463768115942,0.1076478797638218,0.3124444444444444,0.3883703493206193,0.3376699767337475,0.1786827828927387,5,3,1,5,2,0,0.25,0.5,10,8,0.6217978559434414,0.9153667688369752,0.0354940265904541,0.0,0.1666666666666666
0001_000342,1,Scene01,342,data/kitti_vkitti/kitti/training/image_02/0001/000342.png,data/kitti_vkitti/vkitti/Scene01/clone/frames/rgb/Camera_0/rgb_00342.jpg,5,6,6,0.0508344963320808,0.0035426731078904,0.1663768115942029,0.2644444444444444,0.3992087651163525,0.4707500450053482,0.2335494937841803,4,1,2,5,4,0,0.25,0.5,10,5,0.724673455953598,0.9208560585975648,0.0471276333636742,0.0,0.3333333333333333
0001_000343,1,Scene01,343,data/kitti_vkitti/kitti/training/image_02/0001/000343.png,data/kitti_vkitti/vkitti/Scene01/clone/frames/rgb/Camera_0/rgb_00343.jpg,4,5,5,0.0555216317767042,0.0036607622114868,0.1618636607622114,0.2442666666666666,0.4042876827381516,0.3361527979321421,0.15208700999433,4,1,1,4,5,0,0.25,0.5,10,5,0.6512650907039642,0.8955146670341492,0.0456827636780804,0.0,0.2
0001_000344,1,Scene01,344,data/kitti_vkitti/kitti/training/image_02/0001/000344.png,data/kitti_vkitti/vkitti/Scene01/clone/frames/rgb/Camera_0/rgb_00344.jpg,4,5,5,0.0515078904991948,0.0038969404186795,0.147358024691358,0.2490666666666667,0.3965951438224243,0.3623645463879894,0.1220081499220133,4,4,1,4,2,0,0.25,0.5,10,8,0.5947418622672558,0.9132628440856934,0.0270648213373674,0.0,0.2
0001_000345,1,Scene01,345,data/kitti_vkitti/kitti/training/image_02/0001/000345.png,data/kitti_vkitti/vkitti/Scene01/clone/frames/rgb/Camera_0/rgb_00345.jpg,5,5,5,0.0451886205045625,0.0040579710144927,0.1301878690284487,0.248,0.3912076368496943,0.2563286523510528,0.2225893338282574,4,3,1,5,3,0,0.25,0.5,10,7,0.6958244400365012,0.9338091015815736,0.0262327609096141,0.0,0.2
0001_000346,1,Scene01,346,data/kitti_vkitti/kitti/training/image_02/0001/000346.png,data/kitti_vkitti/vkitti/Scene01/clone/frames/rgb/Camera_0/rgb_00346.jpg,4,5,5,0.0367570585077831,0.0040966183574879,0.1050993022007514,0.2464,0.3984352625430204,0.2874186431368709,0.4077998447345713,5,2,0,3,3,1,0.25,0.5,10,7,0.6465722663061959,0.8847998976707458,0.0190847938683244,0.25,0.0
0001_000358,1,Scene01,358,data/kitti_vkitti/kitti/training/image_02/0001/000358.png,data/kitti_vkitti/vkitti/Scene01/clone/frames/rgb/Camera_0/rgb_00358.jpg,5,5,5,0.0132903918411164,0.0051100375738056,0.0356199677938808,0.136,0.3537729447549282,0.195616472256014,0.3976482378322927,5,2,0,4,5,1,0.25,0.5,10,7,0.5184357804911477,0.8364241123199463,0.0081673206910903,0.2,0.0
0001_000359,1,Scene01,359,data/kitti_vkitti/kitti/training/image_02/0001/000359.png,data/kitti_vkitti/vkitti/Scene01/clone/frames/rgb/Camera_0/rgb_00359.jpg,5,5,5,0.0167583467525496,0.0051701556629092,0.0511175523349436,0.1493333333333333,0.3501982255059833,0.2596178645643006,0.3448652558309468,4,4,1,4,3,1,0.25,0.5,10,8,0.5241161249577999,0.8634236454963684,0.0120156258745928,0.2,0.2
0001_000360,1,Scene01,360,data/kitti_vkitti/kitti/training/image_02/0001/000360.png,data/kitti_vkitti/vkitti/Scene01/clone/frames/rgb/Camera_0/rgb_00360.jpg,5,5,5,0.022631884057971,0.0054793344068706,0.0784584004294149,0.1679999999999999,0.3502890341321714,0.1686193711786028,0.3817558613017071,5,1,0,4,1,1,0.25,0.5,10,6,0.60967684785525,0.854174792766571,0.0155330445448591,0.2,0.0
0001_000361,1,Scene01,361,data/kitti_vkitti/kitti/training/image_02/0001/000361.png,data/kitti_vkitti/vkitti/Scene01/clone/frames/rgb/Camera_0/rgb_00361.jpg,5,5,5,0.029755448201825,0.0057971014492753,0.1119914117015566,0.1781333333333333,0.3514866218306969,0.2603541301194554,0.3895624722317438,4,3,1,3,2,2,0.25,0.5,10,7,0.5494506869997297,0.8953907489776611,0.0174585965466556,0.4,0.2
0001_000362,1,Scene01,362,data/kitti_vkitti/kitti/training/image_02/0001/000362.png,data/kitti_vkitti/vkitti/Scene01/clone/frames/rgb/Camera_0/rgb_00362.jpg,5,5,5,0.0307860440150295,0.0060568974771873,0.1150016103059581,0.1797333333333333,0.3485898729647522,0.1577554239214306,0.3385367103050657,5,3,0,4,1,1,0.25,0.5,10,8,0.4862458445131778,0.9174039959907532,0.018067966951816,0.2,0.0
0001_000363,1,Scene01,363,data/kitti_vkitti/kitti/training/image_02/0001/000363.png,data/kitti_vkitti/vkitti/Scene01/clone/frames/rgb/Camera_0/rgb_00363.jpg,5,5,5,0.0268032206119162,0.0063209876543209,0.0926849168008588,0.1818666666666666,0.3444309978634503,0.1395796934755486,0.321198221155894,5,1,0,4,1,1,0.25,0.5,10,6,0.6103919843832651,0.8421273827552795,0.0202688406748227,0.2,0.0
0001_000364,1,Scene01,364,data/kitti_vkitti/kitti/training/image_02/0001/000364.png,data/kitti_vkitti/vkitti/Scene01/clone/frames/rgb/Camera_0/rgb_00364.jpg,5,5,5,0.0209464304884594,0.0064584004294149,0.0591476113794954,0.1813333333333333,0.3514612779303884,0.1676190619237104,0.3164731978792655,5,3,0,4,3,1,0.25,0.5,10,8,0.5497394800186157,0.8446215391159058,0.011380823565359,0.2,0.0
0001_000365,1,Scene01,365,data/kitti_vkitti/kitti/training/image_02/0001/000365.png,data/kitti_vkitti/vkitti/Scene01/clone/frames/rgb/Camera_0/rgb_00365.jpg,4,4,4,0.0128717122920021,0.0065958132045088,0.0231626409017713,0.1406666666666666,0.3637138917832296,0.1642240887593787,0.3405982680643082,4,1,0,3,5,1,0.25,0.5,10,5,0.6325507521629333,0.8324428200721741,0.0094747169263586,0.25,0.0
0001_000366,1,Scene01,366,data/kitti_vkitti/kitti/training/image_02/0001/000366.png,data/kitti_vkitti/vkitti/Scene01/clone/frames/rgb/Camera_0/rgb_00366.jpg,4,4,4,0.0154197530864197,0.0071540526033279,0.0316349973161567,0.1526666666666666,0.3678665950975129,0.170945552274239,0.38624455540304,4,2,0,3,2,1,0.25,0.5,10,6,0.5546997388203939,0.7466886639595032,0.0100400809986366,0.25,0.0
0001_000367,1,Scene01,367,data/kitti_vkitti/kitti/training/image_02/0001/000367.png,data/kitti_vkitti/vkitti/Scene01/clone/frames/rgb/Camera_0/rgb_00367.jpg,4,4,4,0.0188507783145464,0.0073000536768652,0.0450542136339237,0.1633333333333333,0.3681792765200551,0.2144039472310958,0.4382573212939653,4,2,0,3,4,1,0.25,0.5,10,6,0.5321714381376902,0.8569654226303101,0.0119649474962138,0.25,0.0
0001_000368,1,Scene01,368,data/kitti_vkitti/kitti/training/image_02/0001/000368.png,data/kitti_vkitti/vkitti/Scene01/clone/frames/rgb/Camera_0/rgb_00368.jpg,4,4,4,0.0248674181427804,0.007589908749329,0.0678539989264627,0.1793333333333333,0.3666866555102985,0.3423165317929205,0.2361423401211237,3,4,1,4,4,0,0.25,0.5,10,7,0.4952917524746486,0.8322373628616333,0.0130042188324767,0.0,0.25
0001_000369,1,Scene01,369,data/kitti_vkitti/kitti/training/image_02/0001/000369.png,data/kitti_vkitti/vkitti/Scene01/clone/frames/rgb/Camera_0/rgb_00369.jpg,4,4,4,0.0348416532474503,0.0079613526570048,0.1065807836822329,0.1993333333333333,0.3629057749992106,0.1680556370652155,0.1956914546868409,4,4,0,4,3,0,0.25,0.5,10,8,0.5340098924934864,0.8826317191123962,0.0166556593477902,0.0,0.0
0001_000370,1,Scene01,370,data/kitti_vkitti/kitti/training/image_02/0001/000370.png,data/kitti_vkitti/vkitti/Scene01/clone/frames/rgb/Camera_0/rgb_00370.jpg,4,4,4,0.0398770799785292,0.0081932367149758,0.1251379495437466,0.1993333333333333,0.3613976866323556,0.1242065949031789,0.1087351329426707,4,2,0,4,1,0,0.25,0.5,10,6,0.5936338901519775,0.9225701093673706,0.0252074199462986,0.0,0.0
0001_000371,1,Scene01,371,data/kitti_vkitti/kitti/training/image_02/0001/000371.png,data/kitti_vkitti/vkitti/Scene01/clone/frames/rgb/Camera_0/rgb_00371.jpg,4,4,4,0.0366693505099302,0.0085002683843263,0.1112914653784219,0.1986666666666666,0.3695014029659099,0.1151761927081606,0.1229364021942901,4,2,0,4,2,0,0.25,0.5,10,6,0.6152361283699671,0.9239615201950072,0.0232038949959401,0.0,0.0
0001_000372,1,Scene01,372,data/kitti_vkitti/kitti/training/image_02/0001/000372.png,data/kitti_vkitti/vkitti/Scene01/clone/frames/rgb/Camera_0/rgb_00372.jpg,4,4,4,0.0322716049382716,0.0086591519055287,0.0926999463231347,0.196,0.3835163356593308,0.1561037045413236,0.2152624104527184,4,1,0,3,3,1,0.25,0.5,10,5,0.7036202132701874,0.896125853061676,0.0234870368024631,0.25,0.0
0001_000373,1,Scene01,373,data/kitti_vkitti/kitti/training/image_02/0001/000373.png,data/kitti_vkitti/vkitti/Scene01/clone/frames/rgb/Camera_0/rgb_00373.jpg,4,4,4,0.0260676328502415,0.0090563607085346,0.0664133118625872,0.192,0.4029746750444676,0.2090671358948497,0.3889367754970558,3,1,1,3,3,1,0.25,0.5,10,4,0.7617909163236618,0.8613160848617554,0.0214081369559864,0.25,0.25
0001_000374,1,Scene01,374,data/kitti_vkitti/kitti/training/image_02/0001/000374.png,data/kitti_vkitti/vkitti/Scene01/clone/frames/rgb/Camera_0/rgb_00374.jpg,4,4,4,0.0168046162104133,0.009378421900161,0.0279849704777241,0.1846666666666666,0.4203410059676044,0.4782338404737654,0.5447351440422012,2,2,2,2,3,2,0.25,0.5,10,4,0.6132022440433502,0.8730643391609192,0.0119536965983131,0.5,0.5
0001_000376,1,Scene01,376,data/kitti_vkitti/kitti/training/image_02/0001/000376.png,data/kitti_vkitti/vkitti/Scene01/clone/frames/rgb/Camera_0/rgb_00376.jpg,3,3,3,0.0138200035784576,0.0097133655394524,0.0194353193773483,0.1315555555555555,0.4259811352130761,0.3816988953330776,0.4617050110054864,2,0,1,2,2,1,0.25,0.5,10,2,0.6750431656837463,0.784955620765686,0.0144148793886993,0.3333333333333333,0.3333333333333333
0001_000377,1,Scene01,377,data/kitti_vkitti/kitti/training/image_02/0001/000377.png,data/kitti_vkitti/vkitti/Scene01/clone/frames/rgb/Camera_0/rgb_00377.jpg,3,3,3,0.0145471461799964,0.0103875469672571,0.0204745034889962,0.136,0.4281460852725416,0.2423585395645973,0.2543661474771134,3,0,0,3,1,0,0.25,0.5,10,3,0.5856839021046957,0.7339187860488892,0.0124192536687893,0.0,0.0
0001_000378,1,Scene01,378,data/kitti_vkitti/kitti/training/image_02/0001/000378.png,data/kitti_vkitti/vkitti/Scene01/clone/frames/rgb/Camera_0/rgb_00378.jpg,3,3,3,0.0151075326534263,0.0104755770263016,0.0212130971551261,0.1386666666666667,0.4301977792512603,0.1817236346731806,0.2534745774022319,3,0,0,2,2,1,0.25,0.5,10,3,0.6356003483136495,0.7488110065460205,0.0135171047018767,0.3333333333333333,0.0
0001_000379,1,Scene01,379,data/kitti_vkitti/kitti/training/image_02/0001/000379.png,data/kitti_vkitti/vkitti/Scene01/clone/frames/rgb/Camera_0/rgb_00379.jpg,3,3,3,0.0157037037037037,0.0109114331723027,0.021964573268921,0.1413333333333333,0.4314140170292486,0.4422757152362893,0.3915053245020072,2,0,1,2,0,1,0.25,0.5,10,2,0.7100902199745178,0.7332491874694824,0.0153475852113125,0.3333333333333333,0.3333333333333333
0001_000380,1,Scene01,380,data/kitti_vkitti/kitti/training/image_02/0001/000380.png,data/kitti_vkitti/vkitti/Scene01/clone/frames/rgb/Camera_0/rgb_00380.jpg,3,3,3,0.0165195920558239,0.0113558776167471,0.0230681696188942,0.1457777777777777,0.4311843137254902,0.4170105720706134,0.4178554034865577,2,0,1,2,0,1,0.25,0.5,10,2,0.859892725944519,0.8961584568023682,0.0173924331349199,0.3333333333333333,0.3333333333333333
0001_000381,1,Scene01,381,data/kitti_vkitti/kitti/training/image_02/0001/000381.png,data/kitti_vkitti/vkitti/Scene01/clone/frames/rgb/Camera_0/rgb_00381.jpg,3,3,3,0.0170993022007514,0.0113558776167471,0.024,0.1484444444444444,0.4302475661225306,0.4375189626992359,0.338343879220992,2,0,1,2,1,1,0.25,0.5,10,2,0.8635689914226532,0.8649882674217224,0.0179227520181825,0.3333333333333333,0.3333333333333333
0001_000382,1,Scene01,382,data/kitti_vkitti/kitti/training/image_02/0001/000382.png,data/kitti_vkitti/vkitti/Scene01/clone/frames/rgb/Camera_0/rgb_00382.jpg,3,3,3,0.0179552692789407,0.0121739130434782,0.0250993022007514,0.152,0.4296370223022113,0.1736810188120605,0.2017899613923283,3,0,0,3,1,0,0.25,0.5,10,3,0.7945137222607931,0.855101466178894,0.0152679653602555,0.0,0.0
0001_000383,1,Scene01,383,data/kitti_vkitti/kitti/training/image_02/0001/000383.png,data/kitti_vkitti/vkitti/Scene01/clone/frames/rgb/Camera_0/rgb_00383.jpg,3,3,3,0.0188162461978887,0.0126419753086419,0.0263725174449812,0.1555555555555555,0.4290535316219885,0.1350952129297633,0.1693265904810957,3,0,0,3,2,0,0.25,0.5,10,3,0.851148267587026,0.8703314661979675,0.0165252789215525,0.0,0.0
0001_000384,1,Scene01,384,data/kitti_vkitti/kitti/training/image_02/0001/000384.png,data/kitti_vkitti/vkitti/Scene01/clone/frames/rgb/Camera_0/rgb_00384.jpg,3,3,3,0.0195927715154768,0.0128395061728395,0.0275169082125603,0.1582222222222222,0.4272825150242598,0.1253534376170323,0.1131576303493009,3,0,0,3,2,0,0.25,0.5,10,3,0.8546937704086304,0.8718372583389282,0.0173030580398455,0.0,0.0
0001_000385,1,Scene01,385,data/kitti_vkitti/kitti/training/image_02/0001/000385.png,data/kitti_vkitti/vkitti/Scene01/clone/frames/rgb/Camera_0/rgb_00385.jpg,3,3,3,0.0204873859366612,0.0133204508856682,0.0288395061728395,0.1617777777777777,0.4245739593529306,0.1773469283598928,0.1071542446315622,3,0,0,3,1,0,0.25,0.5,10,3,0.8417499860127767,0.8500646352767944,0.0170017352825492,0.0,0.0
0001_000386,1,Scene01,386,data/kitti_vkitti/kitti/training/image_02/0001/000386.png,data/kitti_vkitti/vkitti/Scene01/clone/frames/rgb/Camera_0/rgb_00386.jpg,3,3,3,0.0211508319914117,0.0138099838969404,0.0296231884057971,0.1635555555555555,0.4229318682706576,0.1807573791593576,0.15689059525417,3,0,0,3,2,0,0.25,0.5,10,3,0.8427713910738627,0.8805238604545593,0.0176220648232444,0.0,0.0
0001_000387,1,Scene01,387,data/kitti_vkitti/kitti/training/image_02/0001/000387.png,data/kitti_vkitti/vkitti/Scene01/clone/frames/rgb/Camera_0/rgb_00387.jpg,3,3,3,0.0218715333691179,0.0138099838969404,0.0304068706387546,0.1662222222222222,0.4204993506151789,0.1539192536221909,0.1303771318880032,3,0,0,3,0,0,0.25,0.5,10,3,0.817296306292216,0.8725494146347046,0.0185871917276082,0.0,0.0
0001_000388,1,Scene01,388,data/kitti_vkitti/kitti/training/image_02/0001/000388.png,data/kitti_vkitti/vkitti/Scene01/clone/frames/rgb/Camera_0/rgb_00388.jpg,3,3,3,0.0228870996600465,0.0144133118625872,0.0316178207192699,0.1697777777777777,0.4185273257343732,0.1713135707801236,0.1804925546889864,3,0,0,3,2,0,0.25,0.5,10,3,0.8295762737592062,0.8761994242668152,0.0193173505924332,0.0,0.0
0001_000389,1,Scene01,389,data/kitti_vkitti/kitti/training/image_02/0001/000389.png,data/kitti_vkitti/vkitti/Scene01/clone/frames/rgb/Camera_0/rgb_00389.jpg,3,3,3,0.0236063696546788,0.0145185185185185,0.0322533548040794,0.1715555555555555,0.4183772578489259,0.156914495619421,0.1533106285105643,3,0,0,3,1,0,0.25,0.5,10,3,0.8073931932449341,0.9082626104354858,0.0202178916076255,0.0,0.0
0001_000390,1,Scene01,390,data/kitti_vkitti/kitti/training/image_02/0001/000390.png,data/kitti_vkitti/vkitti/Scene01/clone/frames/rgb/Camera_0/rgb_00390.jpg,3,3,3,0.0250635176239041,0.015029522275899,0.0341041331186258,0.1777777777777777,0.4168523044215002,0.1609253121029225,0.1260805867385513,3,0,0,3,1,0,0.25,0.5,10,3,0.790984054406484,0.8805291056632996,0.0209143551131412,0.0,0.0
0001_000391,1,Scene01,391,data/kitti_vkitti/kitti/training/image_02/0001/000391.png,data/kitti_vkitti/vkitti/Scene01/clone/frames/rgb/Camera_0/rgb_00391.jpg,3,3,3,0.0262572911075326,0.015549114331723,0.0349200214707461,0.1822222222222222,0.4139656510161767,0.1566978447941465,0.0964996459171086,3,0,0,3,1,0,0.25,0.5,10,3,0.8437252640724182,0.8559970855712891,0.0219576759911269,0.0,0.0
0001_000392,1,Scene01,392,data/kitti_vkitti/kitti/training/image_02/0001/000392.png,data/kitti_vkitti/vkitti/Scene01/clone/frames/rgb/Camera_0/rgb_00392.jpg,3,3,3,0.0251658615136876,0.0160772946859903,0.0304347826086956,0.1848888888888888,0.4124944081336238,0.1505531533417428,0.1483317259817317,3,2,0,3,2,0,0.25,0.5,10,5,0.6168946266174317,0.8861658573150635,0.0157143134162164,0.0,0.0
0001_000393,1,Scene01,393,data/kitti_vkitti/kitti/training/image_02/0001/000393.png,data/kitti_vkitti/vkitti/Scene01/clone/frames/rgb/Camera_0/rgb_00393.jpg,3,3,3,0.0237380568974771,0.0165002683843263,0.0333977455716586,0.1875555555555555,0.410411139528275,0.1422934849131422,0.0996198901784519,3,0,0,3,2,0,0.25,0.5,10,3,0.7939190864562988,0.864572286605835,0.0200865650998272,0.0,0.0
0001_000394,1,Scene01,394,data/kitti_vkitti/kitti/training/image_02/0001/000394.png,data/kitti_vkitti/vkitti/Scene01/clone/frames/rgb/Camera_0/rgb_00394.jpg,3,3,3,0.0225943818214349,0.0140246913580246,0.0367149758454106,0.1911111111111111,0.4102602885920874,0.1614766169681206,0.1470883889371846,3,0,0,3,1,0,0.25,0.5,10,3,0.7769846320152283,0.8881893157958984,0.0184182908192935,0.0,0.0
0001_000395,1,Scene01,395,data/kitti_vkitti/kitti/training/image_02/0001/000395.png,data/kitti_vkitti/vkitti/Scene01/clone/frames/rgb/Camera_0/rgb_00395.jpg,3,3,3,0.0218049740561817,0.0071111111111111,0.0405904455179817,0.1946666666666666,0.4090916906107585,0.1851011582023503,0.121341205252848,3,0,0,3,2,0,0.25,0.5,10,3,0.8088065981864929,0.8541589379310608,0.0176697774969633,0.0,0.0
0001_000396,1,Scene01,396,data/kitti_vkitti/kitti/training/image_02/0001/000396.png,data/kitti_vkitti/vkitti/Scene01/clone/frames/rgb/Camera_0/rgb_00396.jpg,3,2,2,0.0317992485238862,0.0182758990874932,0.0453225979602791,0.2093333333333333,0.4091877616747182,0.1867547377257354,0.2260952383649227,2,0,0,3,1,0,0.25,0.5,10,2,0.772394061088562,0.8825832009315491,0.0249614367176257,0.0,0.0
0001_000397,1,Scene01,397,data/kitti_vkitti/kitti/training/image_02/0001/000397.png,data/kitti_vkitti/vkitti/Scene01/clone/frames/rgb/Camera_0/rgb_00397.jpg,2,2,2,0.0346859903381642,0.0188470209339774,0.050524959742351,0.2173333333333333,0.4084009809184006,0.1821738038640751,0.3017691273708172,2,0,0,2,2,0,0.25,0.5,10,2,0.8173164427280426,0.8794887661933899,0.0277675458635248,0.0,0.0
0001_000398,1,Scene01,398,data/kitti_vkitti/kitti/training/image_02/0001/000398.png,data/kitti_vkitti/vkitti/Scene01/clone/frames/rgb/Camera_0/rgb_00398.jpg,2,2,2,0.0388727858293075,0.0202254428341384,0.0575201288244766,0.2319999999999999,0.4070251607674739,0.2394138304864201,0.1394360485675179,2,0,0,2,2,0,0.25,0.5,10,2,0.8212175667285919,0.8910963535308838,0.031611075153823,0.0,0.0
0001_000399,1,Scene01,399,data/kitti_vkitti/kitti/training/image_02/0001/000399.png,data/kitti_vkitti/vkitti/Scene01/clone/frames/rgb/Camera_0/rgb_00399.jpg,2,2,2,0.0430821256038647,0.020955448201825,0.0652088030059044,0.2426666666666666,0.4052514161220043,0.2112023758212216,0.2355905186440738,2,0,0,2,1,0,0.25,0.5,10,2,0.8241116106510162,0.8767512440681458,0.0351422929200727,0.0,0.0
0001_000400,1,Scene01,400,data/kitti_vkitti/kitti/training/image_02/0001/000400.png,data/kitti_vkitti/vkitti/Scene01/clone/frames/rgb/Camera_0/rgb_00400.jpg,2,2,2,0.0488448738593666,0.0220483091787439,0.0756414385399892,0.2573333333333333,0.4034409270310379,0.2080898423293619,0.1951722716336266,2,0,0,2,1,0,0.25,0.5,10,2,0.7666442692279816,0.8642541170120239,0.03943809573859,0.0,0.0
0001_000401,1,Scene01,401,data/kitti_vkitti/kitti/training/image_02/0001/000401.png,data/kitti_vkitti/vkitti/Scene01/clone/frames/rgb/Camera_0/rgb_00401.jpg,2,2,2,0.0533612453032742,0.023166935050993,0.0835555555555555,0.2746666666666666,0.4008526917369202,0.1816302062478907,0.1957166025670564,2,0,0,2,0,0,0.25,0.5,10,2,0.8221019506454468,0.8750569820404053,0.0440731583005942,0.0,0.0
0001_000402,1,Scene01,402,data/kitti_vkitti/kitti/training/image_02/0001/000402.png,data/kitti_vkitti/vkitti/Scene01/clone/frames/rgb/Camera_0/rgb_00402.jpg,2,2,2,0.054634460547504,0.0240901771336553,0.0851787439613526,0.2906666666666666,0.3987809078757643,0.1641408441796517,0.2643868380813508,2,0,0,2,0,0,0.25,0.5,10,2,0.776810884475708,0.9013502597808838,0.0443930770858175,0.0,0.0
0001_000403,1,Scene01,403,data/kitti_vkitti/kitti/training/image_02/0001/000403.png,data/kitti_vkitti/vkitti/Scene01/clone/frames/rgb/Camera_0/rgb_00403.jpg,2,2,2,0.0559323671497584,0.0257777777777777,0.0860869565217391,0.312,0.3984987149126961,0.157231068449289,0.2783576004550557,2,0,0,2,0,0,0.25,0.5,10,2,0.8591311573982239,0.9042351841926576,0.045701959608969,0.0,0.0
0001_000404,1,Scene01,404,data/kitti_vkitti/kitti/training/image_02/0001/000404.png,data/kitti_vkitti/vkitti/Scene01/clone/frames/rgb/Camera_0/rgb_00404.jpg,2,2,2,0.0528770799785292,0.0267525496511003,0.0790016103059581,0.3133333333333333,0.3988461705240336,0.1230258553698,0.3229054945907527,2,0,0,1,1,1,0.25,0.5,10,2,0.9112863540649414,0.9210817217826844,0.0458962061028048,0.5,0.0
0001_000405,1,Scene01,405,data/kitti_vkitti/kitti/training/image_02/0001/000405.png,data/kitti_vkitti/vkitti/Scene01/clone/frames/rgb/Camera_0/rgb_00405.jpg,2,2,2,0.0492399355877616,0.028135265700483,0.0703446054750402,0.3133333333333333,0.4010369191584309,0.1079182670905314,0.1494654033875435,2,0,0,2,1,0,0.25,0.5,10,2,0.899887889623642,0.900854229927063,0.043730126061891,0.0,0.0
0001_000406,1,Scene01,406,data/kitti_vkitti/kitti/training/image_02/0001/000406.png,data/kitti_vkitti/vkitti/Scene01/clone/frames/rgb/Camera_0/rgb_00406.jpg,2,2,2,0.045378421900161,0.029951690821256,0.060805152979066,0.3133333333333333,0.4033818782692894,0.1159353137298888,0.1131458316794232,2,0,0,2,2,0,0.25,0.5,10,2,0.8885950148105621,0.8908529281616211,0.0400261913552501,0.0,0.0
0001_000407,1,Scene01,407,data/kitti_vkitti/kitti/training/image_02/0001/000407.png,data/kitti_vkitti/vkitti/Scene01/clone/frames/rgb/Camera_0/rgb_00407.jpg,2,2,2,0.0408545356951154,0.0318196457326892,0.0498894256575416,0.3133333333333333,0.4074870933451212,0.1447704435285298,0.4887099809651015,2,0,0,1,2,1,0.25,0.5,10,2,0.8952809870243073,0.9064067602157592,0.0346705986134757,0.5,0.0
0001_000408,1,Scene01,408,data/kitti_vkitti/kitti/training/image_02/0001/000408.png,data/kitti_vkitti/vkitti/Scene01/clone/frames/rgb/Camera_0/rgb_00408.jpg,2,2,2,0.0354288781535158,0.0334943639291465,0.0373633923778851,0.312,0.4122827486764969,0.1850780981620482,0.1623440637429887,2,0,0,2,0,0,0.25,0.5,10,2,0.878148227930069,0.8918682932853699,0.0287677684480936,0.0,0.0
0001_000409,1,Scene01,409,data/kitti_vkitti/kitti/training/image_02/0001/000409.png,data/kitti_vkitti/vkitti/Scene01/clone/frames/rgb/Camera_0/rgb_00409.jpg,2,2,2,0.0294685990338164,0.022866344605475,0.0360708534621578,0.312,0.4177480976287455,0.2457963557901046,0.2017329809741139,2,0,0,2,1,0,0.25,0.5,10,2,0.844456672668457,0.90125972032547,0.0229765458954322,0.0,0.0
0001_000410,1,Scene01,410,data/kitti_vkitti/kitti/training/image_02/0001/000410.png,data/kitti_vkitti/vkitti/Scene01/clone/frames/rgb/Camera_0/rgb_00410.jpg,1,1,1,0.03829307568438,0.03829307568438,0.03829307568438,0.232,0.4210165850988812,0.1230923309915691,0.1467161130520295,1,0,0,1,0,0,0.25,0.5,10,1,0.8868023753166199,0.8868023753166199,0.0335794917375531,0.0,0.0
0001_000411,1,Scene01,411,data/kitti_vkitti/kitti/training/image_02/0001/000411.png,data/kitti_vkitti/vkitti/Scene01/clone/frames/rgb/Camera_0/rgb_00411.jpg,1,1,1,0.0425314009661835,0.0425314009661835,0.0425314009661835,0.248,0.4207588687863766,0.1518354273910586,0.097009350347472,1,0,0,1,0,0,0.25,0.5,10,1,0.8829724192619324,0.8829724192619324,0.0360736275229426,0.0,0.0
0001_000412,1,Scene01,412,data/kitti_vkitti/kitti/training/image_02/0001/000412.png,data/kitti_vkitti/vkitti/Scene01/clone/frames/rgb/Camera_0/rgb_00412.jpg,1,1,1,0.0469221685453569,0.0469221685453569,0.0469221685453569,0.2613333333333333,0.420781947733468,0.1499130690030203,0.0880546886845861,1,0,0,1,0,0,0.25,0.5,10,1,0.8842726349830627,0.8842726349830627,0.0398879222544455,0.0,0.0
0001_000413,1,Scene01,413,data/kitti_vkitti/kitti/training/image_02/0001/000413.png,data/kitti_vkitti/vkitti/Scene01/clone/frames/rgb/Camera_0/rgb_00413.jpg,1,1,1,0.0522512077294686,0.0522512077294686,0.0522512077294686,0.2773333333333333,0.4210107753675812,0.1298082799670705,0.0918817569034463,1,0,0,1,0,0,0.25,0.5,10,1,0.8954740166664124,0.8954740166664124,0.0454685683279041,0.0,0.0
0001_000414,1,Scene01,414,data/kitti_vkitti/kitti/training/image_02/0001/000414.png,data/kitti_vkitti/vkitti/Scene01/clone/frames/rgb/Camera_0/rgb_00414.jpg,1,1,1,0.0583360171765968,0.0583360171765968,0.0583360171765968,0.2933333333333333,0.4207500026312189,0.1426690094737849,0.1663280139285935,1,0,0,1,0,0,0.25,0.5,10,1,0.8736912608146667,0.8736912608146667,0.0500132753893661,0.0,0.0
0001_000415,1,Scene01,415,data/kitti_vkitti/kitti/training/image_02/0001/000415.png,data/kitti_vkitti/vkitti/Scene01/clone/frames/rgb/Camera_0/rgb_00415.jpg,1,1,1,0.0663789586688137,0.0663789586688137,0.0663789586688137,0.3146666666666666,0.420457646848326,0.1335085664714956,0.144843757662642,1,0,0,1,0,0,0.25,0.5,10,1,0.8772785663604736,0.8772785663604736,0.0575167990530697,0.0,0.0
0001_000416,1,Scene01,416,data/kitti_vkitti/kitti/training/image_02/0001/000416.png,data/kitti_vkitti/vkitti/Scene01/clone/frames/rgb/Camera_0/rgb_00416.jpg,1,1,1,0.0783832528180354,0.0783832528180354,0.0783832528180354,0.344,0.4207372633218612,0.1698049124354121,0.1648961853421473,1,0,0,1,0,0,0.25,0.5,10,1,0.8937157392501831,0.8937157392501831,0.0650733914368661,0.0,0.0
0001_000417,1,Scene01,417,data/kitti_vkitti/kitti/training/image_02/0001/000417.png,data/kitti_vkitti/vkitti/Scene01/clone/frames/rgb/Camera_0/rgb_00417.jpg,1,1,1,0.0916221148684916,0.0916221148684916,0.0916221148684916,0.3706666666666666,0.4210239356719606,0.1442900806557481,0.1147363913825684,1,0,0,1,0,0,0.25,0.5,10,1,0.9060400724411012,0.9060400724411012,0.0784019525242668,0.0,0.0
0001_000418,1,Scene01,418,data/kitti_vkitti/kitti/training/image_02/0001/000418.png,data/kitti_vkitti/vkitti/Scene01/clone/frames/rgb/Camera_0/rgb_00418.jpg,1,1,1,0.1099817498658078,0.1099817498658078,0.1099817498658078,0.4053333333333333,0.4216677549387978,0.1614031126646917,0.1390683346419879,1,0,0,1,0,0,0.25,0.5,10,1,0.8928864002227783,0.8928864002227783,0.0922303531011569,0.0,0.0
0001_000419,1,Scene01,419,data/kitti_vkitti/kitti/training/image_02/0001/000419.png,data/kitti_vkitti/vkitti/Scene01/clone/frames/rgb/Camera_0/rgb_00419.jpg,1,1,1,0.1179667203435319,0.1179667203435319,0.1179667203435319,0.4453333333333333,0.4223429972740572,0.1395100053766785,0.1142995720742746,1,0,0,1,0,0,0.25,0.5,10,1,0.9230577945709229,0.9230577945709229,0.1015091825541366,0.0,0.0
0001_000420,1,Scene01,420,data/kitti_vkitti/kitti/training/image_02/0001/000420.png,data/kitti_vkitti/vkitti/Scene01/clone/frames/rgb/Camera_0/rgb_00420.jpg,1,1,1,0.1118196457326892,0.1118196457326892,0.1118196457326892,0.448,0.4230271983833791,0.0937183022769498,0.1180621747647002,1,0,0,1,0,0,0.25,0.5,10,1,0.9322128891944884,0.9322128891944884,0.1013400983734115,0.0,0.0
0001_000421,1,Scene01,421,data/kitti_vkitti/kitti/training/image_02/0001/000421.png,data/kitti_vkitti/vkitti/Scene01/clone/frames/rgb/Camera_0/rgb_00421.jpg,1,1,1,0.1033601717659688,0.1033601717659688,0.1033601717659688,0.4426666666666666,0.422868862155705,0.0667170199843273,0.1249415832694473,1,0,0,1,0,0,0.25,0.5,10,1,0.929012417793274,0.929012417793274,0.0964642891206752,0.0,0.0
0001_000422,1,Scene01,422,data/kitti_vkitti/kitti/training/image_02/0001/000422.png,data/kitti_vkitti/vkitti/Scene01/clone/frames/rgb/Camera_0/rgb_00422.jpg,1,1,1,0.0942351046698872,0.0942351046698872,0.0942351046698872,0.44,0.4207413048740698,0.0734999333330652,0.152792360593361,1,0,0,1,0,0,0.25,0.5,10,1,0.9289114475250244,0.9289114475250244,0.0873088307590161,0.0,0.0
0001_000423,1,Scene01,423,data/kitti_vkitti/kitti/training/image_02/0001/000423.png,data/kitti_vkitti/vkitti/Scene01/clone/frames/rgb/Camera_0/rgb_00423.jpg,1,1,1,0.0827826086956521,0.0827826086956521,0.0827826086956521,0.432,0.4196108322019092,0.0915744228504148,0.1900567380784238,1,0,0,1,0,0,0.25,0.5,10,1,0.9249188303947448,0.9249188303947448,0.075201839082296,0.0,0.0
0001_000424,1,Scene01,424,data/kitti_vkitti/kitti/training/image_02/0001/000424.png,data/kitti_vkitti/vkitti/Scene01/clone/frames/rgb/Camera_0/rgb_00424.jpg,1,1,1,0.0704240472356414,0.0704240472356414,0.0704240472356414,0.4266666666666667,0.4183004683569616,0.1208403549867473,0.2312435469303114,1,0,0,1,0,0,0.25,0.5,10,1,0.8959913849830627,0.8959913849830627,0.061913980368083,0.0,0.0
0001_000425,1,Scene01,425,data/kitti_vkitti/kitti/training/image_02/0001/000425.png,data/kitti_vkitti/vkitti/Scene01/clone/frames/rgb/Camera_0/rgb_00425.jpg,1,1,1,0.0552657004830917,0.0552657004830917,0.0552657004830917,0.416,0.4195778430320061,0.1674138668079284,0.2623584257121577,1,0,0,1,0,0,0.25,0.5,10,1,0.8322789072990417,0.8322789072990417,0.0460641416870147,0.0,0.0
0002_000000,2,Scene02,0,data/kitti_vkitti/kitti/training/image_02/0002/000000.png,data/kitti_vkitti/vkitti/Scene02/clone/frames/rgb/Camera_0/rgb_00000.jpg,3,3,3,0.0118919305779209,0.0066902844873859,0.0147890499194847,0.1342222222222222,0.4300536052961174,0.2610995385870579,0.1678135028752839,3,0,0,3,3,0,0.25,0.5,10,3,0.6575477520624796,0.8536023497581482,0.0093971841764079,0.0,0.0
0002_000001,2,Scene02,1,data/kitti_vkitti/kitti/training/image_02/0002/000001.png,data/kitti_vkitti/vkitti/Scene02/clone/frames/rgb/Camera_0/rgb_00001.jpg,3,3,3,0.0115827518339595,0.0073859366612989,0.0168480944712828,0.1404444444444444,0.4586455242966751,0.1703126619658581,0.1947903078106027,3,1,0,3,2,0,0.25,0.5,10,4,0.6164768263697624,0.8269782662391663,0.0080030124155935,0.0,0.0
0002_000002,2,Scene02,2,data/kitti_vkitti/kitti/training/image_02/0002/000002.png,data/kitti_vkitti/vkitti/Scene02/clone/frames/rgb/Camera_0/rgb_00002.jpg,3,3,3,0.0111612095186974,0.0057520128824476,0.0194353193773483,0.1431111111111111,0.4775357393198825,0.2874226633258598,0.4774069998937137,2,2,1,2,4,1,0.25,0.5,10,4,0.5085512474179268,0.8216435313224792,0.0127405231905586,0.3333333333333333,0.3333333333333333
0002_000003,2,Scene02,3,data/kitti_vkitti/kitti/training/image_02/0002/000003.png,data/kitti_vkitti/vkitti/Scene02/clone/frames/rgb/Camera_0/rgb_00003.jpg,2,2,2,0.0159076757917337,0.0096618357487922,0.0221535158346752,0.1493333333333333,0.4745599107490553,0.2009837590949577,0.075015033882982,2,1,0,2,0,0,0.25,0.5,10,3,0.4987057050069173,0.7591210007667542,0.0198062237466364,0.0,0.0
0002_000004,2,Scene02,4,data/kitti_vkitti/kitti/training/image_02/0002/000004.png,data/kitti_vkitti/vkitti/Scene02/clone/frames/rgb/Camera_0/rgb_00004.jpg,2,2,2,0.0147171229200214,0.010797638217928,0.0186366076221148,0.156,0.4648461242145811,0.330416621269936,0.1128712409310653,2,0,0,2,1,0,0.25,0.5,10,2,0.7323829531669617,0.7993950843811035,0.0093156807674498,0.0,0.0
0002_000005,2,Scene02,5,data/kitti_vkitti/kitti/training/image_02/0002/000005.png,data/kitti_vkitti/vkitti/Scene02/clone/frames/rgb/Camera_0/rgb_00005.jpg,2,2,2,0.0132388620504562,0.0124530327428878,0.0140246913580246,0.1613333333333333,0.4420876385336743,0.2142284670066844,0.1880837883117603,2,0,0,2,0,0,0.25,0.5,10,2,0.8439641296863556,0.8521278500556946,0.0103979710767789,0.0,0.0
0002_000006,2,Scene02,6,data/kitti_vkitti/kitti/training/image_02/0002/000006.png,data/kitti_vkitti/vkitti/Scene02/clone/frames/rgb/Camera_0/rgb_00006.jpg,2,2,2,0.0110037573805689,0.0075555555555555,0.0144519592055823,0.1626666666666666,0.4260186963889151,0.1915186921201166,0.2071197487588347,2,0,0,2,1,0,0.25,0.5,10,2,0.8249317705631256,0.8559973239898682,0.0088528503625872,0.0,0.0
0002_000007,2,Scene02,7,data/kitti_vkitti/kitti/training/image_02/0002/000007.png,data/kitti_vkitti/vkitti/Scene02/clone/frames/rgb/Camera_0/rgb_00007.jpg,1,2,2,0.0090134192163177,0.0013140096618357,0.0167128287707997,0.1653333333333333,0.4025319650995127,0.5996169227650655,0.2308566690903414,1,0,1,1,0,0,0.25,0.5,10,1,0.8742402791976929,0.8742402791976929,0.0133830676251067,0.0,0.5
0002_000008,2,Scene02,8,data/kitti_vkitti/kitti/training/image_02/0002/000008.png,data/kitti_vkitti/vkitti/Scene02/clone/frames/rgb/Camera_0/rgb_00008.jpg,1,1,1,0.0150746108427267,0.0150746108427267,0.0150746108427267,0.1573333333333333,0.3893649247997642,0.1098659318735066,0.1416576319533296,1,0,0,1,0,0,0.25,0.5,10,1,0.8695295453071594,0.8695295453071594,0.0134184246748601,0.0,0.0
0002_000009,2,Scene02,9,data/kitti_vkitti/kitti/training/image_02/0002/000009.png,data/kitti_vkitti/vkitti/Scene02/clone/frames/rgb/Camera_0/rgb_00009.jpg,1,1,1,0.0108212560386473,0.0108212560386473,0.0108212560386473,0.16,0.383813347647164,0.3516972376588484,0.135593952634527,1,0,0,1,0,0,0.25,0.5,10,1,0.6574808955192566,0.6574808955192566,0.0070154501818559,0.0,0.0
0002_000065,2,Scene02,65,data/kitti_vkitti/kitti/training/image_02/0002/000065.png,data/kitti_vkitti/vkitti/Scene02/clone/frames/rgb/Camera_0/rgb_00065.jpg,2,2,2,0.0139710144927536,0.0029049919484702,0.025037037037037,0.136,0.6221929630682117,0.1027226236205508,0.079587621606362,2,2,0,2,3,0,0.25,0.5,10,4,0.6267202869057655,0.8848314881324768,0.0078169033724093,0.0,0.0
0002_000066,2,Scene02,66,data/kitti_vkitti/kitti/training/image_02/0002/000066.png,data/kitti_vkitti/vkitti/Scene02/clone/frames/rgb/Camera_0/rgb_00066.jpg,2,2,2,0.0184949006977992,0.0030660225442834,0.033923778851315,0.1506666666666666,0.6150991464325934,0.1295873704900774,0.0590792123996741,2,2,0,2,2,0,0.25,0.5,10,4,0.628507561981678,0.8493474125862122,0.0094625373794469,0.0,0.0
0002_000067,2,Scene02,67,data/kitti_vkitti/kitti/training/image_02/0002/000067.png,data/kitti_vkitti/vkitti/Scene02/clone/frames/rgb/Camera_0/rgb_00067.jpg,2,2,2,0.0193719806763285,0.0033816425120772,0.0353623188405797,0.1666666666666666,0.6116199846336817,0.1136744137489244,0.0927438055957234,2,2,0,2,2,0,0.25,0.5,10,4,0.6261376515030861,0.8715840578079224,0.0099153696583237,0.0,0.0
0002_000068,2,Scene02,68,data/kitti_vkitti/kitti/training/image_02/0002/000068.png,data/kitti_vkitti/vkitti/Scene02/clone/frames/rgb/Camera_0/rgb_00068.jpg,2,2,2,0.0139581320450885,0.0035555555555555,0.0243607085346215,0.172,0.6059782724469283,0.1678571314815192,0.208831012168692,2,2,0,2,3,0,0.25,0.5,10,4,0.5320095866918564,0.8144494891166687,0.0070960059885326,0.0,0.0
0002_000069,2,Scene02,69,data/kitti_vkitti/kitti/training/image_02/0002/000069.png,data/kitti_vkitti/vkitti/Scene02/clone/frames/rgb/Camera_0/rgb_00069.jpg,2,2,2,0.0064015029522275,0.0037337627482555,0.0090692431561996,0.1666666666666666,0.6064253859998106,0.2341783216601571,0.389098826755752,2,3,0,1,5,1,0.25,0.5,10,5,0.5115869343280792,0.7040551900863647,0.0033467561661673,0.5,0.0
0002_000076,2,Scene02,76,data/kitti_vkitti/kitti/training/image_02/0002/000076.png,data/kitti_vkitti/vkitti/Scene02/clone/frames/rgb/Camera_0/rgb_00076.jpg,1,1,1,0.006838432635534,0.006838432635534,0.006838432635534,0.1306666666666666,0.6335570837674844,0.0846976957993005,0.1122148002692049,1,1,0,1,3,0,0.25,0.5,10,2,0.5294830501079559,0.5830334424972534,0.0056505327092116,0.0,0.0
0002_000077,2,Scene02,77,data/kitti_vkitti/kitti/training/image_02/0002/000077.png,data/kitti_vkitti/vkitti/Scene02/clone/frames/rgb/Camera_0/rgb_00077.jpg,1,1,1,0.0073000536768652,0.0073000536768652,0.0073000536768652,0.1333333333333333,0.6338302674370875,0.1029295121664497,0.1039758866679229,1,1,0,1,3,0,0.25,0.5,10,2,0.530571848154068,0.5997385382652283,0.0062101790128006,0.0,0.0
0002_000078,2,Scene02,78,data/kitti_vkitti/kitti/training/image_02/0002/000078.png,data/kitti_vkitti/vkitti/Scene02/clone/frames/rgb/Camera_0/rgb_00078.jpg,1,1,1,0.0080386473429951,0.0080386473429951,0.0080386473429951,0.1386666666666666,0.6322087714312777,0.1090187801915801,0.1130500026725279,1,2,0,1,4,0,0.25,0.5,10,3,0.505979577700297,0.660548210144043,0.0048499035036051,0.0,0.0
0002_000079,2,Scene02,79,data/kitti_vkitti/kitti/training/image_02/0002/000079.png,data/kitti_vkitti/vkitti/Scene02/clone/frames/rgb/Camera_0/rgb_00079.jpg,1,1,1,0.0088115942028985,0.0088115942028985,0.0088115942028985,0.144,0.6309372738467368,0.0969637800587805,0.0812841352340921,1,4,0,1,3,0,0.25,0.5,10,5,0.4590233147144317,0.7571377158164978,0.0038983240986941,0.0,0.0
0002_000080,2,Scene02,80,data/kitti_vkitti/kitti/training/image_02/0002/000080.png,data/kitti_vkitti/vkitti/Scene02/clone/frames/rgb/Camera_0/rgb_00080.jpg,1,1,1,0.0097906602254428,0.0097906602254428,0.0097906602254428,0.152,0.6297454369402081,0.1093646837084931,0.1273499383592384,1,2,0,1,3,0,0.25,0.5,10,3,0.6313265562057495,0.8084306716918945,0.0059775893672621,0.0,0.0
0002_000081,2,Scene02,81,data/kitti_vkitti/kitti/training/image_02/0002/000081.png,data/kitti_vkitti/vkitti/Scene02/clone/frames/rgb/Camera_0/rgb_00081.jpg,1,1,1,0.0108212560386473,0.0108212560386473,0.0108212560386473,0.16,0.6307611968888468,0.0665194051315897,0.1485886121842513,1,4,0,1,3,0,0.25,0.5,10,5,0.4868496477603912,0.7586162686347961,0.0045965107951163,0.0,0.0
0002_000083,2,Scene02,83,data/kitti_vkitti/kitti/training/image_02/0002/000083.png,data/kitti_vkitti/vkitti/Scene02/clone/frames/rgb/Camera_0/rgb_00083.jpg,1,1,1,0.0133204508856682,0.0133204508856682,0.0133204508856682,0.176,0.6350773388904676,0.1545660378285185,0.1594509945041879,1,4,0,1,3,0,0.25,0.5,10,5,0.5368438601493836,0.6767674088478088,0.0048394946457379,0.0,0.0
0002_000097,2,Scene02,97,data/kitti_vkitti/kitti/training/image_02/0002/000097.png,data/kitti_vkitti/vkitti/Scene02/clone/frames/rgb/Camera_0/rgb_00097.jpg,6,6,6,0.0170531400966183,0.0040880300590445,0.0782737520128824,0.1306666666666666,0.6332088282656058,0.2870678787181892,0.6082340074883812,5,3,1,3,3,3,0.25,0.5,10,8,0.5297524556517601,0.8172618746757507,0.0120064697497363,0.5,0.1666666666666666
0002_000098,2,Scene02,98,data/kitti_vkitti/kitti/training/image_02/0002/000098.png,data/kitti_vkitti/vkitti/Scene02/clone/frames/rgb/Camera_0/rgb_00098.jpg,6,6,6,0.0194156378600823,0.0040472356414385,0.0915942028985507,0.1368888888888889,0.6284593560881142,0.4480495914456847,0.472981057088584,4,2,2,4,5,2,0.25,0.5,10,6,0.5962089250485102,0.856726348400116,0.0168646936644206,0.3333333333333333,0.3333333333333333
0002_000099,2,Scene02,99,data/kitti_vkitti/kitti/training/image_02/0002/000099.png,data/kitti_vkitti/vkitti/Scene02/clone/frames/rgb/Camera_0/rgb_00099.jpg,6,6,6,0.0221202361782071,0.0041095008051529,0.1070424047235641,0.1422222222222222,0.6227205287697473,0.4451557305003383,0.5264512344832155,4,2,2,4,3,2,0.25,0.5,10,6,0.6073949138323466,0.7370404601097107,0.0191399821369089,0.3333333333333333,0.3333333333333333
0002_000100,2,Scene02,100,data/kitti_vkitti/kitti/training/image_02/0002/000100.png,data/kitti_vkitti/vkitti/Scene02/clone/frames/rgb/Camera_0/rgb_00100.jpg,6,6,6,0.0260157452138128,0.0041095008051529,0.1287901234567901,0.1515555555555555,0.6151252228642397,0.4369995073106046,0.4930830394135207,4,3,2,4,5,2,0.25,0.5,10,7,0.5929805040359497,0.8354930877685547,0.0198496260674836,0.3333333333333333,0.3333333333333333
0002_000101,2,Scene02,101,data/kitti_vkitti/kitti/training/image_02/0002/000101.png,data/kitti_vkitti/vkitti/Scene02/clone/frames/rgb/Camera_0/rgb_00101.jpg,6,6,6,0.0283943460368581,0.0042340311325818,0.1422007514761138,0.1528888888888889,0.6088150126824751,0.4317218221008331,0.4384636036695872,4,3,2,4,1,2,0.25,0.5,10,7,0.5964739535536084,0.8769739866256714,0.0220028240209661,0.3333333333333333,0.3333333333333333
0002_000102,2,Scene02,102,data/kitti_vkitti/kitti/training/image_02/0002/000102.png,data/kitti_vkitti/vkitti/Scene02/clone/frames/rgb/Camera_0/rgb_00102.jpg,6,6,6,0.0308491680085882,0.0044444444444444,0.1560493827160493,0.1533333333333333,0.6047253491627461,0.3897015162289307,0.4715709869710521,4,3,2,3,3,3,0.25,0.5,10,7,0.5943025393145425,0.9037923812866212,0.0253613925748952,0.5,0.3333333333333333
0002_000103,2,Scene02,103,data/kitti_vkitti/kitti/training/image_02/0002/000103.png,data/kitti_vkitti/vkitti/Scene02/clone/frames/rgb/Camera_0/rgb_00103.jpg,6,6,6,0.0318439792449454,0.0045088566827697,0.160395061728395,0.1555555555555555,0.5991161293717702,0.1509078871548858,0.3410719118317099,6,2,0,4,4,2,0.25,0.5,10,8,0.596213024109602,0.8985850811004639,0.0244387991810664,0.3333333333333333,0.0
0002_000104,2,Scene02,104,data/kitti_vkitti/kitti/training/image_02/0002/000104.png,data/kitti_vkitti/vkitti/Scene02/clone/frames/rgb/Camera_0/rgb_00104.jpg,6,6,6,0.0313880837359098,0.0045088566827697,0.1564444444444444,0.1568888888888888,0.5976939745087515,0.1190808664190808,0.2208121121160676,6,2,0,6,5,0,0.25,0.5,10,8,0.596986960619688,0.9207186698913574,0.0238809427865925,0.0,0.0
0002_000105,2,Scene02,105,data/kitti_vkitti/kitti/training/image_02/0002/000105.png,data/kitti_vkitti/vkitti/Scene02/clone/frames/rgb/Camera_0/rgb_00105.jpg,6,6,6,0.0307246376811594,0.0044444444444444,0.1508792270531401,0.1582222222222222,0.5991073558355172,0.2206997911266142,0.2001331639576541,5,2,1,6,3,0,0.25,0.5,10,7,0.6201701164245605,0.9155747890472412,0.0249515966513779,0.0,0.1666666666666666
0002_000106,2,Scene02,106,data/kitti_vkitti/kitti/training/image_02/0002/000106.png,data/kitti_vkitti/vkitti/Scene02/clone/frames/rgb/Camera_0/rgb_00106.jpg,6,6,6,0.0303653605296117,0.0045088566827697,0.1465571658615136,0.1604444444444444,0.6011551682401355,0.1428099682873163,0.1963277015101123,6,2,0,6,2,0,0.25,0.5,10,8,0.5331793576478958,0.9268614649772644,0.021931374312347,0.0,0.0
0002_000107,2,Scene02,107,data/kitti_vkitti/kitti/training/image_02/0002/000107.png,data/kitti_vkitti/vkitti/Scene02/clone/frames/rgb/Camera_0/rgb_00107.jpg,6,6,6,0.0296482376095902,0.0044444444444444,0.1406763285024154,0.1613333333333333,0.6021920537189648,0.1316371068084665,0.2414973408470145,6,2,0,6,1,0,0.25,0.5,10,8,0.5704293809831142,0.9249844551086426,0.0217923627673289,0.0,0.0
0002_000108,2,Scene02,108,data/kitti_vkitti/kitti/training/image_02/0002/000108.png,data/kitti_vkitti/vkitti/Scene02/clone/frames/rgb/Camera_0/rgb_00108.jpg,6,6,6,0.0291590624440866,0.0044444444444444,0.1352055823939882,0.1635555555555555,0.606296249986844,0.1573299574605619,0.3610508463554083,6,1,0,5,1,1,0.25,0.5,10,7,0.6751949318817684,0.8668753504753113,0.0236214454775144,0.1666666666666666,0.0
0002_000109,2,Scene02,109,data/kitti_vkitti/kitti/training/image_02/0002/000109.png,data/kitti_vkitti/vkitti/Scene02/clone/frames/rgb/Camera_0/rgb_00109.jpg,6,6,6,0.0285535874038289,0.0043800322061191,0.1283091787439613,0.1653333333333333,0.6124072369044237,0.1686948257597794,0.420388653069883,6,1,0,4,4,2,0.25,0.5,10,7,0.5802149091448102,0.8143994212150574,0.0227518278859994,0.3333333333333333,0.0
0002_000110,2,Scene02,110,data/kitti_vkitti/kitti/training/image_02/0002/000110.png,data/kitti_vkitti/vkitti/Scene02/clone/frames/rgb/Camera_0/rgb_00110.jpg,6,6,6,0.028204687779567,0.0043156199677938,0.1222157809983897,0.168,0.6159488827844611,0.426745833972181,0.3308646413575222,4,2,2,5,3,1,0.25,0.5,10,6,0.6305855264266332,0.8990894556045532,0.0251482395541439,0.1666666666666666,0.3333333333333333
0002_000111,2,Scene02,111,data/kitti_vkitti/kitti/training/image_02/0002/000111.png,data/kitti_vkitti/vkitti/Scene02/clone/frames/rgb/Camera_0/rgb_00111.jpg,6,6,6,0.0279252102343889,0.0042512077294685,0.1154181427804616,0.1711111111111111,0.6171654068390642,0.1972433615669384,0.4688785647922776,6,2,0,4,2,2,0.25,0.5,10,8,0.5956114754080772,0.864520788192749,0.0192985066414702,0.3333333333333333,0.0
0002_000112,2,Scene02,112,data/kitti_vkitti/kitti/training/image_02/0002/000112.png,data/kitti_vkitti/vkitti/Scene02/clone/frames/rgb/Camera_0/rgb_00112.jpg,6,6,6,0.0280626230094829,0.0041095008051529,0.1093032742887815,0.1751111111111111,0.6208599496910949,0.2812724621715562,0.3402895736354502,5,3,1,5,5,1,0.25,0.5,10,8,0.60221953317523,0.8934565186500549,0.0183870004638282,0.1666666666666666,0.1666666666666666
0002_000113,2,Scene02,113,data/kitti_vkitti/kitti/training/image_02/0002/000113.png,data/kitti_vkitti/vkitti/Scene02/clone/frames/rgb/Camera_0/rgb_00113.jpg,6,6,6,0.0284412238325281,0.0039849704777241,0.1026086956521739,0.1791111111111111,0.6202095965815204,0.296512015481475,0.4282285104230582,5,1,1,4,3,2,0.25,0.5,10,6,0.7564140756924947,0.9078131914138794,0.0242791273773984,0.3333333333333333,0.1666666666666666
0002_000114,2,Scene02,114,data/kitti_vkitti/kitti/training/image_02/0002/000114.png,data/kitti_vkitti/vkitti/Scene02/clone/frames/rgb/Camera_0/rgb_00114.jpg,6,6,6,0.028641259617105,0.0038604401502952,0.0948491680085883,0.1848888888888888,0.6209982886552367,0.2339108315568857,0.4109758500957367,5,4,1,4,5,2,0.25,0.5,10,9,0.6152719027466245,0.8786203265190125,0.0175344612622563,0.3333333333333333,0.1666666666666666
0002_000115,2,Scene02,115,data/kitti_vkitti/kitti/training/image_02/0002/000115.png,data/kitti_vkitti/vkitti/Scene02/clone/frames/rgb/Camera_0/rgb_00115.jpg,6,6,6,0.0267926283771694,0.0037359098228663,0.0866731078904992,0.1911111111111111,0.6239222843189879,0.1836378754105564,0.3704539991137588,6,1,0,4,4,2,0.25,0.5,10,7,0.6878681480884552,0.85016930103302,0.0173623657443806,0.3333333333333333,0.0
0002_000116,2,Scene02,116,data/kitti_vkitti/kitti/training/image_02/0002/000116.png,data/kitti_vkitti/vkitti/Scene02/clone/frames/rgb/Camera_0/rgb_00116.jpg,6,6,6,0.0231891214886383,0.0036736446591519,0.0779216317767042,0.1902222222222222,0.6298881879321777,0.2145413451301236,0.3025253510375879,5,2,1,5,8,1,0.25,0.5,10,7,0.5768260998385293,0.7929492592811584,0.0131499473990779,0.1666666666666666,0.1666666666666666
0002_000117,2,Scene02,117,data/kitti_vkitti/kitti/training/image_02/0002/000117.png,data/kitti_vkitti/vkitti/Scene02/clone/frames/rgb/Camera_0/rgb_00117.jpg,6,6,6,0.0190620862408302,0.0034868491680085,0.0689855072463768,0.1884444444444444,0.6377599444286571,0.2744026361371335,0.3080043676456029,5,2,1,5,7,1,0.25,0.5,10,7,0.6150511886392321,0.8254897594451904,0.006969386378203,0.1666666666666666,0.1666666666666666
0002_000118,2,Scene02,118,data/kitti_vkitti/kitti/training/image_02/0002/000118.png,data/kitti_vkitti/vkitti/Scene02/clone/frames/rgb/Camera_0/rgb_00118.jpg,4,5,5,0.0177477187332259,0.0032463768115942,0.0598776167471819,0.1674666666666666,0.6460402092345258,0.285997785116413,0.4390470386914408,4,2,1,3,4,1,0.25,0.5,10,6,0.5940866122643153,0.802856981754303,0.0062211685954063,0.25,0.2
0002_000119,2,Scene02,119,data/kitti_vkitti/kitti/training/image_02/0002/000119.png,data/kitti_vkitti/vkitti/Scene02/clone/frames/rgb/Camera_0/rgb_00119.jpg,4,5,5,0.0158986580783682,0.0033064949006977,0.0495974235104669,0.1674666666666666,0.6487975077094713,0.336552335425641,0.2273182485662022,4,3,1,4,6,0,0.25,0.5,10,7,0.5329097126211438,0.7347203493118286,0.0058081400037969,0.0,0.2
0002_000120,2,Scene02,120,data/kitti_vkitti/kitti/training/image_02/0002/000120.png,data/kitti_vkitti/vkitti/Scene02/clone/frames/rgb/Camera_0/rgb_00120.jpg,4,5,5,0.0143420289855072,0.0030724637681159,0.0405968867418142,0.1679999999999999,0.6509207708418848,0.3361637996529458,0.2217210765441428,4,5,1,4,5,0,0.25,0.5,10,9,0.4254556099573771,0.7691818475723267,0.0059717359640902,0.0,0.2
0002_000121,2,Scene02,121,data/kitti_vkitti/kitti/training/image_02/0002/000121.png,data/kitti_vkitti/vkitti/Scene02/clone/frames/rgb/Camera_0/rgb_00121.jpg,4,5,5,0.0126235104669887,0.0027911969940955,0.0311111111111111,0.1674666666666666,0.6529585383052845,0.4987888087281724,0.4519153358576141,3,2,2,3,4,1,0.25,0.5,10,5,0.4823375225067138,0.6667676568031311,0.007142249739173,0.25,0.4
0002_000127,2,Scene02,127,data/kitti_vkitti/kitti/training/image_02/0002/000127.png,data/kitti_vkitti/vkitti/Scene02/clone/frames/rgb/Camera_0/rgb_00127.jpg,3,3,3,0.0140533190195025,0.0065700483091787,0.0260568974771873,0.1333333333333333,0.6538293159883384,0.2389471301008322,0.4466185379267237,3,3,0,2,3,1,0.25,0.5,10,6,0.5049664229154587,0.7900999188423157,0.0122403615811707,0.3333333333333333,0.0
0002_000128,2,Scene02,128,data/kitti_vkitti/kitti/training/image_02/0002/000128.png,data/kitti_vkitti/vkitti/Scene02/clone/frames/rgb/Camera_0/rgb_00128.jpg,3,3,3,0.0150581499373769,0.0061621041331186,0.0293075684380032,0.1359999999999999,0.653325831202046,0.1651557909319664,0.3104875527801783,3,2,0,3,7,0,0.25,0.5,10,5,0.641119658946991,0.8444239497184753,0.0101004275444822,0.0,0.0
0002_000129,2,Scene02,129,data/kitti_vkitti/kitti/training/image_02/0002/000129.png,data/kitti_vkitti/vkitti/Scene02/clone/frames/rgb/Camera_0/rgb_00129.jpg,3,3,3,0.0166612989801395,0.0058615136876006,0.0340869565217391,0.1422222222222222,0.6528694641785862,0.1601977935500697,0.2740624389881366,3,2,0,3,7,0,0.25,0.5,10,5,0.6202973902225495,0.8753557205200195,0.0104552710458764,0.0,0.0
0002_000130,2,Scene02,130,data/kitti_vkitti/kitti/training/image_02/0002/000130.png,data/kitti_vkitti/vkitti/Scene02/clone/frames/rgb/Camera_0/rgb_00130.jpg,3,3,3,0.0185449991053855,0.0055609232420826,0.0396135265700483,0.1484444444444444,0.6525861766284614,0.1352335158293151,0.2664575126472194,3,2,0,3,6,0,0.25,0.5,10,5,0.6500970482826233,0.8966242671012878,0.0113632576976633,0.0,0.0
0002_000131,2,Scene02,131,data/kitti_vkitti/kitti/training/image_02/0002/000131.png,data/kitti_vkitti/vkitti/Scene02/clone/frames/rgb/Camera_0/rgb_00131.jpg,3,3,3,0.0212868133834317,0.0051100375738056,0.0477638217928073,0.1555555555555555,0.6524847168282235,0.1572608692677134,0.2089629655436308,3,2,0,3,4,0,0.25,0.5,10,5,0.5940725207328796,0.8793929815292358,0.012368876982856,0.0,0.0
0002_000132,2,Scene02,132,data/kitti_vkitti/kitti/training/image_02/0002/000132.png,data/kitti_vkitti/vkitti/Scene02/clone/frames/rgb/Camera_0/rgb_00132.jpg,3,3,3,0.024969046341027,0.0046720343531937,0.0588985507246376,0.1653333333333333,0.6514620357214276,0.1456023624954898,0.2423097902954133,3,2,0,3,3,0,0.25,0.5,10,5,0.6002750277519227,0.9031372666358948,0.0141669752624214,0.0,0.0
0002_000133,2,Scene02,133,data/kitti_vkitti/kitti/training/image_02/0002/000133.png,data/kitti_vkitti/vkitti/Scene02/clone/frames/rgb/Camera_0/rgb_00133.jpg,3,3,3,0.0280458042583646,0.0042340311325818,0.0680193236714975,0.1768888888888888,0.6485772852136024,0.1402331010175418,0.1661935886336157,3,3,0,3,3,0,0.25,0.5,10,6,0.6141075442234675,0.8961522579193115,0.0140169151172947,0.0,0.0
0002_000134,2,Scene02,134,data/kitti_vkitti/kitti/training/image_02/0002/000134.png,data/kitti_vkitti/vkitti/Scene02/clone/frames/rgb/Camera_0/rgb_00134.jpg,3,3,3,0.0275111826802648,0.0038260869565217,0.065992485238862,0.1919999999999999,0.6453819498384432,0.1753696640560006,0.1789420198996989,3,3,0,3,2,0,0.25,0.5,10,6,0.6075503875811895,0.8998409509658813,0.0144905949129909,0.0,0.0
0002_000135,2,Scene02,135,data/kitti_vkitti/kitti/training/image_02/0002/000135.png,data/kitti_vkitti/vkitti/Scene02/clone/frames/rgb/Camera_0/rgb_00135.jpg,3,3,3,0.0233666129898014,0.0034718196457326,0.0533333333333333,0.1946666666666666,0.6448459052971698,0.1783592962589568,0.2136744566622129,3,3,0,3,1,0,0.25,0.5,10,6,0.6115229278802872,0.8806572556495667,0.0133837444300313,0.0,0.0
0002_000136,2,Scene02,136,data/kitti_vkitti/kitti/training/image_02/0002/000136.png,data/kitti_vkitti/vkitti/Scene02/clone/frames/rgb/Camera_0/rgb_00136.jpg,3,3,3,0.0178937198067632,0.0031884057971014,0.0365002683843263,0.1937777777777778,0.6481233936408702,0.2068537569828431,0.255365467307893,3,1,0,3,5,0,0.25,0.5,10,4,0.6207952722907066,0.8404091000556946,0.0104884138399107,0.0,0.0
0002_000137,2,Scene02,137,data/kitti_vkitti/kitti/training/image_02/0002/000137.png,data/kitti_vkitti/vkitti/Scene02/clone/frames/rgb/Camera_0/rgb_00137.jpg,3,3,3,0.0112263374485596,0.0026795491143317,0.0163993558776167,0.192,0.6548212139391453,0.2089208235496613,0.5569566495840272,3,3,0,1,2,2,0.25,0.5,10,6,0.533579428990682,0.8025508522987366,0.0065593193787208,0.6666666666666666,0.0
0002_000145,2,Scene02,145,data/kitti_vkitti/kitti/training/image_02/0002/000145.png,data/kitti_vkitti/vkitti/Scene02/clone/frames/rgb/Camera_0/rgb_00145.jpg,2,2,2,0.0151626409017713,0.0036070853462157,0.0267181964573268,0.1306666666666666,0.6564835380421626,0.5601518462209116,0.578755340230139,1,3,1,1,2,1,0.25,0.5,10,4,0.4899585321545601,0.7363139390945435,0.0097142785083016,0.5,0.5
0002_000146,2,Scene02,146,data/kitti_vkitti/kitti/training/image_02/0002/000146.png,data/kitti_vkitti/vkitti/Scene02/clone/frames/rgb/Camera_0/rgb_00146.jpg,2,2,2,0.0167235641438539,0.0036113794954374,0.0298357487922705,0.1346666666666666,0.6557988906781177,0.5825478527594578,0.522683013812187,1,2,1,1,3,1,0.25,0.5,10,3,0.5849046210447947,0.7129361033439636,0.0134867047128192,0.5,0.5
0002_000147,2,Scene02,147,data/kitti_vkitti/kitti/training/image_02/0002/000147.png,data/kitti_vkitti/vkitti/Scene02/clone/frames/rgb/Camera_0/rgb_00147.jpg,2,2,2,0.0186247987117552,0.0037981749865807,0.0334514224369296,0.14,0.6548493616662983,0.1738876439898513,0.568761471896728,2,2,0,1,5,1,0.25,0.5,10,4,0.6526845321059227,0.8335781097412109,0.0110255635355884,0.5,0.0
0002_000148,2,Scene02,148,data/kitti_vkitti/kitti/training/image_02/0002/000148.png,data/kitti_vkitti/vkitti/Scene02/clone/frames/rgb/Camera_0/rgb_00148.jpg,2,2,2,0.0211229200214707,0.0039849704777241,0.0382608695652173,0.1466666666666666,0.6536297980276383,0.2331727125362549,0.6207757859883659,2,2,0,1,6,1,0.25,0.5,10,4,0.6175626963376999,0.7793625593185425,0.0113189485869227,0.5,0.0
0002_000149,2,Scene02,149,data/kitti_vkitti/kitti/training/image_02/0002/000149.png,data/kitti_vkitti/vkitti/Scene02/clone/frames/rgb/Camera_0/rgb_00149.jpg,2,2,2,0.0237724100912506,0.0039677938808373,0.0435770263016639,0.152,0.6516993590350795,0.3170296085484593,0.5689020538551197,2,2,0,1,2,1,0.25,0.5,10,4,0.6208218783140182,0.8488545417785645,0.0131737984195671,0.5,0.0
0002_000150,2,Scene02,150,data/kitti_vkitti/kitti/training/image_02/0002/000150.png,data/kitti_vkitti/vkitti/Scene02/clone/frames/rgb/Camera_0/rgb_00150.jpg,2,2,2,0.0272592592592592,0.0041481481481481,0.0503703703703703,0.16,0.64985045835833,0.3338837537321448,0.5396649208519513,2,1,0,1,3,1,0.25,0.5,10,3,0.6144634087880453,0.8472680449485779,0.0186510376672464,0.5,0.0
0002_000151,2,Scene02,151,data/kitti_vkitti/kitti/training/image_02/0002/000151.png,data/kitti_vkitti/vkitti/Scene02/clone/frames/rgb/Camera_0/rgb_00151.jpg,2,2,2,0.031276435856146,0.0042683843263553,0.0582844873859366,0.1679999999999999,0.6478149811078484,0.5746118341367408,0.5485613430818601,1,1,1,1,1,1,0.25,0.5,10,2,0.838238388299942,0.8553608059883118,0.0315012898076142,0.5,0.5
0002_000152,2,Scene02,152,data/kitti_vkitti/kitti/training/image_02/0002/000152.png,data/kitti_vkitti/vkitti/Scene02/clone/frames/rgb/Camera_0/rgb_00152.jpg,2,2,2,0.0328212560386473,0.0044208266237251,0.0612216854535695,0.18,0.6460480313220297,0.4437482689894185,0.5458841003031776,1,2,1,1,1,1,0.25,0.5,10,3,0.6661076148351034,0.9047834277153016,0.0230008878746705,0.5,0.5
0002_000153,2,Scene02,153,data/kitti_vkitti/kitti/training/image_02/0002/000153.png,data/kitti_vkitti/vkitti/Scene02/clone/frames/rgb/Camera_0/rgb_00153.jpg,2,2,2,0.0308641975308641,0.0042082662372517,0.0575201288244766,0.1893333333333333,0.6460087103869997,0.173080312080927,0.5454964872916093,2,3,0,1,1,1,0.25,0.5,10,5,0.5485761761665344,0.9073730111122132,0.0147313245050493,0.5,0.0
0002_000154,2,Scene02,154,data/kitti_vkitti/kitti/training/image_02/0002/000154.png,data/kitti_vkitti/vkitti/Scene02/clone/frames/rgb/Camera_0/rgb_00154.jpg,2,2,2,0.025972088030059,0.0041481481481481,0.0477960279119699,0.188,0.6476169029501226,0.3590819715178612,0.6101684191207064,1,2,1,1,1,1,0.25,0.5,10,3,0.6262774368127187,0.8557692766189575,0.0192016128673773,0.5,0.5
0002_000155,2,Scene02,155,data/kitti_vkitti/kitti/training/image_02/0002/000155.png,data/kitti_vkitti/vkitti/Scene02/clone/frames/rgb/Camera_0/rgb_00155.jpg,2,2,2,0.0205743424584004,0.0042082662372517,0.0369404186795491,0.1853333333333333,0.6510906002336523,0.2563135391354385,0.4481455418837921,2,2,0,1,2,1,0.25,0.5,10,4,0.5471424013376236,0.7603890895843506,0.0126768511353833,0.5,0.0
0002_000156,2,Scene02,156,data/kitti_vkitti/kitti/training/image_02/0002/000156.png,data/kitti_vkitti/vkitti/Scene02/clone/frames/rgb/Camera_0/rgb_00156.jpg,2,2,2,0.0144777241009125,0.0041481481481481,0.0248073000536768,0.1826666666666666,0.6552755938661025,0.1904784450481613,0.4248603508841557,2,3,0,1,4,1,0.25,0.5,10,5,0.5050272762775421,0.7263550758361816,0.0087533135379456,0.5,0.0
0002_000157,2,Scene02,157,data/kitti_vkitti/kitti/training/image_02/0002/000157.png,data/kitti_vkitti/vkitti/Scene02/clone/frames/rgb/Camera_0/rgb_00157.jpg,2,2,2,0.0076500268384326,0.0041481481481481,0.0111519055287171,0.1786666666666666,0.6605547030406366,0.311078891928346,0.7395565686534291,2,3,0,0,3,2,0.25,0.5,10,5,0.4800443649291992,0.6140785813331604,0.0064729381414923,1.0,0.0
0006_000000,6,Scene06,0,data/kitti_vkitti/kitti/training/image_02/0006/000000.png,data/kitti_vkitti/vkitti/Scene06/clone/frames/rgb/Camera_0/rgb_00000.jpg,1,1,1,0.0515276435856146,0.0515276435856146,0.0515276435856146,0.2746666666666666,0.5035979497542441,0.1125184427080639,0.0858969663835645,1,0,0,1,0,0,0.25,0.5,10,1,0.8378567695617676,0.8378567695617676,0.045729833372945,0.0,0.0
0006_000001,6,Scene06,1,data/kitti_vkitti/kitti/training/image_02/0006/000001.png,data/kitti_vkitti/vkitti/Scene06/clone/frames/rgb/Camera_0/rgb_00001.jpg,1,1,1,0.0605346215780998,0.0605346215780998,0.0605346215780998,0.296,0.501194809131382,0.1164694261106855,0.0430415854917982,1,0,0,1,0,0,0.25,0.5,10,1,0.8671801090240479,0.8671801090240479,0.053484188943071,0.0,0.0
0006_000002,6,Scene06,2,data/kitti_vkitti/kitti/training/image_02/0006/000002.png,data/kitti_vkitti/vkitti/Scene06/clone/frames/rgb/Camera_0/rgb_00002.jpg,1,1,1,0.0738679549114331,0.0738679549114331,0.0738679549114331,0.3253333333333333,0.4959251134055339,0.1355911902436888,0.0628304543974839,1,0,0,1,0,0,0.25,0.5,10,1,0.9082226753234864,0.9082226753234864,0.0638521109841248,0.0,0.0
0006_000003,6,Scene06,3,data/kitti_vkitti/kitti/training/image_02/0006/000003.png,data/kitti_vkitti/vkitti/Scene06/clone/frames/rgb/Camera_0/rgb_00003.jpg,1,1,1,0.0921739130434782,0.0921739130434782,0.0921739130434782,0.36,0.4915131192573648,0.1427616746553994,0.1524752812928931,1,0,0,1,0,0,0.25,0.5,10,1,0.9120917320251464,0.9120917320251464,0.0790150108578501,0.0,0.0
0006_000004,6,Scene06,4,data/kitti_vkitti/kitti/training/image_02/0006/000004.png,data/kitti_vkitti/vkitti/Scene06/clone/frames/rgb/Camera_0/rgb_00004.jpg,2,2,2,0.0517241009125067,0.0006462694578636,0.1028019323671497,0.26,0.4870209844968583,0.5674951181691438,0.523735474919977,1,0,1,1,0,1,0.25,0.5,10,1,0.9384464621543884,0.9384464621543884,0.0889246752208755,0.5,0.5
0006_000005,6,Scene06,5,data/kitti_vkitti/kitti/training/image_02/0006/000005.png,data/kitti_vkitti/vkitti/Scene06/clone/frames/rgb/Camera_0/rgb_00005.jpg,2,2,2,0.0422050456253354,0.0040622651637144,0.0803478260869565,0.2626666666666666,0.4874709102964857,0.2352716051785546,0.5806750345098745,2,0,0,1,0,1,0.25,0.5,10,2,0.7328569293022156,0.8701790571212769,0.0347149512610237,0.5,0.0
0006_000006,6,Scene06,6,data/kitti_vkitti/kitti/training/image_02/0006/000006.png,data/kitti_vkitti/vkitti/Scene06/clone/frames/rgb/Camera_0/rgb_00006.jpg,2,2,2,0.0298142780461621,0.0073859366612989,0.0522426194310252,0.2626666666666666,0.4974157304789871,0.1998871628532802,0.2148515045397773,2,0,0,2,0,0,0.25,0.5,10,2,0.7529152631759644,0.8792166709899902,0.0231436707866246,0.0,0.0
0006_000007,6,Scene06,7,data/kitti_vkitti/kitti/training/image_02/0006/000007.png,data/kitti_vkitti/vkitti/Scene06/clone/frames/rgb/Camera_0/rgb_00007.jpg,2,2,2,0.0144927536231884,0.0107096081588835,0.0182758990874932,0.26,0.5114683338069528,0.196194756903181,0.4955412767439512,2,0,0,1,2,1,0.25,0.5,10,2,0.7236469388008118,0.8012146949768066,0.0111797596048333,0.5,0.0
0006_000036,6,Scene06,36,data/kitti_vkitti/kitti/training/image_02/0006/000036.png,data/kitti_vkitti/vkitti/Scene06/clone/frames/rgb/Camera_0/rgb_00036.jpg,1,1,1,0.0275856146001073,0.0275856146001073,0.0275856146001073,0.3893333333333333,0.5149755928136149,1.0,1.0,0,1,1,0,0,1,0.25,0.5,10,1,0.443405270576477,0.443405270576477,0.0017877346063037,1.0,1.0
0006_000037,6,Scene06,37,data/kitti_vkitti/kitti/training/image_02/0006/000037.png,data/kitti_vkitti/vkitti/Scene06/clone/frames/rgb/Camera_0/rgb_00037.jpg,1,1,1,0.0515748792270531,0.0515748792270531,0.0515748792270531,0.408,0.5097115973603612,0.6512839861215802,0.3135250835862265,0,2,1,1,1,0,0.25,0.5,10,2,0.471954733133316,0.6316670775413513,0.009845681771446,0.0,1.0
0006_000038,6,Scene06,38,data/kitti_vkitti/kitti/training/image_02/0006/000038.png,data/kitti_vkitti/vkitti/Scene06/clone/frames/rgb/Camera_0/rgb_00038.jpg,1,1,1,0.0744219001610305,0.0744219001610305,0.0744219001610305,0.424,0.4985775420205656,0.3060620303300538,0.1283230172747425,1,1,0,1,1,0,0.25,0.5,10,2,0.7108891904354095,0.90100759267807,0.0267350804513711,0.0,0.0
0006_000039,6,Scene06,39,data/kitti_vkitti/kitti/training/image_02/0006/000039.png,data/kitti_vkitti/vkitti/Scene06/clone/frames/rgb/Camera_0/rgb_00039.jpg,1,1,1,0.0951926999463231,0.0951926999463231,0.0951926999463231,0.4346666666666666,0.48625801521897,0.2203616140747674,0.1300755295047007,1,1,0,1,1,0,0.25,0.5,10,2,0.6934564411640167,0.916644275188446,0.0379699981154846,0.0,0.0
0006_000040,6,Scene06,40,data/kitti_vkitti/kitti/training/image_02/0006/000040.png,data/kitti_vkitti/vkitti/Scene06/clone/frames/rgb/Camera_0/rgb_00040.jpg,1,1,1,0.1122297369833601,0.1122297369833601,0.1122297369833601,0.4453333333333333,0.48183864523802,0.1452555758733478,0.074051414667003,1,1,0,1,1,0,0.25,0.5,10,2,0.5947525054216385,0.9036855101585388,0.0487128526708426,0.0,0.0
0006_000041,6,Scene06,41,data/kitti_vkitti/kitti/training/image_02/0006/000041.png,data/kitti_vkitti/vkitti/Scene06/clone/frames/rgb/Camera_0/rgb_00041.jpg,2,1,1,0.1262909286097691,0.1262909286097691,0.1262909286097691,0.4533333333333333,0.4782742993064107,0.1241879007458225,0.5327327460343938,1,1,0,1,0,1,0.25,0.5,10,2,0.7030137628316879,0.9105044007301332,0.0559604625246521,0.5,0.0
0006_000042,6,Scene06,42,data/kitti_vkitti/kitti/training/image_02/0006/000042.png,data/kitti_vkitti/vkitti/Scene06/clone/frames/rgb/Camera_0/rgb_00042.jpg,2,2,2,0.0662608695652173,0.0129168008588298,0.1196049382716049,0.4013333333333333,0.4809975645437992,0.3686048857946256,0.2772455562240002,1,2,1,2,0,0,0.25,0.5,10,3,0.5914525886376699,0.8845781087875366,0.0350295766291896,0.0,0.5
0006_000043,6,Scene06,43,data/kitti_vkitti/kitti/training/image_02/0006/000043.png,data/kitti_vkitti/vkitti/Scene06/clone/frames/rgb/Camera_0/rgb_00043.jpg,2,2,2,0.0601095008051529,0.0259581320450885,0.0942608695652174,0.3893333333333333,0.4830822561123215,0.2769611667284686,0.2088294972810169,2,1,0,2,1,0,0.25,0.5,10,3,0.7248882253964742,0.9213820099830629,0.0313140125233699,0.0,0.0
0006_000044,6,Scene06,44,data/kitti_vkitti/kitti/training/image_02/0006/000044.png,data/kitti_vkitti/vkitti/Scene06/clone/frames/rgb/Camera_0/rgb_00044.jpg,2,2,2,0.0546162104133118,0.0376940418679549,0.0715383789586688,0.3666666666666667,0.4835831812488817,0.221854586063764,0.1479669824032896,2,1,0,2,1,0,0.25,0.5,10,3,0.7283193469047546,0.9060484766960144,0.029317015374047,0.0,0.0
0006_000045,6,Scene06,45,data/kitti_vkitti/kitti/training/image_02/0006/000045.png,data/kitti_vkitti/vkitti/Scene06/clone/frames/rgb/Camera_0/rgb_00045.jpg,2,2,2,0.0515963499731615,0.0474031132581857,0.0557895866881374,0.348,0.4834871943839264,0.1348316469307375,0.0834739964493693,2,1,0,2,1,0,0.25,0.5,10,3,0.7203704118728638,0.9010717868804932,0.0299668068596331,0.0,0.0
0006_000046,6,Scene06,46,data/kitti_vkitti/kitti/training/image_02/0006/000046.png,data/kitti_vkitti/vkitti/Scene06/clone/frames/rgb/Camera_0/rgb_00046.jpg,2,2,2,0.0490177133655394,0.0452173913043478,0.052818035426731,0.32,0.4845684527380464,0.1292852157735616,0.0686345048535087,2,1,0,2,1,0,0.25,0.5,10,3,0.7147374053796133,0.8780472874641418,0.0288811262061335,0.0,0.0
0006_000047,6,Scene06,47,data/kitti_vkitti/kitti/training/image_02/0006/000047.png,data/kitti_vkitti/vkitti/Scene06/clone/frames/rgb/Camera_0/rgb_00047.jpg,2,2,2,0.0458550724637681,0.0366419753086419,0.0550681696188942,0.2906666666666667,0.4867366360392788,0.1205827523413498,0.0747092964448512,2,0,0,2,0,0,0.25,0.5,10,2,0.8669911623001099,0.8966333866119385,0.0406734424623572,0.0,0.0
0006_000048,6,Scene06,48,data/kitti_vkitti/kitti/training/image_02/0006/000048.png,data/kitti_vkitti/vkitti/Scene06/clone/frames/rgb/Camera_0/rgb_00048.jpg,2,2,2,0.0391336553945249,0.0307203435319377,0.0475469672571121,0.268,0.4926080852093924,0.136702424125318,0.0850109445429874,2,0,0,2,0,0,0.25,0.5,10,2,0.8609133660793304,0.8624390959739685,0.0340356135042689,0.0,0.0
0006_000049,6,Scene06,49,data/kitti_vkitti/kitti/training/image_02/0006/000049.png,data/kitti_vkitti/vkitti/Scene06/clone/frames/rgb/Camera_0/rgb_00049.jpg,2,2,2,0.0320279119699409,0.0255072463768115,0.0385485775630703,0.2453333333333333,0.497047865028996,0.1362552786262076,0.0830824583642992,2,0,0,2,0,0,0.25,0.5,10,2,0.8824468553066254,0.8916149735450745,0.0279280388783633,0.0,0.0
0006_000050,6,Scene06,50,data/kitti_vkitti/kitti/training/image_02/0006/000050.png,data/kitti_vkitti/vkitti/Scene06/clone/frames/rgb/Camera_0/rgb_00050.jpg,2,2,2,0.026756843800322,0.0213848631239935,0.0321288244766505,0.2266666666666666,0.5006617873343647,0.1347171161980397,0.091069662196259,2,0,0,2,0,0,0.25,0.5,10,2,0.8522156476974487,0.8584532141685486,0.0233559759504897,0.0,0.0
0006_000051,6,Scene06,51,data/kitti_vkitti/kitti/training/image_02/0006/000051.png,data/kitti_vkitti/vkitti/Scene06/clone/frames/rgb/Camera_0/rgb_00051.jpg,2,2,2,0.0224530327428878,0.0179495437466451,0.0269565217391304,0.2093333333333333,0.5033175502299686,0.1257127174866756,0.0850862837164869,2,0,0,2,1,0,0.25,0.5,10,2,0.8538070321083069,0.8918251395225525,0.0198266791337086,0.0,0.0
0006_000052,6,Scene06,52,data/kitti_vkitti/kitti/training/image_02/0006/000052.png,data/kitti_vkitti/vkitti/Scene06/clone/frames/rgb/Camera_0/rgb_00052.jpg,2,2,2,0.0190509930220075,0.0153966720343531,0.0227053140096618,0.1946666666666666,0.5054878300864093,0.1340025042038393,0.0870746730877418,2,0,0,2,0,0,0.25,0.5,10,2,0.8781611323356628,0.897367000579834,0.0166333490603683,0.0,0.0
0006_000053,6,Scene06,53,data/kitti_vkitti/kitti/training/image_02/0006/000053.png,data/kitti_vkitti/vkitti/Scene06/clone/frames/rgb/Camera_0/rgb_00053.jpg,3,2,2,0.0163832528180354,0.013378421900161,0.0193880837359098,0.1826666666666666,0.5068608211507899,0.1264054184071847,0.2176564343000766,2,0,0,3,0,0,0.25,0.5,10,2,0.8218969106674194,0.894469141960144,0.0144650135207811,0.0,0.0
0006_000054,6,Scene06,54,data/kitti_vkitti/kitti/training/image_02/0006/000054.png,data/kitti_vkitti/vkitti/Scene06/clone/frames/rgb/Camera_0/rgb_00054.jpg,3,3,3,0.0156392914653784,0.0116328502415458,0.0182801932367149,0.2293333333333333,0.5038831402018672,0.2733135628226316,0.2036705128435697,2,1,1,3,0,0,0.25,0.5,10,3,0.7202041943868002,0.8491228818893433,0.011245564499049,0.0,0.3333333333333333
0006_000055,6,Scene06,55,data/kitti_vkitti/kitti/training/image_02/0006/000055.png,data/kitti_vkitti/vkitti/Scene06/clone/frames/rgb/Camera_0/rgb_00055.jpg,4,3,3,0.0185879405976024,0.0099624261943102,0.0308921095008051,0.2239999999999999,0.4996802121814909,0.2050873407348884,0.3522905623743291,3,0,0,3,0,1,0.25,0.5,10,3,0.842897355556488,0.8784780502319336,0.0139064142375612,0.25,0.0
0006_000056,6,Scene06,56,data/kitti_vkitti/kitti/training/image_02/0006/000056.png,data/kitti_vkitti/vkitti/Scene06/clone/frames/rgb/Camera_0/rgb_00056.jpg,4,4,4,0.0261508319914117,0.0088566827697262,0.0425807836822329,0.2546666666666666,0.4953627566754023,0.3747454860556539,0.246104649947671,3,0,1,3,1,1,0.25,0.5,10,3,0.8356447418530782,0.883045494556427,0.016765584555689,0.25,0.25
0006_000057,6,Scene06,57,data/kitti_vkitti/kitti/training/image_02/0006/000057.png,data/kitti_vkitti/vkitti/Scene06/clone/frames/rgb/Camera_0/rgb_00057.jpg,4,4,4,0.033975845410628,0.0078153515834675,0.0641696188942565,0.2566666666666666,0.4873782156126003,0.2703265735674457,0.189662539715103,3,1,1,4,0,0,0.25,0.5,10,4,0.7389894425868988,0.87119060754776,0.0206464913289797,0.0,0.25
0006_000058,6,Scene06,58,data/kitti_vkitti/kitti/training/image_02/0006/000058.png,data/kitti_vkitti/vkitti/Scene06/clone/frames/rgb/Camera_0/rgb_00058.jpg,4,4,4,0.0402538915727321,0.006838432635534,0.0847020933977455,0.256,0.4797168724279835,0.2439699941399452,0.1670425653130277,4,0,0,4,0,0,0.25,0.5,10,4,0.8406709730625153,0.8631160259246826,0.0267040714465188,0.0,0.0
0006_000059,6,Scene06,59,data/kitti_vkitti/kitti/training/image_02/0006/000059.png,data/kitti_vkitti/vkitti/Scene06/clone/frames/rgb/Camera_0/rgb_00059.jpg,4,4,4,0.0442823403113258,0.0060246913580246,0.1011701556629092,0.2466666666666666,0.474187372254323,0.2228791653737745,0.1358458293747528,4,0,0,4,1,0,0.25,0.5,10,4,0.8417790681123734,0.9335027933120728,0.0304843506414185,0.0,0.0
0006_000060,6,Scene06,60,data/kitti_vkitti/kitti/training/image_02/0006/000060.png,data/kitti_vkitti/vkitti/Scene06/clone/frames/rgb/Camera_0/rgb_00060.jpg,4,4,4,0.0478539989264626,0.0053848631239935,0.1178314546430488,0.24,0.4747715617862819,0.2491972446123215,0.3357281125329214,3,1,1,3,0,1,0.25,0.5,10,4,0.7640945613384247,0.8969163298606873,0.0334839517438896,0.25,0.25
0006_000061,6,Scene06,61,data/kitti_vkitti/kitti/training/image_02/0006/000061.png,data/kitti_vkitti/vkitti/Scene06/clone/frames/rgb/Camera_0/rgb_00061.jpg,4,4,4,0.0482860976918947,0.0048695652173913,0.1313408480944712,0.2339999999999999,0.4716001389283571,0.2373823017544762,0.3086688435748133,3,1,1,3,2,1,0.25,0.5,10,4,0.7007812932133675,0.8019656538963318,0.0367505483478702,0.25,0.25
0006_000062,6,Scene06,62,data/kitti_vkitti/kitti/training/image_02/0006/000062.png,data/kitti_vkitti/vkitti/Scene06/clone/frames/rgb/Camera_0/rgb_00062.jpg,4,4,4,0.0485077831454643,0.0044659151905528,0.1416317767042404,0.228,0.4746136381337291,0.235379270544057,0.3383861192169786,3,1,1,3,0,1,0.25,0.5,10,4,0.796884760260582,0.8967382311820984,0.0364011125986054,0.25,0.25
0006_000063,6,Scene06,63,data/kitti_vkitti/kitti/training/image_02/0006/000063.png,data/kitti_vkitti/vkitti/Scene06/clone/frames/rgb/Camera_0/rgb_00063.jpg,4,4,4,0.0410509930220075,0.0038132045088566,0.1197208803005904,0.2219999999999999,0.4802573121572837,0.1904835454868495,0.3627890858463938,4,0,0,3,0,1,0.25,0.5,10,4,0.7011600583791733,0.9157618284225464,0.0333416339808203,0.25,0.0
0006_000064,6,Scene06,64,data/kitti_vkitti/kitti/training/image_02/0006/000064.png,data/kitti_vkitti/vkitti/Scene06/clone/frames/rgb/Camera_0/rgb_00064.jpg,4,4,4,0.0346129898013956,0.0035555555555555,0.1003972088030059,0.2133333333333333,0.4854393988191089,0.1827097256797477,0.2222983320532667,4,1,0,4,0,0,0.25,0.5,10,5,0.6886440515518188,0.9207096695899964,0.0249630235120518,0.0,0.0
0006_000065,6,Scene06,65,data/kitti_vkitti/kitti/training/image_02/0006/000065.png,data/kitti_vkitti/vkitti/Scene06/clone/frames/rgb/Camera_0/rgb_00065.jpg,4,4,4,0.0272871712292002,0.0032120236178207,0.0760644122383252,0.1953333333333333,0.4915697094081862,0.1637376924207828,0.1800908773395484,4,0,0,4,0,0,0.25,0.5,10,4,0.7479621767997742,0.8554906249046326,0.0227285259875698,0.0,0.0
0006_000066,6,Scene06,66,data/kitti_vkitti/kitti/training/image_02/0006/000066.png,data/kitti_vkitti/vkitti/Scene06/clone/frames/rgb/Camera_0/rgb_00066.jpg,4,4,4,0.0219323671497584,0.002975845410628,0.0593472893183038,0.1793333333333333,0.4959680633176512,0.1864311918109094,0.1792744052918546,4,0,0,4,0,0,0.25,0.5,10,4,0.7793170362710953,0.8837580680847168,0.0179916211745241,0.0,0.0
0006_000067,6,Scene06,67,data/kitti_vkitti/kitti/training/image_02/0006/000067.png,data/kitti_vkitti/vkitti/Scene06/clone/frames/rgb/Camera_0/rgb_00067.jpg,4,4,4,0.0179168008588298,0.0026623725174449,0.0468706387546967,0.1653333333333333,0.4994887773252081,0.1601133671814458,0.1721559237396988,4,0,0,4,0,0,0.25,0.5,10,4,0.7572472989559174,0.8468948006629944,0.0149728816952336,0.0,0.0
0006_000068,6,Scene06,68,data/kitti_vkitti/kitti/training/image_02/0006/000068.png,data/kitti_vkitti/vkitti/Scene06/clone/frames/rgb/Camera_0/rgb_00068.jpg,5,4,4,0.014862587224906,0.0025292538915727,0.0379066022544283,0.154,0.5008153157988907,0.1917145980881793,0.3675023946276383,4,0,0,4,0,1,0.25,0.5,10,4,0.7583858668804169,0.8710709810256958,0.0122302014613304,0.2,0.0
0006_000069,6,Scene06,69,data/kitti_vkitti/kitti/training/image_02/0006/000069.png,data/kitti_vkitti/vkitti/Scene06/clone/frames/rgb/Camera_0/rgb_00069.jpg,5,5,5,0.0154267310789049,0.0023038110574342,0.0309307568438003,0.1984,0.4912427646743077,0.3453043814495224,0.314153769613426,4,0,1,4,2,1,0.25,0.5,10,4,0.7074153646826744,0.8953962922096252,0.0107337049104706,0.2,0.2
0006_000070,6,Scene06,70,data/kitti_vkitti/kitti/training/image_02/0006/000070.png,data/kitti_vkitti/vkitti/Scene06/clone/frames/rgb/Camera_0/rgb_00070.jpg,5,5,5,0.0199300053676865,0.0021041331186258,0.0570434782608695,0.1941333333333333,0.4907927041562733,0.4217851418791356,0.422384508177914,3,1,2,3,1,2,0.25,0.5,10,4,0.7490677833557129,0.8513804078102112,0.0135752099903827,0.4,0.4
0006_000071,6,Scene06,71,data/kitti_vkitti/kitti/training/image_02/0006/000071.png,data/kitti_vkitti/vkitti/Scene06/clone/frames/rgb/Camera_0/rgb_00071.jpg,5,5,5,0.0235315083199141,0.0018980139559849,0.0810348899624262,0.1898666666666666,0.4842072726890005,0.4008677085377635,0.34265594925179,4,0,1,4,0,1,0.25,0.5,10,4,0.7702689915895462,0.832436740398407,0.020297309606579,0.2,0.2
0006_000072,6,Scene06,72,data/kitti_vkitti/kitti/training/image_02/0006/000072.png,data/kitti_vkitti/vkitti/Scene06/clone/frames/rgb/Camera_0/rgb_00072.jpg,5,5,5,0.0266696725711218,0.0017713365539452,0.1017004830917874,0.1856,0.4761372864765874,0.3554287530111433,0.339495473598895,4,0,1,4,1,1,0.25,0.5,10,4,0.8135224878787994,0.9307714104652404,0.0272902562868897,0.2,0.2
0006_000073,6,Scene06,73,data/kitti_vkitti/kitti/training/image_02/0006/000073.png,data/kitti_vkitti/vkitti/Scene06/clone/frames/rgb/Camera_0/rgb_00073.jpg,4,5,5,0.0291624261943102,0.0017176596886741,0.1180547504025764,0.1829333333333333,0.4722029701198783,0.3619482633731612,0.3309384051022087,4,0,1,3,1,1,0.25,0.5,10,4,0.7359504103660583,0.8417143821716309,0.034136546293524,0.25,0.2
0006_000074,6,Scene06,74,data/kitti_vkitti/kitti/training/image_02/0006/000074.png,data/kitti_vkitti/vkitti/Scene06/clone/frames/rgb/Camera_0/rgb_00074.jpg,4,4,4,0.0387106816961889,0.0023188405797101,0.1322597960279119,0.2073333333333333,0.4769840085040994,0.3779106042219495,0.3436311638807822,3,2,1,3,1,1,0.25,0.5,10,5,0.6628075420856476,0.8803693056106567,0.0295850292325899,0.25,0.25
0006_000075,6,Scene06,75,data/kitti_vkitti/kitti/training/image_02/0006/000075.png,data/kitti_vkitti/vkitti/Scene06/clone/frames/rgb/Camera_0/rgb_00075.jpg,4,4,4,0.0410874932903918,0.0021213097155126,0.144463768115942,0.204,0.4765505436098218,0.4062484703348569,0.3362982327809323,3,1,1,3,1,1,0.25,0.5,10,4,0.7470763325691223,0.9156217575073242,0.0375298644007477,0.25,0.25
0006_000076,6,Scene06,76,data/kitti_vkitti/kitti/training/image_02/0006/000076.png,data/kitti_vkitti/vkitti/Scene06/clone/frames/rgb/Camera_0/rgb_00076.jpg,3,4,4,0.0430960815888352,0.0019860440150295,0.1545893719806763,0.2013333333333333,0.4669968025428099,0.3688339259764757,0.1653700948215034,3,1,1,3,2,0,0.25,0.5,10,4,0.7061483412981033,0.857806384563446,0.0391366528494066,0.0,0.25
0006_000077,6,Scene06,77,data/kitti_vkitti/kitti/training/image_02/0006/000077.png,data/kitti_vkitti/vkitti/Scene06/clone/frames/rgb/Camera_0/rgb_00077.jpg,3,3,3,0.0480365002683843,0.0049468599033816,0.1301878690284487,0.2417777777777777,0.4593393746118952,0.184807810103918,0.1598452873557204,3,2,0,3,1,0,0.25,0.5,10,5,0.6568902492523193,0.8619583249092102,0.0258970433175931,0.0,0.0
0006_000078,6,Scene06,78,data/kitti_vkitti/kitti/training/image_02/0006/000078.png,data/kitti_vkitti/vkitti/Scene06/clone/frames/rgb/Camera_0/rgb_00078.jpg,3,3,3,0.037159420289855,0.0045088566827697,0.0990424047235641,0.2222222222222222,0.4627671413385537,0.1772745119763286,0.141301807037972,3,1,0,3,1,0,0.25,0.5,10,4,0.760434165596962,0.9028947353363036,0.0244592435874626,0.0,0.0
0006_000079,6,Scene06,79,data/kitti_vkitti/kitti/training/image_02/0006/000079.png,data/kitti_vkitti/vkitti/Scene06/clone/frames/rgb/Camera_0/rgb_00079.jpg,3,3,3,0.0288309178743961,0.0041095008051529,0.07543961352657,0.2008888888888889,0.4679502636481323,0.2168299073263607,0.1152697541987799,3,1,0,3,1,0,0.25,0.5,10,4,0.7576726227998734,0.8929586410522461,0.0196614905728699,0.0,0.0
0006_000080,6,Scene06,80,data/kitti_vkitti/kitti/training/image_02/0006/000080.png,data/kitti_vkitti/vkitti/Scene06/clone/frames/rgb/Camera_0/rgb_00080.jpg,3,3,3,0.0228577563070316,0.0037788513150831,0.0585378421900161,0.184,0.4754654878806058,0.1738830983169051,0.0987919172347613,3,1,0,3,1,0,0.25,0.5,10,4,0.7075331807136536,0.8672803640365601,0.0159336343692736,0.0,0.0
0006_000081,6,Scene06,81,data/kitti_vkitti/kitti/training/image_02/0006/000081.png,data/kitti_vkitti/vkitti/Scene06/clone/frames/rgb/Camera_0/rgb_00081.jpg,3,3,3,0.0186036858114152,0.0034138486312399,0.0468234031132581,0.1688888888888889,0.4830028396114216,0.1954636117820584,0.1149074937959641,3,1,0,3,3,0,0.25,0.5,10,4,0.6607918664813042,0.8643641471862793,0.012704148675517,0.0,0.0
0006_000082,6,Scene06,82,data/kitti_vkitti/kitti/training/image_02/0006/000082.png,data/kitti_vkitti/vkitti/Scene06/clone/frames/rgb/Camera_0/rgb_00082.jpg,3,3,3,0.0155419574163535,0.003220611916264,0.0382351046698872,0.1591111111111111,0.490488097418248,0.2597046823860687,0.433853267745164,3,0,0,2,1,1,0.25,0.5,10,3,0.6323490838209788,0.8580280542373657,0.013371811591314,0.3333333333333333,0.0
0006_000083,6,Scene06,83,data/kitti_vkitti/kitti/training/image_02/0006/000083.png,data/kitti_vkitti/vkitti/Scene06/clone/frames/rgb/Camera_0/rgb_00083.jpg,3,3,3,0.0128881731973519,0.002988727858293,0.0311239935587761,0.1466666666666666,0.4955374190900192,0.4177128702553979,0.2573464370983996,2,0,1,3,2,0,0.25,0.5,10,2,0.8090084791183472,0.8744305372238159,0.0162761210122326,0.0,0.3333333333333333
0006_000084,6,Scene06,84,data/kitti_vkitti/kitti/training/image_02/0006/000084.png,data/kitti_vkitti/vkitti/Scene06/clone/frames/rgb/Camera_0/rgb_00084.jpg,3,3,3,0.0108026480586867,0.0025507246376811,0.0256961889425657,0.136,0.4991041899529538,0.2084730809281786,0.18071960192383,3,0,0,3,3,0,0.25,0.5,10,3,0.6095358630021414,0.8480696678161621,0.0096914063667924,0.0,0.0
0006_000085,6,Scene06,85,data/kitti_vkitti/kitti/training/image_02/0006/000085.png,data/kitti_vkitti/vkitti/Scene06/clone/frames/rgb/Camera_0/rgb_00085.jpg,5,5,5,0.0120549651100375,0.0023446054750402,0.0255587761674718,0.1978666666666667,0.5010752886447117,0.4626190931942441,0.468785477781944,3,1,2,3,1,2,0.25,0.5,10,4,0.6545010507106781,0.8728616237640381,0.00682814213262,0.4,0.4
0006_000086,6,Scene06,86,data/kitti_vkitti/kitti/training/image_02/0006/000086.png,data/kitti_vkitti/vkitti/Scene06/clone/frames/rgb/Camera_0/rgb_00086.jpg,5,5,5,0.0186859903381642,0.0021470746108427,0.0629865807836822,0.1930666666666666,0.4964676917895446,0.3562583926660123,0.4855399147483789,3,2,2,3,1,2,0.25,0.5,10,5,0.585010313987732,0.8734488487243652,0.0097467899759018,0.4,0.4
0006_000087,6,Scene06,87,data/kitti_vkitti/kitti/training/image_02/0006/000087.png,data/kitti_vkitti/vkitti/Scene06/clone/frames/rgb/Camera_0/rgb_00087.jpg,4,4,4,0.0289194847020934,0.0032120236178207,0.0899216317767042,0.2213333333333333,0.4845580710008104,0.2352038104779942,0.3894378975803739,4,0,0,3,0,1,0.25,0.5,10,4,0.6454688012599945,0.844231128692627,0.0223161372964965,0.25,0.0
0006_000088,6,Scene06,88,data/kitti_vkitti/kitti/training/image_02/0006/000088.png,data/kitti_vkitti/vkitti/Scene06/clone/frames/rgb/Camera_0/rgb_00088.jpg,4,4,4,0.0336704240472356,0.0028856682769726,0.1120472356414385,0.2166666666666666,0.472200562028354,0.1728680577763988,0.2354314391340828,4,0,0,3,2,1,0.25,0.5,10,4,0.7299447506666183,0.8595234155654907,0.0301501739719713,0.25,0.0
0006_000089,6,Scene06,89,data/kitti_vkitti/kitti/training/image_02/0006/000089.png,data/kitti_vkitti/vkitti/Scene06/clone/frames/rgb/Camera_0/rgb_00089.jpg,4,4,4,0.0373650026838432,0.0028169618894256,0.1287085346215781,0.214,0.464612185700904,0.1853449265285188,0.3203877393628522,4,0,0,3,0,1,0.25,0.5,10,4,0.6845572590827942,0.8519960045814514,0.0343151863643762,0.25,0.0
0006_000090,6,Scene06,90,data/kitti_vkitti/kitti/training/image_02/0006/000090.png,data/kitti_vkitti/vkitti/Scene06/clone/frames/rgb/Camera_0/rgb_00090.jpg,4,4,4,0.0406328502415458,0.0024476650563607,0.1440257648953301,0.21,0.4656519086861798,0.3134844439214665,0.3353260227532663,3,0,1,3,0,1,0.25,0.5,10,3,0.7909136414527893,0.886814296245575,0.0500221744969808,0.25,0.25
0006_000091,6,Scene06,91,data/kitti_vkitti/kitti/training/image_02/0006/000091.png,data/kitti_vkitti/vkitti/Scene06/clone/frames/rgb/Camera_0/rgb_00091.jpg,4,4,4,0.0431706924315619,0.0023038110574342,0.1557487922705314,0.2066666666666667,0.4661155336638144,0.3269582676471202,0.3396319608903739,3,0,1,3,1,1,0.25,0.5,10,3,0.8089954853057861,0.9412896037101746,0.053882845406361,0.25,0.25
0006_000092,6,Scene06,92,data/kitti_vkitti/kitti/training/image_02/0006/000092.png,data/kitti_vkitti/vkitti/Scene06/clone/frames/rgb/Camera_0/rgb_00092.jpg,4,3,3,0.0585636070853462,0.0021642512077294,0.1657971014492753,0.2426666666666666,0.4666145811625777,0.0782889303649975,0.3564649295197674,3,0,0,3,0,1,0.25,0.5,10,3,0.7782193024953207,0.8814926743507385,0.0560166036672256,0.25,0.0
0006_000093,6,Scene06,93,data/kitti_vkitti/kitti/training/image_02/0006/000093.png,data/kitti_vkitti/vkitti/Scene06/clone/frames/rgb/Camera_0/rgb_00093.jpg,4,3,3,0.0497555913401324,0.0021041331186258,0.1402576489533011,0.2408888888888889,0.4760545693747171,0.1325876302202505,0.3661762251013324,3,0,0,3,0,1,0.25,0.5,10,3,0.7712774276733398,0.8350279331207275,0.044144703063298,0.25,0.0
0006_000094,6,Scene06,94,data/kitti_vkitti/kitti/training/image_02/0006/000094.png,data/kitti_vkitti/vkitti/Scene06/clone/frames/rgb/Camera_0/rgb_00094.jpg,4,3,3,0.038565754159957,0.0019130434782608,0.1076972624798711,0.2204444444444444,0.4861163167145548,0.1242856645041089,0.3636972780284258,3,0,0,3,0,1,0.25,0.5,10,3,0.7131882508595785,0.7425110936164856,0.0345595015413048,0.25,0.0
0006_000095,6,Scene06,95,data/kitti_vkitti/kitti/training/image_02/0006/000095.png,data/kitti_vkitti/vkitti/Scene06/clone/frames/rgb/Camera_0/rgb_00095.jpg,4,3,3,0.0303603506888531,0.001842190016103,0.0837917337627482,0.2017777777777778,0.4927632302948017,0.1448370269152882,0.3807788926591919,3,0,0,3,0,1,0.25,0.5,10,3,0.770580510298411,0.8513930439949036,0.0276884169892912,0.25,0.0
0006_000096,6,Scene06,96,data/kitti_vkitti/kitti/training/image_02/0006/000096.png,data/kitti_vkitti/vkitti/Scene06/clone/frames/rgb/Camera_0/rgb_00096.jpg,4,4,4,0.0191502952227589,0.0016639828234031,0.0650885668276972,0.158,0.4977060991653774,0.3299156100392018,0.577324049834004,3,0,1,2,1,2,0.25,0.5,10,3,0.7458141843477885,0.8429394364356995,0.0226979633836426,0.5,0.25
0006_000097,6,Scene06,97,data/kitti_vkitti/kitti/training/image_02/0006/000097.png,data/kitti_vkitti/vkitti/Scene06/clone/frames/rgb/Camera_0/rgb_00097.jpg,4,4,4,0.0292549651100375,0.004354267310789,0.0556650563607085,0.2313333333333333,0.496442305789734,0.5465214509963141,0.4192482934707657,2,1,2,3,2,1,0.25,0.5,10,3,0.696471373240153,0.8564060926437378,0.018220507531501,0.25,0.5
0006_000098,6,Scene06,98,data/kitti_vkitti/kitti/training/image_02/0006/000098.png,data/kitti_vkitti/vkitti/Scene06/clone/frames/rgb/Camera_0/rgb_00098.jpg,4,4,4,0.0329269994632313,0.003972088030059,0.0803864734299516,0.2266666666666666,0.485544891751655,0.3847190875116315,0.3564905135731742,3,1,1,3,1,1,0.25,0.5,10,4,0.6951560229063034,0.8851976990699768,0.0248504727312643,0.25,0.25
0006_000099,6,Scene06,99,data/kitti_vkitti/kitti/training/image_02/0006/000099.png,data/kitti_vkitti/vkitti/Scene06/clone/frames/rgb/Camera_0/rgb_00099.jpg,4,4,4,0.0363859366612989,0.0035319377348362,0.1022608695652173,0.2226666666666666,0.4738606211781546,0.377153739589397,0.3590333767998099,3,1,1,3,0,1,0.25,0.5,10,4,0.7463617473840714,0.9017871618270874,0.0291510577818225,0.25,0.25
0006_000100,6,Scene06,100,data/kitti_vkitti/kitti/training/image_02/0006/000100.png,data/kitti_vkitti/vkitti/Scene06/clone/frames/rgb/Camera_0/rgb_00100.jpg,4,4,4,0.0390450885668277,0.0031884057971014,0.119398819108964,0.2179999999999999,0.4694631008388326,0.324260872813113,0.3525318713313035,3,1,1,3,0,1,0.25,0.5,10,4,0.7338189035654068,0.8936708569526672,0.0347524544961227,0.25,0.25
0006_000101,6,Scene06,101,data/kitti_vkitti/kitti/training/image_02/0006/000101.png,data/kitti_vkitti/vkitti/Scene06/clone/frames/rgb/Camera_0/rgb_00101.jpg,5,5,5,0.0353176596886741,0.0029543746645195,0.1339559849704777,0.2437333333333333,0.467187235430941,0.4643114310576537,0.4869431462326792,3,1,2,3,0,2,0.25,0.5,10,4,0.7040104568004608,0.9045735597610474,0.0363600844739107,0.4,0.4
0006_000102,6,Scene06,102,data/kitti_vkitti/kitti/training/image_02/0006/000102.png,data/kitti_vkitti/vkitti/Scene06/clone/frames/rgb/Camera_0/rgb_00102.jpg,5,5,5,0.0351055287171229,0.0026623725174449,0.1185442834138486,0.2421333333333333,0.4681408733541726,0.192378544881743,0.4038341089845144,5,0,0,4,0,1,0.25,0.5,10,5,0.6572284817695617,0.9093101620674132,0.0282642737036805,0.2,0.0
0006_000103,6,Scene06,103,data/kitti_vkitti/kitti/training/image_02/0006/000103.png,data/kitti_vkitti/vkitti/Scene06/clone/frames/rgb/Camera_0/rgb_00103.jpg,5,5,5,0.0322993022007514,0.0025120772946859,0.0924100912506709,0.2330666666666666,0.4717665582604486,0.1838788593721088,0.3362163386260153,5,0,0,4,0,1,0.25,0.5,10,5,0.7290743947029114,0.913635551929474,0.0262715122777326,0.2,0.0
0006_000104,6,Scene06,104,data/kitti_vkitti/kitti/training/image_02/0006/000104.png,data/kitti_vkitti/vkitti/Scene06/clone/frames/rgb/Camera_0/rgb_00104.jpg,5,5,5,0.0294763285024154,0.002224369296833,0.0680450885668277,0.2192,0.4757571363918622,0.1350678653773919,0.3054593974361907,5,0,0,4,0,1,0.25,0.5,10,5,0.7919339895248413,0.910892367362976,0.0255182152591869,0.2,0.0
0006_000105,6,Scene06,105,data/kitti_vkitti/kitti/training/image_02/0006/000105.png,data/kitti_vkitti/vkitti/Scene06/clone/frames/rgb/Camera_0/rgb_00105.jpg,5,5,5,0.0275353730542136,0.0020289855072463,0.0657004830917874,0.2053333333333333,0.4810192626272194,0.2961058982324958,0.3109753529567564,4,0,1,4,0,1,0.25,0.5,10,4,0.8061570823192596,0.884736955165863,0.0293807473766372,0.2,0.2
0006_000106,6,Scene06,106,data/kitti_vkitti/kitti/training/image_02/0006/000106.png,data/kitti_vkitti/vkitti/Scene06/clone/frames/rgb/Camera_0/rgb_00106.jpg,5,5,5,0.0249799248523886,0.0018980139559849,0.0659581320450885,0.1871999999999999,0.4857901971309189,0.2794260512691167,0.3492496936090253,4,0,1,4,0,1,0.25,0.5,10,4,0.7903344333171844,0.9052691459655762,0.026548803454182,0.2,0.2
0006_000107,6,Scene06,107,data/kitti_vkitti/kitti/training/image_02/0006/000107.png,data/kitti_vkitti/vkitti/Scene06/clone/frames/rgb/Camera_0/rgb_00107.jpg,5,5,5,0.0218894256575416,0.0017713365539452,0.0595942028985507,0.1727999999999999,0.4914366918211192,0.1476050439108087,0.4828111523048262,5,1,0,3,0,2,0.25,0.5,10,6,0.6745723386605581,0.9090434908866882,0.016476479508045,0.4,0.0
0006_000108,6,Scene06,108,data/kitti_vkitti/kitti/training/image_02/0006/000108.png,data/kitti_vkitti/vkitti/Scene06/clone/frames/rgb/Camera_0/rgb_00108.jpg,4,4,4,0.0220214707461084,0.0040279119699409,0.0477638217928073,0.1833333333333333,0.4960699946323134,0.1576698291168652,0.5527927336950074,4,2,0,2,2,2,0.25,0.5,10,6,0.654184564948082,0.8864017128944397,0.0139814586155039,0.5,0.0
0006_000109,6,Scene06,109,data/kitti_vkitti/kitti/training/image_02/0006/000109.png,data/kitti_vkitti/vkitti/Scene06/clone/frames/rgb/Camera_0/rgb_00109.jpg,4,4,4,0.0184541062801932,0.0040279119699409,0.0390338164251207,0.1713333333333333,0.4995800069464178,0.2038835412209125,0.39404669537787,4,1,0,3,2,1,0.25,0.5,10,5,0.6210912823677063,0.8893041610717773,0.0130616419168378,0.25,0.0
0006_000110,6,Scene06,110,data/kitti_vkitti/kitti/training/image_02/0006/000110.png,data/kitti_vkitti/vkitti/Scene06/clone/frames/rgb/Camera_0/rgb_00110.jpg,4,4,4,0.0156607622114868,0.0039677938808373,0.0322555018786902,0.1606666666666666,0.5022073358382537,0.1509949767089571,0.3451401363020996,4,1,0,3,2,1,0.25,0.5,10,5,0.6923546135425568,0.934349000453949,0.0111381846162652,0.25,0.0
0006_000111,6,Scene06,111,data/kitti_vkitti/kitti/training/image_02/0006/000111.png,data/kitti_vkitti/vkitti/Scene06/clone/frames/rgb/Camera_0/rgb_00111.jpg,4,4,4,0.0134031132581857,0.0039677938808373,0.0267826086956521,0.1513333333333333,0.5043549661625252,0.167763758649914,0.3352992088368774,4,1,0,3,2,1,0.25,0.5,10,5,0.6398380041122437,0.8746724128723145,0.0096565162816073,0.25,0.0
0006_000112,6,Scene06,112,data/kitti_vkitti/kitti/training/image_02/0006/000112.png,data/kitti_vkitti/vkitti/Scene06/clone/frames/rgb/Camera_0/rgb_00112.jpg,4,4,4,0.011658615136876,0.0039677938808373,0.02287922705314,0.1426666666666666,0.5060231841958469,0.1234317801887303,0.3433830480261411,4,1,0,3,1,1,0.25,0.5,10,5,0.7109321475028991,0.8738364577293396,0.0087092226432645,0.25,0.0
0006_000113,6,Scene06,113,data/kitti_vkitti/kitti/training/image_02/0006/000113.png,data/kitti_vkitti/vkitti/Scene06/clone/frames/rgb/Camera_0/rgb_00113.jpg,4,4,4,0.0100134192163177,0.0037681159420289,0.0191304347826086,0.1333333333333333,0.5074476797911865,0.147502843931886,0.3628990924215294,4,1,0,3,1,1,0.25,0.5,10,5,0.644261234998703,0.8788725137710571,0.0074252602410789,0.25,0.0
0018_000035,18,Scene18,35,data/kitti_vkitti/kitti/training/image_02/0018/000035.png,data/kitti_vkitti/vkitti/Scene18/clone/frames/rgb/Camera_0/rgb_00035.jpg,1,1,1,0.0114224369296833,0.0114224369296833,0.0114224369296833,0.1493333333333333,0.4261783966404597,1.0,0.1729743552397246,0,0,1,1,2,0,0.25,0.5,10,0,0.0,0.0,0.0,0.0,1.0
0018_000036,18,Scene18,36,data/kitti_vkitti/kitti/training/image_02/0018/000036.png,data/kitti_vkitti/vkitti/Scene18/clone/frames/rgb/Camera_0/rgb_00036.jpg,1,1,1,0.0172624798711755,0.0172624798711755,0.0172624798711755,0.1786666666666666,0.4262746445223285,0.0917257386506269,0.1455346191381167,1,0,0,1,2,0,0.25,0.5,10,1,0.8307562470436096,0.8307562470436096,0.0164283701386812,0.0,0.0
0018_000037,18,Scene18,37,data/kitti_vkitti/kitti/training/image_02/0018/000037.png,data/kitti_vkitti/vkitti/Scene18/clone/frames/rgb/Camera_0/rgb_00037.jpg,1,1,1,0.0291744498121309,0.0291744498121309,0.0291744498121309,0.2293333333333333,0.4215354446233673,0.080272394596811,0.1147602728411432,1,0,0,1,1,0,0.25,0.5,10,1,0.7585486769676208,0.7585486769676208,0.0268325468646667,0.0,0.0
0018_000038,18,Scene18,38,data/kitti_vkitti/kitti/training/image_02/0018/000038.png,data/kitti_vkitti/vkitti/Scene18/clone/frames/rgb/Camera_0/rgb_00038.jpg,1,1,1,0.0560493827160493,0.0560493827160493,0.0560493827160493,0.3066666666666666,0.3996878237714839,0.1133220779900467,0.1042684578352779,1,0,0,1,2,0,0.25,0.5,10,1,0.8681319355964661,0.8681319355964661,0.0501773278394747,0.0,0.0
0018_000039,18,Scene18,39,data/kitti_vkitti/kitti/training/image_02/0018/000039.png,data/kitti_vkitti/vkitti/Scene18/clone/frames/rgb/Camera_0/rgb_00039.jpg,1,1,1,0.1136639828234031,0.1136639828234031,0.1136639828234031,0.4453333333333333,0.4080115857829981,0.1127824372415396,0.1053239632721118,1,0,0,1,2,0,0.25,0.5,10,1,0.8929618000984192,0.8929618000984192,0.1008446818139991,0.0,0.0
0018_000040,18,Scene18,40,data/kitti_vkitti/kitti/training/image_02/0018/000040.png,data/kitti_vkitti/vkitti/Scene18/clone/frames/rgb/Camera_0/rgb_00040.jpg,1,1,1,0.0568717122920021,0.0568717122920021,0.0568717122920021,0.4106666666666667,0.4080209318724806,0.1673181772410393,0.3661780492500002,1,0,0,1,2,0,0.25,0.5,10,1,0.8376210331916809,0.8376210331916809,0.0473560410547275,0.0,0.0
0018_000080,18,Scene18,80,data/kitti_vkitti/kitti/training/image_02/0018/000080.png,data/kitti_vkitti/vkitti/Scene18/clone/frames/rgb/Camera_0/rgb_00080.jpg,4,4,4,0.0153290391841116,0.0021041331186258,0.0518518518518518,0.144,0.4105469946217885,0.3812445705407169,0.2158352214732034,3,1,1,4,3,0,0.25,0.5,10,4,0.5625403374433517,0.895796000957489,0.012905645595241,0.0,0.25
0018_000081,18,Scene18,81,data/kitti_vkitti/kitti/training/image_02/0018/000081.png,data/kitti_vkitti/vkitti/Scene18/clone/frames/rgb/Camera_0/rgb_00081.jpg,4,4,4,0.0289114331723027,0.0022544283413848,0.1056876006441223,0.1813333333333333,0.4182121436014019,0.1776774623569577,0.3261141343413063,4,1,0,3,1,1,0.25,0.5,10,5,0.4978263556957245,0.8969686031341553,0.0209109582338262,0.25,0.0
0018_000102,18,Scene18,102,data/kitti_vkitti/kitti/training/image_02/0018/000102.png,data/kitti_vkitti/vkitti/Scene18/clone/frames/rgb/Camera_0/rgb_00102.jpg,4,4,4,0.0080279119699409,0.0021900161030595,0.0209210950080515,0.1313333333333333,0.4732528727647795,0.2312850314115148,0.122872425365924,4,0,0,4,0,0,0.25,0.5,10,4,0.5030273124575615,0.59199458360672,0.0059612626735165,0.0,0.0
0018_000103,18,Scene18,103,data/kitti_vkitti/kitti/training/image_02/0018/000103.png,data/kitti_vkitti/vkitti/Scene18/clone/frames/rgb/Camera_0/rgb_00103.jpg,4,4,4,0.0085979602791197,0.0021900161030595,0.0227890499194847,0.1346666666666666,0.4632252260217023,0.2617311307856296,0.1415646434290134,4,0,0,4,0,0,0.25,0.5,10,4,0.5553209185600281,0.6830021739006042,0.0057499039038901,0.0,0.0
0018_000104,18,Scene18,104,data/kitti_vkitti/kitti/training/image_02/0018/000104.png,data/kitti_vkitti/vkitti/Scene18/clone/frames/rgb/Camera_0/rgb_00104.jpg,4,4,4,0.0092308105206655,0.0021900161030595,0.0248137412775093,0.1386666666666666,0.4639947628219296,0.2279471863095686,0.1449163843861403,4,0,0,4,0,0,0.25,0.5,10,4,0.6177639588713646,0.764488160610199,0.0065318745902883,0.0,0.0
0018_000105,18,Scene18,105,data/kitti_vkitti/kitti/training/image_02/0018/000105.png,data/kitti_vkitti/vkitti/Scene18/clone/frames/rgb/Camera_0/rgb_00105.jpg,4,4,4,0.0096591519055287,0.0022544283413848,0.0263574879227053,0.1393333333333333,0.4672947238798901,0.1987094978562532,0.133960059304198,4,0,0,4,0,0,0.25,0.5,10,4,0.6059519350528717,0.6634373068809509,0.007559848396361,0.0,0.0
0018_000106,18,Scene18,106,data/kitti_vkitti/kitti/training/image_02/0018/000106.png,data/kitti_vkitti/vkitti/Scene18/clone/frames/rgb/Camera_0/rgb_00106.jpg,4,4,4,0.0102528180354267,0.0023295759527643,0.0283242082662372,0.144,0.4694692473661498,0.2057923337958935,0.1661641227868764,4,0,0,4,0,0,0.25,0.5,10,4,0.6117597967386246,0.6910611987113953,0.0078974404086529,0.0,0.0
0018_000107,18,Scene18,107,data/kitti_vkitti/kitti/training/image_02/0018/000107.png,data/kitti_vkitti/vkitti/Scene18/clone/frames/rgb/Camera_0/rgb_00107.jpg,4,4,4,0.010829307568438,0.0023961352657004,0.0299710144927536,0.1466666666666666,0.4727627082609748,0.2242095764880198,0.1868007368985439,4,0,0,4,0,0,0.25,0.5,10,4,0.6757213622331619,0.7290294766426086,0.0082339936738945,0.0,0.0
0018_000108,18,Scene18,108,data/kitti_vkitti/kitti/training/image_02/0018/000108.png,data/kitti_vkitti/vkitti/Scene18/clone/frames/rgb/Camera_0/rgb_00108.jpg,4,4,4,0.0115990338164251,0.0023295759527643,0.0328244766505636,0.1506666666666666,0.4772483512782461,0.2232116319098466,0.1711953614869105,4,0,0,4,0,0,0.25,0.5,10,4,0.6669819205999374,0.7092390656471252,0.0091431831364588,0.0,0.0
0018_000109,18,Scene18,109,data/kitti_vkitti/kitti/training/image_02/0018/000109.png,data/kitti_vkitti/vkitti/Scene18/clone/frames/rgb/Camera_0/rgb_00109.jpg,4,4,4,0.0123617820719269,0.0024734299516908,0.0354782608695652,0.1546666666666666,0.4809646090534979,0.2636613322067141,0.1824658155505847,4,0,0,4,1,0,0.25,0.5,10,4,0.628726914525032,0.6786050796508789,0.0087259953935169,0.0,0.0
0018_000110,18,Scene18,110,data/kitti_vkitti/kitti/training/image_02/0018/000110.png,data/kitti_vkitti/vkitti/Scene18/clone/frames/rgb/Camera_0/rgb_00110.jpg,4,4,4,0.0131975308641975,0.0024734299516908,0.0384755770263016,0.158,0.4840598823318914,0.2457002366129662,0.177989389703231,4,0,0,4,1,0,0.25,0.5,10,4,0.5855547338724136,0.7081276178359985,0.0091582564544402,0.0,0.0
0018_000111,18,Scene18,111,data/kitti_vkitti/kitti/training/image_02/0018/000111.png,data/kitti_vkitti/vkitti/Scene18/clone/frames/rgb/Camera_0/rgb_00111.jpg,4,4,4,0.0139833601717659,0.0026215780998389,0.0410950080515297,0.162,0.4871619336301348,0.2257587251748078,0.1759843335594358,4,0,0,4,2,0,0.25,0.5,10,4,0.6563027650117874,0.7231454849243164,0.0103970124714903,0.0,0.0
0018_000112,18,Scene18,112,data/kitti_vkitti/kitti/training/image_02/0018/000112.png,data/kitti_vkitti/vkitti/Scene18/clone/frames/rgb/Camera_0/rgb_00112.jpg,4,4,4,0.0149876543209876,0.0026924315619967,0.0446849168008588,0.166,0.4878936903371118,0.2147561573386053,0.1639627500189964,4,0,0,4,1,0,0.25,0.5,10,4,0.5629957988858223,0.6591508984565735,0.011068006317881,0.0,0.0
0018_000113,18,Scene18,113,data/kitti_vkitti/kitti/training/image_02/0018/000113.png,data/kitti_vkitti/vkitti/Scene18/clone/frames/rgb/Camera_0/rgb_00113.jpg,4,4,4,0.016037037037037,0.0026215780998389,0.048695652173913,0.1706666666666667,0.4864072916337764,0.191472683914823,0.1334428506101443,4,0,0,4,1,0,0.25,0.5,10,4,0.5896199941635132,0.6381579637527466,0.0123799403647797,0.0,0.0
0018_000114,18,Scene18,114,data/kitti_vkitti/kitti/training/image_02/0018/000114.png,data/kitti_vkitti/vkitti/Scene18/clone/frames/rgb/Camera_0/rgb_00114.jpg,4,4,4,0.0170445517981749,0.0027740203972088,0.0521953837895866,0.1753333333333333,0.487904425710166,0.2048026109556245,0.1005679022095804,4,0,0,4,1,0,0.25,0.5,10,4,0.5765519812703133,0.6275931000709534,0.012900236076713,0.0,0.0
0018_000115,18,Scene18,115,data/kitti_vkitti/kitti/training/image_02/0018/000115.png,data/kitti_vkitti/vkitti/Scene18/clone/frames/rgb/Camera_0/rgb_00115.jpg,4,4,4,0.0183725174449812,0.0028470209339774,0.0569404186795491,0.18,0.4846409228210876,0.191896343096194,0.1138269877305033,4,0,0,4,2,0,0.25,0.5,10,4,0.6656343042850494,0.7311843633651733,0.0139159372493797,0.0,0.0
0018_000116,18,Scene18,116,data/kitti_vkitti/kitti/training/image_02/0018/000116.png,data/kitti_vkitti/vkitti/Scene18/clone/frames/rgb/Camera_0/rgb_00116.jpg,4,4,4,0.0194680622651637,0.0028556092324208,0.0611529790660225,0.1846666666666667,0.4786830686327134,0.1926665678992019,0.1177115391838801,4,0,0,4,3,0,0.25,0.5,10,4,0.610941469669342,0.6379720568656921,0.0144884246249157,0.0,0.0
0018_000117,18,Scene18,117,data/kitti_vkitti/kitti/training/image_02/0018/000117.png,data/kitti_vkitti/vkitti/Scene18/clone/frames/rgb/Camera_0/rgb_00117.jpg,4,4,4,0.0206156736446591,0.0028470209339774,0.0650670960815888,0.1886666666666666,0.4696557144811762,0.1938476518766914,0.1524958226223549,4,0,0,4,0,0,0.25,0.5,10,4,0.6076736599206924,0.6926921010017395,0.0152006539067226,0.0,0.0
0018_000118,18,Scene18,118,data/kitti_vkitti/kitti/training/image_02/0018/000118.png,data/kitti_vkitti/vkitti/Scene18/clone/frames/rgb/Camera_0/rgb_00118.jpg,4,4,4,0.0219838969404186,0.0030059044551798,0.0700289855072463,0.1933333333333333,0.4605741193310389,0.2271839902744017,0.1309057845057617,4,0,0,4,0,0,0.25,0.5,10,4,0.5361773818731308,0.576427161693573,0.0145893614353573,0.0,0.0
0018_000119,18,Scene18,119,data/kitti_vkitti/kitti/training/image_02/0018/000119.png,data/kitti_vkitti/vkitti/Scene18/clone/frames/rgb/Camera_0/rgb_00119.jpg,4,4,4,0.0233413848631239,0.0030059044551798,0.0750273752012882,0.1973333333333333,0.4581583067580226,0.1564510571834938,0.1233933020734836,4,0,0,4,1,0,0.25,0.5,10,4,0.6119995713233948,0.6695384979248047,0.0180137146160739,0.0,0.0
0018_000120,18,Scene18,120,data/kitti_vkitti/kitti/training/image_02/0018/000120.png,data/kitti_vkitti/vkitti/Scene18/clone/frames/rgb/Camera_0/rgb_00120.jpg,4,4,4,0.0247971014492753,0.0030059044551798,0.0805432098765432,0.2013333333333333,0.4561825181817225,0.1929202356635708,0.1174363887574496,4,0,0,4,1,0,0.25,0.5,10,4,0.6408792734146118,0.7688621878623962,0.0195358905022248,0.0,0.0
0018_000121,18,Scene18,121,data/kitti_vkitti/kitti/training/image_02/0018/000121.png,data/kitti_vkitti/vkitti/Scene18/clone/frames/rgb/Camera_0/rgb_00121.jpg,4,4,4,0.0260869565217391,0.0031690821256038,0.0850241545893719,0.206,0.4562545335901403,0.1928555346503102,0.1443155028559708,4,0,0,4,0,0,0.25,0.5,10,4,0.5843993127346039,0.6183290481567383,0.0206821850662255,0.0,0.0
0018_000122,18,Scene18,122,data/kitti_vkitti/kitti/training/image_02/0018/000122.png,data/kitti_vkitti/vkitti/Scene18/clone/frames/rgb/Camera_0/rgb_00122.jpg,4,4,4,0.0271642512077294,0.0030917874396135,0.0890950080515297,0.2086666666666666,0.4537137360150716,0.1848935062502854,0.1175700042545248,4,0,0,4,0,0,0.25,0.5,10,4,0.6206408441066742,0.7129583358764648,0.0217902472388902,0.0,0.0
0018_000123,18,Scene18,123,data/kitti_vkitti/kitti/training/image_02/0018/000123.png,data/kitti_vkitti/vkitti/Scene18/clone/frames/rgb/Camera_0/rgb_00123.jpg,4,4,4,0.0284465915190552,0.0031690821256038,0.093801395598497,0.212,0.4537507330575815,0.1870578496823232,0.1270844488099605,4,0,0,4,1,0,0.25,0.5,10,4,0.6036298349499702,0.742640495300293,0.0220195631244241,0.0,0.0
0018_000124,18,Scene18,124,data/kitti_vkitti/kitti/training/image_02/0018/000124.png,data/kitti_vkitti/vkitti/Scene18/clone/frames/rgb/Camera_0/rgb_00124.jpg,4,4,4,0.0297069243156199,0.0032463768115942,0.0986280193236715,0.2146666666666666,0.4501456263879679,0.1765651369015036,0.1397965673801493,4,0,0,4,1,0,0.25,0.5,10,4,0.5457977429032326,0.6488544940948486,0.0231400391407777,0.0,0.0
0018_000125,18,Scene18,125,data/kitti_vkitti/kitti/training/image_02/0018/000125.png,data/kitti_vkitti/vkitti/Scene18/clone/frames/rgb/Camera_0/rgb_00125.jpg,4,4,4,0.0307112184648416,0.0033365539452495,0.1022308105206656,0.218,0.4447697809773399,0.1903900645358902,0.1237662422099434,4,0,0,4,1,0,0.25,0.5,10,4,0.5503333434462547,0.6637640595436096,0.0235492702709629,0.0,0.0
0018_000126,18,Scene18,126,data/kitti_vkitti/kitti/training/image_02/0018/000126.png,data/kitti_vkitti/vkitti/Scene18/clone/frames/rgb/Camera_0/rgb_00126.jpg,4,4,4,0.0313671497584541,0.0034159957058507,0.1043478260869565,0.2193333333333333,0.4360395314325408,0.1812780739139297,0.1066525700704064,4,0,0,4,1,0,0.25,0.5,10,4,0.5753639340400696,0.7393547892570496,0.0246707603445244,0.0,0.0
0018_000127,18,Scene18,127,data/kitti_vkitti/kitti/training/image_02/0018/000127.png,data/kitti_vkitti/vkitti/Scene18/clone/frames/rgb/Camera_0/rgb_00127.jpg,4,4,4,0.0318652710681696,0.0034159957058507,0.1058937198067632,0.2206666666666666,0.4281845305379264,0.1698514423030114,0.1094318659022226,4,0,0,4,1,0,0.25,0.5,10,4,0.6092610210180283,0.740948498249054,0.0252520936444472,0.0,0.0
0018_000128,18,Scene18,128,data/kitti_vkitti/kitti/training/image_02/0018/000128.png,data/kitti_vkitti/vkitti/Scene18/clone/frames/rgb/Camera_0/rgb_00128.jpg,4,4,4,0.0321583467525496,0.0034954374664519,0.1068427267847557,0.22,0.4276469872543757,0.1835258633755563,0.1381114123083762,4,0,0,4,1,0,0.25,0.5,10,4,0.5949697643518448,0.6176536083221436,0.0258612704595735,0.0,0.0
0018_000129,18,Scene18,129,data/kitti_vkitti/kitti/training/image_02/0018/000129.png,data/kitti_vkitti/vkitti/Scene18/clone/frames/rgb/Camera_0/rgb_00129.jpg,4,4,4,0.0324669887278582,0.0034159957058507,0.1081567364465915,0.2193333333333333,0.4303569069495753,0.1574100893991501,0.143467487198639,4,0,0,4,1,0,0.25,0.5,10,4,0.6153713017702103,0.6474088430404663,0.02734425359718,0.0,0.0
0018_000130,18,Scene18,130,data/kitti_vkitti/kitti/training/image_02/0018/000130.png,data/kitti_vkitti/vkitti/Scene18/clone/frames/rgb/Camera_0/rgb_00130.jpg,4,4,4,0.0327455716586151,0.0034159957058507,0.1088309178743961,0.2186666666666666,0.4326519697304579,0.1783812066812112,0.1424616063424357,4,0,0,4,0,0,0.25,0.5,10,4,0.6240241974592209,0.6554743051528931,0.0271206532998551,0.0,0.0
0018_000131,18,Scene18,131,data/kitti_vkitti/kitti/training/image_02/0018/000131.png,data/kitti_vkitti/vkitti/Scene18/clone/frames/rgb/Camera_0/rgb_00131.jpg,4,4,4,0.0332742887815351,0.0034954374664519,0.1107203435319377,0.2186666666666666,0.43530247018829,0.1837856399478409,0.1555231202656244,4,0,0,4,1,0,0.25,0.5,10,4,0.7247052043676376,0.7764145731925964,0.0277250105109099,0.0,0.0
0018_000132,18,Scene18,132,data/kitti_vkitti/kitti/training/image_02/0018/000132.png,data/kitti_vkitti/vkitti/Scene18/clone/frames/rgb/Camera_0/rgb_00132.jpg,4,4,4,0.0336650563607085,0.0034954374664519,0.1119699409554482,0.2193333333333333,0.4395999284308463,0.1827534672884431,0.1404154065112495,4,0,0,4,0,0,0.25,0.5,10,4,0.7560209035873413,0.8306370973587036,0.0276791264812227,0.0,0.0
0018_000133,18,Scene18,133,data/kitti_vkitti/kitti/training/image_02/0018/000133.png,data/kitti_vkitti/vkitti/Scene18/clone/frames/rgb/Camera_0/rgb_00133.jpg,4,4,4,0.0341771336553945,0.003589908749329,0.1134728931830381,0.2206666666666666,0.4420648121835959,0.1992744116145772,0.1291377574232295,4,0,0,4,0,0,0.25,0.5,10,4,0.6992197632789612,0.7477438449859619,0.0279427538642807,0.0,0.0
0018_000134,18,Scene18,134,data/kitti_vkitti/kitti/training/image_02/0018/000134.png,data/kitti_vkitti/vkitti/Scene18/clone/frames/rgb/Camera_0/rgb_00134.jpg,4,4,4,0.034569511540526,0.0034159957058507,0.1150660225442834,0.2193333333333333,0.4430195531137844,0.1936123549459818,0.1395305445463904,4,0,0,4,0,0,0.25,0.5,10,4,0.6948924511671066,0.8135552406311035,0.0280840640719461,0.0,0.0
0018_000135,18,Scene18,135,data/kitti_vkitti/kitti/training/image_02/0018/000135.png,data/kitti_vkitti/vkitti/Scene18/clone/frames/rgb/Camera_0/rgb_00135.jpg,4,4,4,0.0356543209876543,0.0034954374664519,0.1191755233494363,0.2193333333333333,0.443168155936556,0.2046327745098325,0.1175299070730908,4,0,0,4,0,0,0.25,0.5,10,4,0.7415922582149506,0.8285854458808899,0.0290799238312463,0.0,0.0
0018_000136,18,Scene18,136,data/kitti_vkitti/kitti/training/image_02/0018/000136.png,data/kitti_vkitti/vkitti/Scene18/clone/frames/rgb/Camera_0/rgb_00136.jpg,4,4,4,0.0365700483091787,0.003589908749329,0.1221642512077294,0.2213333333333333,0.4437875322324313,0.225317219975202,0.1246696467867476,4,0,0,4,0,0,0.25,0.5,10,4,0.6956933438777924,0.7694457173347473,0.0254232324127173,0.0,0.0
0018_000137,18,Scene18,137,data/kitti_vkitti/kitti/training/image_02/0018/000137.png,data/kitti_vkitti/vkitti/Scene18/clone/frames/rgb/Camera_0/rgb_00137.jpg,4,4,4,0.0370445517981749,0.003589908749329,0.1240622651637144,0.2206666666666666,0.4443443149884752,0.18580756422059,0.1240767862235702,4,0,0,4,1,0,0.25,0.5,10,4,0.723604291677475,0.8354293704032898,0.0294449353942815,0.0,0.0
0018_000138,18,Scene18,138,data/kitti_vkitti/kitti/training/image_02/0018/000138.png,data/kitti_vkitti/vkitti/Scene18/clone/frames/rgb/Camera_0/rgb_00138.jpg,4,4,4,0.0379103596349973,0.003589908749329,0.1274052603327965,0.2213333333333333,0.4448282908654605,0.1710272630132202,0.1351204696565365,4,0,0,4,1,0,0.25,0.5,10,4,0.7247305065393448,0.8575408458709717,0.0307794846075132,0.0,0.0
0018_000139,18,Scene18,139,data/kitti_vkitti/kitti/training/image_02/0018/000139.png,data/kitti_vkitti/vkitti/Scene18/clone/frames/rgb/Camera_0/rgb_00139.jpg,4,4,4,0.038691894793344,0.0037681159420289,0.129992485238862,0.2219999999999999,0.4452403607927336,0.182045528928725,0.1288068644624488,4,0,0,4,1,0,0.25,0.5,10,4,0.7289665937423706,0.8864574432373047,0.0316491508782166,0.0,0.0
0018_000140,18,Scene18,140,data/kitti_vkitti/kitti/training/image_02/0018/000140.png,data/kitti_vkitti/vkitti/Scene18/clone/frames/rgb/Camera_0/rgb_00140.jpg,4,4,4,0.0395963499731615,0.003589908749329,0.1333161567364466,0.222,0.4419369559954954,0.1767427393609754,0.13735307404502,4,0,0,4,0,0,0.25,0.5,10,4,0.7502691894769669,0.8479894995689392,0.0317819337751792,0.0,0.0
0018_000141,18,Scene18,141,data/kitti_vkitti/kitti/training/image_02/0018/000141.png,data/kitti_vkitti/vkitti/Scene18/clone/frames/rgb/Camera_0/rgb_00141.jpg,4,4,4,0.0404347826086956,0.0037681159420289,0.1362125603864734,0.2226666666666666,0.4399818635344637,0.1748820760094009,0.1384893643829977,4,0,0,4,0,0,0.25,0.5,10,4,0.7376670241355896,0.8357343077659607,0.0329840701999084,0.0,0.0
0018_000142,18,Scene18,142,data/kitti_vkitti/kitti/training/image_02/0018/000142.png,data/kitti_vkitti/vkitti/Scene18/clone/frames/rgb/Camera_0/rgb_00142.jpg,4,4,4,0.0413596349973161,0.0037681159420289,0.1394310252281266,0.2226666666666666,0.4404581183627504,0.170849930065384,0.116957988599607,4,0,0,4,0,0,0.25,0.5,10,4,0.7361611723899841,0.8341709971427917,0.0331460540580917,0.0,0.0
0018_000143,18,Scene18,143,data/kitti_vkitti/kitti/training/image_02/0018/000143.png,data/kitti_vkitti/vkitti/Scene18/clone/frames/rgb/Camera_0/rgb_00143.jpg,4,4,4,0.0423118625872249,0.0037681159420289,0.1430810520665593,0.2226666666666666,0.4389370886089271,0.1775600892848882,0.1075071413911896,4,0,0,4,1,0,0.25,0.5,10,4,0.7213016301393509,0.8342689871788025,0.0334415903612909,0.0,0.0
0018_000144,18,Scene18,144,data/kitti_vkitti/kitti/training/image_02/0018/000144.png,data/kitti_vkitti/vkitti/Scene18/clone/frames/rgb/Camera_0/rgb_00144.jpg,4,4,4,0.0434310252281266,0.0038518518518518,0.1470960815888352,0.2233333333333333,0.4349383347541915,0.1731153739554664,0.1298797402662284,4,0,0,4,0,0,0.25,0.5,10,4,0.7064163535833359,0.8319303393363953,0.0347045710786143,0.0,0.0
0018_000145,18,Scene18,145,data/kitti_vkitti/kitti/training/image_02/0018/000145.png,data/kitti_vkitti/vkitti/Scene18/clone/frames/rgb/Camera_0/rgb_00145.jpg,4,4,4,0.0446237251744498,0.0037681159420289,0.1518411164787976,0.2233333333333333,0.4323565491038068,0.1660730316801029,0.1160765137015564,4,0,0,4,1,0,0.25,0.5,10,4,0.6839663535356522,0.8007484674453735,0.0349044166725374,0.0,0.0
0018_000146,18,Scene18,146,data/kitti_vkitti/kitti/training/image_02/0018/000146.png,data/kitti_vkitti/vkitti/Scene18/clone/frames/rgb/Camera_0/rgb_00146.jpg,4,4,4,0.0458432635534084,0.0039506172839506,0.1560279119699409,0.2246666666666666,0.4344107522128551,0.1737713765296388,0.1224716746015036,4,1,0,4,2,0,0.25,0.5,10,5,0.6138490319252015,0.7920754551887512,0.0291898855340033,0.0,0.0
0018_000147,18,Scene18,147,data/kitti_vkitti/kitti/training/image_02/0018/000147.png,data/kitti_vkitti/vkitti/Scene18/clone/frames/rgb/Camera_0/rgb_00147.jpg,4,4,4,0.0473220611916264,0.0040365002683843,0.1614707461084272,0.2253333333333333,0.4365877764095439,0.1967291701453042,0.1179100691677819,4,1,0,4,1,0,0.25,0.5,10,5,0.6188707828521729,0.8059259057044983,0.0296075320252817,0.0,0.0
0018_000148,18,Scene18,148,data/kitti_vkitti/kitti/training/image_02/0018/000148.png,data/kitti_vkitti/vkitti/Scene18/clone/frames/rgb/Camera_0/rgb_00148.jpg,4,4,4,0.0481229200214707,0.0039506172839506,0.1644830917874396,0.2246666666666666,0.4380796648879627,0.1886680411075871,0.1116793871291013,4,1,0,4,1,0,0.25,0.5,10,5,0.6285763442516327,0.7580618858337402,0.029382323480046,0.0,0.0
0018_000149,18,Scene18,149,data/kitti_vkitti/kitti/training/image_02/0018/000149.png,data/kitti_vkitti/vkitti/Scene18/clone/frames/rgb/Camera_0/rgb_00149.jpg,4,5,5,0.0387671497584541,0.0022007514761137,0.1634009661835748,0.1936,0.4376565901508215,0.2382500359941632,0.0824790056375763,5,0,0,4,2,0,0.25,0.5,10,5,0.64485764503479,0.8061070442199707,0.0307506825239732,0.0,0.0
0018_000150,18,Scene18,150,data/kitti_vkitti/kitti/training/image_02/0018/000150.png,data/kitti_vkitti/vkitti/Scene18/clone/frames/rgb/Camera_0/rgb_00150.jpg,4,5,5,0.0383750939345142,0.0024004294149221,0.1613526570048309,0.1930666666666666,0.4375849620578236,0.2073265419581594,0.0841013694187648,5,0,0,4,0,0,0.25,0.5,10,5,0.6428521692752838,0.8293849229812622,0.0325352822533006,0.0,0.0
0018_000151,18,Scene18,151,data/kitti_vkitti/kitti/training/image_02/0018/000151.png,data/kitti_vkitti/vkitti/Scene18/clone/frames/rgb/Camera_0/rgb_00151.jpg,5,5,5,0.0383171229200214,0.0027053140096618,0.1602769726247987,0.1952,0.4353650468883205,0.3315574275224386,0.2671663824879317,4,0,1,4,0,1,0.25,0.5,10,4,0.727683961391449,0.8223240375518799,0.0393009486687155,0.2,0.2
0018_000152,18,Scene18,152,data/kitti_vkitti/kitti/training/image_02/0018/000152.png,data/kitti_vkitti/vkitti/Scene18/clone/frames/rgb/Camera_0/rgb_00152.jpg,5,5,5,0.0382896403650026,0.002988727858293,0.1595598497047772,0.1962666666666666,0.4348039194636523,0.333930745389685,0.2687184732983494,4,0,1,4,0,1,0.25,0.5,10,4,0.748142272233963,0.812386691570282,0.0388389667906352,0.2,0.2
0018_000153,18,Scene18,153,data/kitti_vkitti/kitti/training/image_02/0018/000153.png,data/kitti_vkitti/vkitti/Scene18/clone/frames/rgb/Camera_0/rgb_00153.jpg,5,5,5,0.0382273752012882,0.0033945249597423,0.1588427267847557,0.1973333333333333,0.436639264100702,0.3367880620357434,0.2763586629168253,4,0,1,4,0,1,0.25,0.5,10,4,0.7256211638450623,0.7993214726448059,0.0380677765864175,0.2,0.2
0018_000154,18,Scene18,154,data/kitti_vkitti/kitti/training/image_02/0018/000154.png,data/kitti_vkitti/vkitti/Scene18/clone/frames/rgb/Camera_0/rgb_00154.jpg,5,5,5,0.0379869028448738,0.0038969404186795,0.1568223295759527,0.1983999999999999,0.4391228316125162,0.3363081621601458,0.2798046012950218,4,0,1,4,0,1,0.25,0.5,10,4,0.6923036575317383,0.8093824982643127,0.0374670610082705,0.2,0.2
0018_000155,18,Scene18,155,data/kitti_vkitti/kitti/training/image_02/0018/000155.png,data/kitti_vkitti/vkitti/Scene18/clone/frames/rgb/Camera_0/rgb_00155.jpg,5,5,5,0.0379723027375201,0.0041374127750939,0.1561095008051529,0.2,0.4421356993253555,0.3488815933473472,0.2812024387220881,4,0,1,4,0,1,0.25,0.5,10,4,0.664688840508461,0.7645915150642395,0.0371628443033072,0.2,0.2
0018_000156,18,Scene18,156,data/kitti_vkitti/kitti/training/image_02/0018/000156.png,data/kitti_vkitti/vkitti/Scene18/clone/frames/rgb/Camera_0/rgb_00156.jpg,5,5,5,0.0381599570585077,0.0042254428341384,0.155753086419753,0.2021333333333333,0.4454920147769253,0.3449077580721494,0.2887559376588386,4,0,1,4,0,1,0.25,0.5,10,4,0.6891554445028305,0.8261005282402039,0.0369731420402417,0.2,0.2
0018_000157,18,Scene18,157,data/kitti_vkitti/kitti/training/image_02/0018/000157.png,data/kitti_vkitti/vkitti/Scene18/clone/frames/rgb/Camera_0/rgb_00157.jpg,5,5,5,0.0379581320450885,0.004313472893183,0.1535244229736983,0.2026666666666666,0.4485658004694094,0.3212715425609588,0.2971577181910227,4,0,1,4,0,1,0.25,0.5,10,4,0.6801262646913528,0.74485844373703,0.0378200408244834,0.2,0.2
0018_000158,18,Scene18,158,data/kitti_vkitti/kitti/training/image_02/0018/000158.png,data/kitti_vkitti/vkitti/Scene18/clone/frames/rgb/Camera_0/rgb_00158.jpg,5,5,5,0.0380508856682769,0.004313472893183,0.1525882984433709,0.2042666666666666,0.4488209992316841,0.2148439391620071,0.3165947325932989,5,1,0,4,2,1,0.25,0.5,10,6,0.599541594584783,0.8119101524353027,0.0369585747806278,0.2,0.0
0018_000159,18,Scene18,159,data/kitti_vkitti/kitti/training/image_02/0018/000159.png,data/kitti_vkitti/vkitti/Scene18/clone/frames/rgb/Camera_0/rgb_00159.jpg,5,5,5,0.0384201825013419,0.0043285024154589,0.1522383252818035,0.208,0.4488487259638155,0.2064120638119243,0.2681476818682207,5,2,0,4,2,1,0.25,0.5,10,7,0.6112606993743351,0.7914808392524719,0.0374640636803811,0.2,0.0
0018_000160,18,Scene18,160,data/kitti_vkitti/kitti/training/image_02/0018/000160.png,data/kitti_vkitti/vkitti/Scene18/clone/frames/rgb/Camera_0/rgb_00160.jpg,6,6,6,0.0327382358203614,0.0019538378958668,0.1518883521202362,0.1871111111111111,0.45001239830339,0.2139486588922229,0.1912131366825513,6,2,0,6,2,0,0.25,0.5,10,8,0.5799272805452347,0.7774429321289062,0.0333207083839827,0.0,0.0
0018_000161,18,Scene18,161,data/kitti_vkitti/kitti/training/image_02/0018/000161.png,data/kitti_vkitti/vkitti/Scene18/clone/frames/rgb/Camera_0/rgb_00161.jpg,6,6,6,0.0335186974414027,0.0021449275362318,0.1518883521202362,0.1915555555555555,0.449275429678044,0.2442808990726092,0.1905885244490684,6,0,0,6,5,0,0.25,0.5,10,6,0.7066705425580343,0.8513174653053284,0.0267074002540096,0.0,0.0
0018_000162,18,Scene18,162,data/kitti_vkitti/kitti/training/image_02/0018/000162.png,data/kitti_vkitti/vkitti/Scene18/clone/frames/rgb/Camera_0/rgb_00162.jpg,6,6,6,0.0343356593308284,0.0023446054750402,0.1509565217391304,0.1955555555555555,0.4499922831612516,0.2503361898762132,0.2403553016541731,6,0,0,5,1,1,0.25,0.5,10,6,0.6341933806737264,0.7954609394073486,0.0269331150850178,0.1666666666666666,0.0
0018_000163,18,Scene18,163,data/kitti_vkitti/kitti/training/image_02/0018/000163.png,data/kitti_vkitti/vkitti/Scene18/clone/frames/rgb/Camera_0/rgb_00163.jpg,6,6,6,0.0357842190016103,0.0026409017713365,0.1493333333333333,0.2026666666666667,0.4523145169608369,0.2594716860366505,0.3319793860685845,6,0,0,5,0,1,0.25,0.5,10,6,0.7089698910713196,0.8507739901542664,0.0285106813433441,0.1666666666666666,0.0
0018_000164,18,Scene18,164,data/kitti_vkitti/kitti/training/image_02/0018/000164.png,data/kitti_vkitti/vkitti/Scene18/clone/frames/rgb/Camera_0/rgb_00164.jpg,6,6,6,0.0385747003041689,0.0029286097691894,0.1489876543209876,0.2106666666666666,0.4554644017134497,0.2378134450677108,0.3528504035542775,5,1,1,5,2,1,0.25,0.5,10,6,0.5892176081736883,0.7583685517311096,0.0309746827099099,0.1666666666666666,0.1666666666666666
0018_000165,18,Scene18,165,data/kitti_vkitti/kitti/training/image_02/0018/000165.png,data/kitti_vkitti/vkitti/Scene18/clone/frames/rgb/Camera_0/rgb_00165.jpg,6,6,6,0.044149579531222,0.003330112721417,0.1482962962962963,0.2248888888888889,0.4590266174102491,0.3097817577350227,0.3045720596038771,5,0,1,5,1,1,0.25,0.5,10,5,0.6987459599971771,0.8721521496772766,0.0328363286099183,0.1666666666666666,0.1666666666666666
0018_000166,18,Scene18,166,data/kitti_vkitti/kitti/training/image_02/0018/000166.png,data/kitti_vkitti/vkitti/Scene18/clone/frames/rgb/Camera_0/rgb_00166.jpg,6,6,6,0.0443718017534442,0.0038647342995169,0.1470316693505099,0.2342222222222222,0.4634274888699441,0.3149474483293021,0.3068772200758634,5,0,1,5,1,1,0.25,0.5,10,5,0.6709407091140747,0.7936518788337708,0.0312364489253766,0.1666666666666666,0.1666666666666666
0018_000167,18,Scene18,167,data/kitti_vkitti/kitti/training/image_02/0018/000167.png,data/kitti_vkitti/vkitti/Scene18/clone/frames/rgb/Camera_0/rgb_00167.jpg,5,5,5,0.0365200214707461,0.0044873859366612,0.1457713365539452,0.2016,0.4655476113794954,0.3674388322769626,0.319035142478939,4,0,1,4,0,1,0.25,0.5,10,4,0.6347612589597702,0.7898118495941162,0.0347860709043188,0.2,0.2
0018_000168,18,Scene18,168,data/kitti_vkitti/kitti/training/image_02/0018/000168.png,data/kitti_vkitti/vkitti/Scene18/clone/frames/rgb/Camera_0/rgb_00168.jpg,5,6,6,0.0308484523170513,0.0020096618357487,0.1454299516908212,0.1813333333333333,0.4681870396682559,0.347587772790612,0.3059804960452565,5,0,1,4,1,1,0.25,0.5,10,5,0.6187056243419647,0.8075288534164429,0.0288811699587421,0.2,0.1666666666666666
0018_000169,18,Scene18,169,data/kitti_vkitti/kitti/training/image_02/0018/000169.png,data/kitti_vkitti/vkitti/Scene18/clone/frames/rgb/Camera_0/rgb_00169.jpg,6,6,6,0.0310381105743424,0.0021213097155126,0.1450885668276972,0.1831111111111111,0.4709296369970425,0.362779633479653,0.330213742411371,5,1,1,4,1,2,0.25,0.5,10,6,0.5033108294010162,0.7859886288642883,0.0355417219790317,0.3333333333333333,0.1666666666666666
0018_000170,18,Scene18,170,data/kitti_vkitti/kitti/training/image_02/0018/000170.png,data/kitti_vkitti/vkitti/Scene18/clone/frames/rgb/Camera_0/rgb_00170.jpg,6,6,6,0.0312005725532295,0.0024648416532474,0.1444057971014492,0.1862222222222222,0.4757196930946292,0.3593943665420013,0.4174984182505096,5,0,1,4,0,2,0.25,0.5,10,5,0.6454118430614472,0.8090658187866211,0.028067354692756,0.3333333333333333,0.1666666666666666
0018_000171,18,Scene18,171,data/kitti_vkitti/kitti/training/image_02/0018/000171.png,data/kitti_vkitti/vkitti/Scene18/clone/frames/rgb/Camera_0/rgb_00171.jpg,6,6,6,0.0315591340132402,0.0028341384863123,0.1440644122383252,0.1893333333333333,0.4798137181227832,0.4486799402706006,0.2961672867509296,4,0,2,5,1,1,0.25,0.5,10,4,0.708597257733345,0.762466549873352,0.0362672899836578,0.1666666666666666,0.3333333333333333
0018_000172,18,Scene18,172,data/kitti_vkitti/kitti/training/image_02/0018/000172.png,data/kitti_vkitti/vkitti/Scene18/clone/frames/rgb/Camera_0/rgb_00172.jpg,6,6,6,0.0318718912148863,0.0032979066022544,0.1437230273752013,0.1924444444444444,0.4845533642764674,0.3492223543578038,0.2972088790909568,5,0,1,5,0,1,0.25,0.5,10,5,0.6518656730651855,0.8221551179885864,0.0295490423428521,0.1666666666666666,0.1666666666666666
0018_000173,18,Scene18,173,data/kitti_vkitti/kitti/training/image_02/0018/000173.png,data/kitti_vkitti/vkitti/Scene18/clone/frames/rgb/Camera_0/rgb_00173.jpg,6,6,6,0.0325786366076221,0.0037960279119699,0.1433816425120773,0.1973333333333333,0.4900583457000621,0.3274613997972598,0.2671350970803822,5,0,1,5,0,1,0.25,0.5,10,5,0.6502997756004334,0.8083586096763611,0.029336886656552,0.1666666666666666,0.1666666666666666
0018_000174,18,Scene18,174,data/kitti_vkitti/kitti/training/image_02/0018/000174.png,data/kitti_vkitti/vkitti/Scene18/clone/frames/rgb/Camera_0/rgb_00174.jpg,6,6,6,0.033487207013777,0.0044487385936661,0.1439398819108964,0.2026666666666666,0.4982175828570827,0.3304830692693999,0.3002303565178277,5,0,1,5,0,1,0.25,0.5,10,5,0.7042578220367431,0.8679124116897583,0.0296655440158479,0.1666666666666666,0.1666666666666666
0018_000175,18,Scene18,175,data/kitti_vkitti/kitti/training/image_02/0018/000175.png,data/kitti_vkitti/vkitti/Scene18/clone/frames/rgb/Camera_0/rgb_00175.jpg,6,6,6,0.0347368044372875,0.0052345679012345,0.1432528180354267,0.2097777777777778,0.5066331470430362,0.3269250226013427,0.2401339667993333,5,0,1,5,1,1,0.25,0.5,10,5,0.723896062374115,0.8452187776565552,0.031015226855914,0.1666666666666666,0.1666666666666666
0018_000176,18,Scene18,176,data/kitti_vkitti/kitti/training/image_02/0018/000176.png,data/kitti_vkitti/vkitti/Scene18/clone/frames/rgb/Camera_0/rgb_00176.jpg,6,6,6,0.0365210234388978,0.0053333333333333,0.1420161030595813,0.2168888888888888,0.5048893267237115,0.3376313620636274,0.264823583671104,5,0,1,5,0,1,0.25,0.5,10,5,0.7856771111488342,0.8665662407875061,0.0322096675842181,0.1666666666666666,0.1666666666666666
0018_000177,18,Scene18,177,data/kitti_vkitti/kitti/training/image_02/0018/000177.png,data/kitti_vkitti/vkitti/Scene18/clone/frames/rgb/Camera_0/rgb_00177.jpg,6,6,6,0.039903381642512,0.0052345679012345,0.1422222222222222,0.2288888888888889,0.493572551124583,0.3359466358608232,0.1608147516341737,5,0,1,6,0,0,0.25,0.5,10,5,0.7552383542060852,0.852196216583252,0.0341490877013732,0.0,0.1666666666666666
0018_000178,18,Scene18,178,data/kitti_vkitti/kitti/training/image_02/0018/000178.png,data/kitti_vkitti/vkitti/Scene18/clone/frames/rgb/Camera_0/rgb_00178.jpg,6,6,6,0.0458754696725711,0.0052345679012345,0.1406505636070853,0.2435555555555555,0.4806412764569059,0.2357436368814581,0.2356583297702447,5,1,1,5,3,1,0.25,0.5,10,6,0.6954348733027776,0.8919886946678162,0.0314845055903731,0.1666666666666666,0.1666666666666666
0018_000179,18,Scene18,179,data/kitti_vkitti/kitti/training/image_02/0018/000179.png,data/kitti_vkitti/vkitti/Scene18/clone/frames/rgb/Camera_0/rgb_00179.jpg,6,6,6,0.0494424762927178,0.0052345679012345,0.1403091787439613,0.2604444444444445,0.4758364686937577,0.3245508682345616,0.2622371167183349,5,1,1,5,2,1,0.25,0.5,10,6,0.6577576696872711,0.8500905632972717,0.0302782582387246,0.1666666666666666,0.1666666666666666
0018_000180,18,Scene18,180,data/kitti_vkitti/kitti/training/image_02/0018/000180.png,data/kitti_vkitti/vkitti/Scene18/clone/frames/rgb/Camera_0/rgb_00180.jpg,6,6,6,0.0440665593129361,0.0053333333333333,0.1387482555018787,0.2617777777777778,0.4726238304232052,0.3064569950983471,0.2030699294050985,5,2,1,5,3,1,0.25,0.5,10,7,0.6916284390858242,0.8583664894104004,0.0265685425382277,0.1666666666666666,0.1666666666666666
0018_000181,18,Scene18,181,data/kitti_vkitti/kitti/training/image_02/0018/000181.png,data/kitti_vkitti/vkitti/Scene18/clone/frames/rgb/Camera_0/rgb_00181.jpg,6,6,6,0.0432438718912148,0.0054492753623188,0.1380697799248524,0.2666666666666666,0.4699227095239598,0.2791191562900489,0.2510702820815758,5,2,1,5,1,1,0.25,0.5,10,7,0.6676624757902963,0.8525052070617676,0.0255288387056173,0.1666666666666666,0.1666666666666666
0018_000182,18,Scene18,182,data/kitti_vkitti/kitti/training/image_02/0018/000182.png,data/kitti_vkitti/vkitti/Scene18/clone/frames/rgb/Camera_0/rgb_00182.jpg,6,6,6,0.0423621399176954,0.0054492753623188,0.1356521739130435,0.2702222222222222,0.4741923315756791,0.2686263464930598,0.2837566001033876,5,3,1,5,0,1,0.25,0.5,10,8,0.6269224993884563,0.8348506093025208,0.0257712100516508,0.1666666666666666,0.1666666666666666
0018_000183,18,Scene18,183,data/kitti_vkitti/kitti/training/image_02/0018/000183.png,data/kitti_vkitti/vkitti/Scene18/clone/frames/rgb/Camera_0/rgb_00183.jpg,5,5,5,0.0439102522812667,0.0055501878690284,0.1341170155662909,0.2432,0.4809157483712755,0.2424252739425176,0.1742274693506134,5,1,0,5,0,0,0.25,0.5,10,6,0.7018918146689733,0.8718770146369934,0.0263520017882044,0.0,0.0
0018_000184,18,Scene18,184,data/kitti_vkitti/kitti/training/image_02/0018/000184.png,data/kitti_vkitti/vkitti/Scene18/clone/frames/rgb/Camera_0/rgb_00184.jpg,5,5,5,0.0500036500268384,0.0054492753623188,0.1322597960279119,0.2570666666666666,0.4822697693999768,0.2809664636739072,0.2663030679380596,4,3,1,4,3,1,0.25,0.5,10,7,0.6189410856791905,0.8432598114013672,0.0257635087189251,0.2,0.2
0018_000185,18,Scene18,185,data/kitti_vkitti/kitti/training/image_02/0018/000185.png,data/kitti_vkitti/vkitti/Scene18/clone/frames/rgb/Camera_0/rgb_00185.jpg,5,5,5,0.0523967793880837,0.0054492753623188,0.130415458937198,0.2709333333333333,0.4859747108290444,0.3214058978138908,0.2817126684946823,4,1,1,4,1,1,0.25,0.5,10,5,0.6503122687339783,0.8601473569869995,0.0320960435175843,0.2,0.2
0018_000186,18,Scene18,186,data/kitti_vkitti/kitti/training/image_02/0018/000186.png,data/kitti_vkitti/vkitti/Scene18/clone/frames/rgb/Camera_0/rgb_00186.jpg,5,5,5,0.0461960279119699,0.0055501878690284,0.1299452495974235,0.2693333333333333,0.4849309294517592,0.2774532049813335,0.2824875177153421,4,2,1,4,2,1,0.25,0.5,10,6,0.6170807878176371,0.8581823706626892,0.0271861650199633,0.2,0.2
0018_000187,18,Scene18,187,data/kitti_vkitti/kitti/training/image_02/0018/000187.png,data/kitti_vkitti/vkitti/Scene18/clone/frames/rgb/Camera_0/rgb_00187.jpg,4,4,4,0.0421739130434782,0.0056682769726247,0.1289533011272141,0.2346666666666666,0.4843318030164293,0.2050433796799564,0.132640074346598,4,2,0,4,2,0,0.25,0.5,10,6,0.5659941285848618,0.840286374092102,0.0207632531883827,0.0,0.0
0018_000188,18,Scene18,188,data/kitti_vkitti/kitti/training/image_02/0018/000188.png,data/kitti_vkitti/vkitti/Scene18/clone/frames/rgb/Camera_0/rgb_00188.jpg,4,4,4,0.0423075684380032,0.0055501878690284,0.1287922705314009,0.2353333333333333,0.4830886636565522,0.185664712640694,0.1335943798351246,4,0,0,4,0,0,0.25,0.5,10,4,0.7098094820976257,0.8258711695671082,0.0288133226955285,0.0,0.0
0018_000189,18,Scene18,189,data/kitti_vkitti/kitti/training/image_02/0018/000189.png,data/kitti_vkitti/vkitti/Scene18/clone/frames/rgb/Camera_0/rgb_00189.jpg,4,4,4,0.0423306494900697,0.0057713365539452,0.1282834138486312,0.2373333333333333,0.4826077694631261,0.183878689617142,0.0943525381801758,4,0,0,4,1,0,0.25,0.5,10,4,0.7278182804584503,0.8548247218132019,0.0289393062423919,0.0,0.0
0018_000190,18,Scene18,190,data/kitti_vkitti/kitti/training/image_02/0018/000190.png,data/kitti_vkitti/vkitti/Scene18/clone/frames/rgb/Camera_0/rgb_00190.jpg,4,4,4,0.0420182501341921,0.005651100375738,0.1269436392914653,0.2366666666666666,0.4841126666877164,0.2045084024701101,0.0916740307210594,4,1,0,4,2,0,0.25,0.5,10,5,0.6833661794662476,0.8641653060913086,0.0243418148642745,0.0,0.0
0018_000191,18,Scene18,191,data/kitti_vkitti/kitti/training/image_02/0018/000191.png,data/kitti_vkitti/vkitti/Scene18/clone/frames/rgb/Camera_0/rgb_00191.jpg,4,4,4,0.0418314546430488,0.005651100375738,0.1259388083735909,0.2366666666666666,0.4865507835769842,0.3518623018971527,0.0871245554662297,3,1,1,4,2,0,0.25,0.5,10,4,0.683917686343193,0.8397148847579956,0.0118999351607525,0.0,0.25
0018_000192,18,Scene18,192,data/kitti_vkitti/kitti/training/image_02/0018/000192.png,data/kitti_vkitti/vkitti/Scene18/clone/frames/rgb/Camera_0/rgb_00192.jpg,4,4,4,0.041391304347826,0.005651100375738,0.1238003220611916,0.236,0.4872525317588119,0.2267396943288211,0.1117261012019247,4,1,0,4,5,0,0.25,0.5,10,5,0.6275053977966308,0.8772826194763184,0.0240269492519008,0.0,0.0
0018_000193,18,Scene18,193,data/kitti_vkitti/kitti/training/image_02/0018/000193.png,data/kitti_vkitti/vkitti/Scene18/clone/frames/rgb/Camera_0/rgb_00193.jpg,5,5,5,0.0333264626945786,0.0026774020397208,0.121679012345679,0.2042666666666666,0.4865287486975467,0.2379869082853205,0.1263598110694339,5,1,0,5,3,0,0.25,0.5,10,6,0.6627693573633829,0.8896380662918091,0.0214630097776222,0.0,0.0
0018_000194,18,Scene18,194,data/kitti_vkitti/kitti/training/image_02/0018/000194.png,data/kitti_vkitti/vkitti/Scene18/clone/frames/rgb/Camera_0/rgb_00194.jpg,5,5,5,0.0332710681696188,0.0030617283950617,0.1213483628556092,0.2048,0.4831821498110785,0.2333502297880449,0.1258961894676135,5,0,0,5,3,0,0.25,0.5,10,5,0.6781135320663452,0.882862389087677,0.0213743619629791,0.0,0.0
0018_000195,18,Scene18,195,data/kitti_vkitti/kitti/training/image_02/0018/000195.png,data/kitti_vkitti/vkitti/Scene18/clone/frames/rgb/Camera_0/rgb_00195.jpg,5,5,5,0.0334724637681159,0.0034353193773483,0.1213483628556092,0.2064,0.4785739130434782,0.2063311399051945,0.1782258808794263,5,1,0,5,2,0,0.25,0.5,10,6,0.6537679731845856,0.8749485611915588,0.0269793925718708,0.0,0.0
0018_000196,18,Scene18,196,data/kitti_vkitti/kitti/training/image_02/0018/000196.png,data/kitti_vkitti/vkitti/Scene18/clone/frames/rgb/Camera_0/rgb_00196.jpg,5,5,5,0.03373268921095,0.0040579710144927,0.1221363392377885,0.208,0.4760023491522213,0.2083262960147248,0.1742823938178366,5,2,0,5,2,0,0.25,0.5,10,7,0.5982819242136819,0.8302717208862305,0.0266697060251495,0.0,0.0
0018_000197,18,Scene18,197,data/kitti_vkitti/kitti/training/image_02/0018/000197.png,data/kitti_vkitti/vkitti/Scene18/clone/frames/rgb/Camera_0/rgb_00197.jpg,5,5,5,0.0340787976382179,0.0046870638754696,0.1229243156199677,0.2090666666666666,0.4777557260585393,0.2361522881772072,0.1817992339208094,5,1,0,5,2,0,0.25,0.5,10,6,0.5787262618541718,0.8639745712280273,0.0275573170407169,0.0,0.0
0018_000198,18,Scene18,198,data/kitti_vkitti/kitti/training/image_02/0018/000198.png,data/kitti_vkitti/vkitti/Scene18/clone/frames/rgb/Camera_0/rgb_00198.jpg,5,5,5,0.0341762748255501,0.0052173913043478,0.1229243156199677,0.2101333333333333,0.4833548588087946,0.3716640916403295,0.1718997324561444,4,0,1,5,1,0,0.25,0.5,10,4,0.5760167837142944,0.8840718865394592,0.0099321235902512,0.0,0.2
0018_000199,18,Scene18,199,data/kitti_vkitti/kitti/training/image_02/0018/000199.png,data/kitti_vkitti/vkitti/Scene18/clone/frames/rgb/Camera_0/rgb_00199.jpg,5,5,5,0.0342252281266774,0.0051207729468599,0.1221363392377885,0.2117333333333333,0.4889581173102628,0.3770570665977635,0.2961272027764798,4,0,1,4,1,1,0.25,0.5,10,4,0.7042849659919739,0.8813332319259644,0.0276228248768828,0.2,0.2
0018_000200,18,Scene18,200,data/kitti_vkitti/kitti/training/image_02/0018/000200.png,data/kitti_vkitti/vkitti/Scene18/clone/frames/rgb/Camera_0/rgb_00200.jpg,5,5,5,0.0343961352657004,0.0050069779924852,0.1221363392377885,0.2122666666666666,0.4894864155431362,0.3709101298941089,0.2730588853063711,4,0,1,4,2,1,0.25,0.5,10,4,0.6760312989354134,0.8982378244400024,0.0271077599329242,0.2,0.2
0018_000201,18,Scene18,201,data/kitti_vkitti/kitti/training/image_02/0018/000201.png,data/kitti_vkitti/vkitti/Scene18/clone/frames/rgb/Camera_0/rgb_00201.jpg,5,5,5,0.0349444981213097,0.0049125067096081,0.1231347289318303,0.2149333333333333,0.4884383231768284,0.3746667016075926,0.2690679333124066,4,0,1,4,1,1,0.25,0.5,10,4,0.706234946846962,0.8930580019950867,0.0279297004588516,0.2,0.2
0018_000202,18,Scene18,202,data/kitti_vkitti/kitti/training/image_02/0018/000202.png,data/kitti_vkitti/vkitti/Scene18/clone/frames/rgb/Camera_0/rgb_00202.jpg,5,5,5,0.0357075684380032,0.0050069779924852,0.1238003220611916,0.2191999999999999,0.4885362381989833,0.3161802299885107,0.1388125466226737,4,1,1,5,1,0,0.25,0.5,10,5,0.6893510699272156,0.8476502299308777,0.023044439961569,0.0,0.2
0018_000203,18,Scene18,203,data/kitti_vkitti/kitti/training/image_02/0018/000203.png,data/kitti_vkitti/vkitti/Scene18/clone/frames/rgb/Camera_0/rgb_00203.jpg,5,5,5,0.0367192699946323,0.0048008588298443,0.1251315083199141,0.2224,0.4879288855209287,0.2491588440445975,0.1329130431789134,5,0,0,5,1,0,0.25,0.5,10,5,0.6681229114532471,0.8320088982582092,0.0242285564297301,0.0,0.0
0018_000204,18,Scene18,204,data/kitti_vkitti/kitti/training/image_02/0018/000204.png,data/kitti_vkitti/vkitti/Scene18/clone/frames/rgb/Camera_0/rgb_00204.jpg,5,5,5,0.0381152979066022,0.0048008588298443,0.1257971014492753,0.2277333333333333,0.4883425552292844,0.225504867098107,0.1067163786041378,5,0,0,5,1,0,0.25,0.5,10,5,0.719661545753479,0.886212170124054,0.0260404955233225,0.0,0.0
0018_000205,18,Scene18,205,data/kitti_vkitti/kitti/training/image_02/0018/000205.png,data/kitti_vkitti/vkitti/Scene18/clone/frames/rgb/Camera_0/rgb_00205.jpg,5,5,5,0.0405513687600644,0.0045990338164251,0.1269436392914653,0.2352,0.4877778409270311,0.2255901031176492,0.0990301451954962,5,0,0,5,2,0,0.25,0.5,10,5,0.7855796456336975,0.8950859904289246,0.0286162903969827,0.0,0.0
0018_000206,18,Scene18,206,data/kitti_vkitti/kitti/training/image_02/0018/000206.png,data/kitti_vkitti/vkitti/Scene18/clone/frames/rgb/Camera_0/rgb_00206.jpg,5,5,5,0.0448309178743961,0.0045088566827697,0.1282834138486312,0.2458666666666666,0.4866573037373833,0.240335726406324,0.18271552721974,5,0,0,4,3,1,0.25,0.5,10,5,0.7123975694179535,0.8758423924446106,0.030623924378814,0.2,0.0
0018_000207,18,Scene18,207,data/kitti_vkitti/kitti/training/image_02/0018/000207.png,data/kitti_vkitti/vkitti/Scene18/clone/frames/rgb/Camera_0/rgb_00207.jpg,5,5,5,0.0533754159957058,0.0044015029522275,0.1301170155662909,0.2629333333333333,0.4888021554945113,0.2394425096674819,0.2270019032884638,4,1,1,4,4,1,0.25,0.5,10,5,0.6643290996551514,0.8660356402397156,0.0368790427043406,0.2,0.2
0018_000208,18,Scene18,208,data/kitti_vkitti/kitti/training/image_02/0018/000208.png,data/kitti_vkitti/vkitti/Scene18/clone/frames/rgb/Camera_0/rgb_00208.jpg,5,6,6,0.0422408302021828,0.0020397208803005,0.1319634997316156,0.2346666666666666,0.4903472745834781,0.250147096676285,0.2540428921853632,5,2,1,4,3,1,0.25,0.5,10,7,0.5654324420860836,0.858440101146698,0.028073713498848,0.2,0.1666666666666666
0018_000209,18,Scene18,209,data/kitti_vkitti/kitti/training/image_02/0018/000209.png,data/kitti_vkitti/vkitti/Scene18/clone/frames/rgb/Camera_0/rgb_00209.jpg,4,5,5,0.0342582930756843,0.0021771336553945,0.1326419753086419,0.1957333333333333,0.4912366939260943,0.3711860577403651,0.105958925807718,4,0,1,4,3,0,0.25,0.5,10,4,0.7607866823673248,0.8693841099739075,0.0295694633242944,0.0,0.2
0018_000210,18,Scene18,210,data/kitti_vkitti/kitti/training/image_02/0018/000210.png,data/kitti_vkitti/vkitti/Scene18/clone/frames/rgb/Camera_0/rgb_00210.jpg,5,5,5,0.0342316693505099,0.0023768115942028,0.1329812130971551,0.1951999999999999,0.492369221053961,0.2296008950637652,0.1398764477588232,5,0,0,5,1,0,0.25,0.5,10,5,0.7168671429157257,0.8892762660980225,0.0245125669849356,0.0,0.0
0018_000211,18,Scene18,211,data/kitti_vkitti/kitti/training/image_02/0018/000211.png,data/kitti_vkitti/vkitti/Scene18/clone/frames/rgb/Camera_0/rgb_00211.jpg,5,5,5,0.0342316693505099,0.0026774020397208,0.1336596886741814,0.1952,0.4930154484123225,0.2544466008224132,0.1505917636833883,5,0,0,5,1,0,0.25,0.5,10,5,0.6521372139453888,0.870677649974823,0.0241217013921778,0.0,0.0
0018_000212,18,Scene18,212,data/kitti_vkitti/kitti/training/image_02/0018/000212.png,data/kitti_vkitti/vkitti/Scene18/clone/frames/rgb/Camera_0/rgb_00212.jpg,5,5,5,0.0340891035963499,0.0031282877079978,0.1331508319914117,0.1946666666666666,0.4944149453232715,0.2221827680069382,0.2125240834405574,5,1,0,4,2,1,0.25,0.5,10,6,0.5942162623008093,0.8599889278411865,0.0203188671196893,0.2,0.0
0018_000213,18,Scene18,213,data/kitti_vkitti/kitti/training/image_02/0018/000213.png,data/kitti_vkitti/vkitti/Scene18/clone/frames/rgb/Camera_0/rgb_00213.jpg,5,5,5,0.0339473966720343,0.0035748792270531,0.1326376811594203,0.1946666666666666,0.4959565785734584,0.4086305453092903,0.2100473645750598,4,0,1,5,2,0,0.25,0.5,10,4,0.7125413417816162,0.8280050754547119,0.0287433972871555,0.0,0.2
0018_000214,18,Scene18,214,data/kitti_vkitti/kitti/training/image_02/0018/000214.png,data/kitti_vkitti/vkitti/Scene18/clone/frames/rgb/Camera_0/rgb_00214.jpg,5,5,5,0.0338198604401502,0.0034954374664519,0.1321202361782072,0.1941333333333333,0.493852184437919,0.3646684241420663,0.3132134699995834,4,0,1,4,1,1,0.25,0.5,10,4,0.709953099489212,0.8586983680725098,0.0297607564829683,0.2,0.2
0018_000215,18,Scene18,215,data/kitti_vkitti/kitti/training/image_02/0018/000215.png,data/kitti_vkitti/vkitti/Scene18/clone/frames/rgb/Camera_0/rgb_00215.jpg,5,5,5,0.0337928073000536,0.0034159957058507,0.1324530327428878,0.1936,0.4883338743119362,0.3594107257536265,0.2957269274490921,4,0,1,4,0,1,0.25,0.5,10,4,0.6969209536910057,0.8780227303504944,0.0297683018215186,0.2,0.2
0018_000216,18,Scene18,216,data/kitti_vkitti/kitti/training/image_02/0018/000216.png,data/kitti_vkitti/vkitti/Scene18/clone/frames/rgb/Camera_0/rgb_00216.jpg,5,5,5,0.0341775630703166,0.0033236714975845,0.1336425120772947,0.1957333333333333,0.4808835422521129,0.3613706546892324,0.3299605003801875,4,1,1,4,0,1,0.25,0.5,10,5,0.6459285497665406,0.8785319924354553,0.0246207277058658,0.2,0.2
0018_000217,18,Scene18,217,data/kitti_vkitti/kitti/training/image_02/0018/000217.png,data/kitti_vkitti/vkitti/Scene18/clone/frames/rgb/Camera_0/rgb_00217.jpg,5,5,5,0.0342840579710145,0.0031561996779388,0.1336425120772947,0.1968,0.4763973772010146,0.3507167219914251,0.3098445743131862,4,0,1,4,0,1,0.25,0.5,10,4,0.7325692921876907,0.8756813406944275,0.0306549279365215,0.2,0.2
0018_000218,18,Scene18,218,data/kitti_vkitti/kitti/training/image_02/0018/000218.png,data/kitti_vkitti/vkitti/Scene18/clone/frames/rgb/Camera_0/rgb_00218.jpg,5,5,5,0.0342643048845947,0.0031561996779388,0.1324530327428878,0.1973333333333333,0.4751611842589961,0.2344930093380629,0.1497508504250293,5,0,0,5,1,0,0.25,0.5,10,5,0.7303893804550171,0.8671510815620422,0.024593644273995,0.0,0.0
0018_000219,18,Scene18,219,data/kitti_vkitti/kitti/training/image_02/0018/000219.png,data/kitti_vkitti/vkitti/Scene18/clone/frames/rgb/Camera_0/rgb_00219.jpg,5,5,5,0.0347791733762748,0.0030660225442834,0.1324530327428878,0.2010666666666666,0.4743056802753307,0.246444421765719,0.1483114434892792,5,1,0,5,1,0,0.25,0.5,10,6,0.6591800649960836,0.8590988516807556,0.0214072528133672,0.0,0.0
0018_000220,18,Scene18,220,data/kitti_vkitti/kitti/training/image_02/0018/000220.png,data/kitti_vkitti/vkitti/Scene18/clone/frames/rgb/Camera_0/rgb_00220.jpg,5,5,5,0.0355534084809447,0.0030810520665593,0.1327858293075684,0.2048,0.4740749750034205,0.1987454902515422,0.1421187953288039,5,1,0,5,0,0,0.25,0.5,10,6,0.7069761951764425,0.8690574169158936,0.0222860725735159,0.0,0.0
0018_000221,18,Scene18,221,data/kitti_vkitti/kitti/training/image_02/0018/000221.png,data/kitti_vkitti/vkitti/Scene18/clone/frames/rgb/Camera_0/rgb_00221.jpg,5,5,5,0.0366144927536231,0.0029930220075147,0.1319291465378421,0.2085333333333333,0.4715893109363981,0.2355485464668966,0.1644534861270139,5,3,0,5,0,0,0.25,0.5,10,8,0.6368862949311733,0.8309831023216248,0.0184893230317676,0.0,0.0
0018_000222,18,Scene18,222,data/kitti_vkitti/kitti/training/image_02/0018/000222.png,data/kitti_vkitti/vkitti/Scene18/clone/frames/rgb/Camera_0/rgb_00222.jpg,5,5,5,0.0389178743961352,0.0028341384863123,0.1319291465378421,0.2165333333333333,0.4727840863881784,0.2385992275018821,0.1801210045124863,5,1,0,5,1,0,0.25,0.5,10,6,0.6386655022700628,0.8502036929130554,0.0231167870695211,0.0,0.0
0018_000223,18,Scene18,223,data/kitti_vkitti/kitti/training/image_02/0018/000223.png,data/kitti_vkitti/vkitti/Scene18/clone/frames/rgb/Camera_0/rgb_00223.jpg,5,5,5,0.0435916264090177,0.0029200214707461,0.1315984970477724,0.2293333333333333,0.4753395093303021,0.2879075179617685,0.2427185481249009,4,3,1,4,2,1,0.25,0.5,10,7,0.6277437380381993,0.8397349715232849,0.0210365018270582,0.2,0.2
0018_000224,18,Scene18,224,data/kitti_vkitti/kitti/training/image_02/0018/000224.png,data/kitti_vkitti/vkitti/Scene18/clone/frames/rgb/Camera_0/rgb_00224.jpg,5,6,6,0.0399087493290391,0.0017176596886741,0.1312678475577026,0.2177777777777777,0.4788901981834065,0.3541419665925832,0.2760100602123345,5,0,1,4,1,1,0.25,0.5,10,5,0.7027141809463501,0.8667203187942505,0.0278538908283992,0.2,0.1666666666666666
0018_000225,18,Scene18,225,data/kitti_vkitti/kitti/training/image_02/0018/000225.png,data/kitti_vkitti/vkitti/Scene18/clone/frames/rgb/Camera_0/rgb_00225.jpg,4,5,5,0.0320515297906602,0.0018980139559849,0.1309371980676328,0.1813333333333333,0.4786321029753823,0.238589527061794,0.1362532891455077,5,0,0,4,1,0,0.25,0.5,10,5,0.6561792075634003,0.8731887340545654,0.0231276360110859,0.0,0.0
0018_000226,18,Scene18,226,data/kitti_vkitti/kitti/training/image_02/0018/000226.png,data/kitti_vkitti/vkitti/Scene18/clone/frames/rgb/Camera_0/rgb_00226.jpg,5,5,5,0.0320060118089103,0.0020869565217391,0.1309371980676328,0.1813333333333333,0.4794729984317935,0.2168477449954098,0.1711155988952324,5,0,0,5,0,0,0.25,0.5,10,5,0.6962700724601746,0.8917546272277832,0.0233514332482389,0.0,0.0
0018_000227,18,Scene18,227,data/kitti_vkitti/kitti/training/image_02/0018/000227.png,data/kitti_vkitti/vkitti/Scene18/clone/frames/rgb/Camera_0/rgb_00227.jpg,5,5,5,0.0321442834138486,0.0023660762211486,0.1314546430488459,0.1824,0.4817405870775578,0.2311171703467416,0.1625384132149188,5,0,0,5,0,0,0.25,0.5,10,5,0.6481722950935364,0.8412147164344788,0.0229570664774219,0.0,0.0
0018_000228,18,Scene18,228,data/kitti_vkitti/kitti/training/image_02/0018/000228.png,data/kitti_vkitti/vkitti/Scene18/clone/frames/rgb/Camera_0/rgb_00228.jpg,5,5,5,0.032119806763285,0.0026409017713365,0.1311218464841653,0.1823999999999999,0.4835061223201036,0.3737108643240522,0.2046602639408339,4,0,1,5,0,0,0.25,0.5,10,4,0.6888754814863205,0.8757573962211609,0.0286541004821588,0.0,0.2
0018_000229,18,Scene18,229,data/kitti_vkitti/kitti/training/image_02/0018/000229.png,data/kitti_vkitti/vkitti/Scene18/clone/frames/rgb/Camera_0/rgb_00229.jpg,5,5,5,0.0319450348899624,0.0028341384863123,0.1299452495974235,0.1834666666666666,0.484956088114258,0.3702128385061503,0.1704799554666001,4,0,1,5,0,0,0.25,0.5,10,4,0.6730355992913246,0.8636481165885925,0.0279469721245928,0.0,0.2
0018_000230,18,Scene18,230,data/kitti_vkitti/kitti/training/image_02/0018/000230.png,data/kitti_vkitti/vkitti/Scene18/clone/frames/rgb/Camera_0/rgb_00230.jpg,5,5,5,0.0318883521202361,0.0026924315619967,0.1292839506172839,0.1850666666666666,0.4861831875638071,0.3783821605225906,0.2976166946554287,4,0,1,4,0,1,0.25,0.5,10,4,0.6059398427605629,0.873299241065979,0.0281936143919599,0.2,0.2
0018_000231,18,Scene18,231,data/kitti_vkitti/kitti/training/image_02/0018/000231.png,data/kitti_vkitti/vkitti/Scene18/clone/frames/rgb/Camera_0/rgb_00231.jpg,5,5,5,0.0318887815351583,0.0026108427267847,0.1289533011272141,0.1850666666666666,0.4872185490406576,0.3878949412200049,0.3026061042902647,4,0,1,4,0,1,0.25,0.5,10,4,0.6260718777775764,0.8503665924072266,0.0259263442428279,0.2,0.2
0018_000232,18,Scene18,232,data/kitti_vkitti/kitti/training/image_02/0018/000232.png,data/kitti_vkitti/vkitti/Scene18/clone/frames/rgb/Camera_0/rgb_00232.jpg,5,5,5,0.0321691894793344,0.0026924315619967,0.1297906602254428,0.1866666666666666,0.4875598581246777,0.3819203567569228,0.3202619263715844,4,0,1,4,0,1,0.25,0.5,10,4,0.6454732567071915,0.856477677822113,0.0262781778065788,0.2,0.2
0018_000233,18,Scene18,233,data/kitti_vkitti/kitti/training/image_02/0018/000233.png,data/kitti_vkitti/vkitti/Scene18/clone/frames/rgb/Camera_0/rgb_00233.jpg,5,5,5,0.0323396672034353,0.0026215780998389,0.1294578636607622,0.1893333333333333,0.4873998884363192,0.3742238193739557,0.3032003717843224,4,0,1,4,0,1,0.25,0.5,10,4,0.6639773175120354,0.8422147631645203,0.0262575436317387,0.2,0.2
0018_000234,18,Scene18,234,data/kitti_vkitti/kitti/training/image_02/0018/000234.png,data/kitti_vkitti/vkitti/Scene18/clone/frames/rgb/Camera_0/rgb_00234.jpg,5,5,5,0.0323572732152442,0.0026215780998389,0.1282920021470746,0.1909333333333333,0.4879825455463989,0.3737176524432275,0.4541092371276941,4,0,1,3,0,2,0.25,0.5,10,4,0.6400650218129158,0.8392379283905029,0.0275407131287323,0.4,0.2
0018_000235,18,Scene18,235,data/kitti_vkitti/kitti/training/image_02/0018/000235.png,data/kitti_vkitti/vkitti/Scene18/clone/frames/rgb/Camera_0/rgb_00235.jpg,5,5,5,0.0327089640365002,0.0026108427267847,0.1279613526570048,0.1936,0.4885973835159399,0.2219881222237572,0.159230503456269,5,0,0,5,0,0,0.25,0.5,10,5,0.6195830225944519,0.8316976428031921,0.0226328127169086,0.0,0.0
0018_000236,18,Scene18,236,data/kitti_vkitti/kitti/training/image_02/0018/000236.png,data/kitti_vkitti/vkitti/Scene18/clone/frames/rgb/Camera_0/rgb_00236.jpg,5,5,5,0.033184755770263,0.0026108427267847,0.1279613526570048,0.1962666666666666,0.4894821045541137,0.2180987025127266,0.1394611190271533,5,0,0,5,0,0,0.25,0.5,10,5,0.7041583478450775,0.8735605478286743,0.0230182976007453,0.0,0.0
0018_000237,18,Scene18,237,data/kitti_vkitti/kitti/training/image_02/0018/000237.png,data/kitti_vkitti/vkitti/Scene18/clone/frames/rgb/Camera_0/rgb_00237.jpg,5,5,5,0.0336304884594739,0.0026215780998389,0.1268019323671497,0.2005333333333333,0.4918422110658542,0.1914209124362272,0.1191254044170666,5,0,0,5,0,0,0.25,0.5,10,5,0.6953481256961822,0.868824303150177,0.0241627600495047,0.0,0.0
0018_000238,18,Scene18,238,data/kitti_vkitti/kitti/training/image_02/0018/000238.png,data/kitti_vkitti/vkitti/Scene18/clone/frames/rgb/Camera_0/rgb_00238.jpg,6,6,6,0.0290738951511898,0.0016231884057971,0.1256468062265163,0.1835555555555555,0.4940494206056013,0.3543696747914727,0.2782083542947725,5,0,1,5,0,1,0.25,0.5,10,5,0.7319613099098206,0.8547863364219666,0.0244243566660433,0.1666666666666666,0.1666666666666666
0018_000239,18,Scene18,239,data/kitti_vkitti/kitti/training/image_02/0018/000239.png,data/kitti_vkitti/vkitti/Scene18/clone/frames/rgb/Camera_0/rgb_00239.jpg,6,6,6,0.030279477545178,0.0016231884057971,0.1235233494363929,0.1897777777777777,0.4986383421216044,0.3459692543229699,0.2759758306610435,5,0,1,5,0,1,0.25,0.5,10,5,0.6587554037570953,0.8230735659599304,0.0254582559578555,0.1666666666666666,0.1666666666666666
0018_000240,18,Scene18,240,data/kitti_vkitti/kitti/training/image_02/0018/000240.png,data/kitti_vkitti/vkitti/Scene18/clone/frames/rgb/Camera_0/rgb_00240.jpg,6,6,6,0.0326577205224548,0.0016231884057971,0.1214170692431562,0.1982222222222222,0.5040689421447592,0.3602122655289186,0.3273296092673586,5,0,1,5,0,1,0.25,0.5,10,5,0.670866584777832,0.811497688293457,0.0267557841860479,0.1666666666666666,0.1666666666666666
0018_000241,18,Scene18,241,data/kitti_vkitti/kitti/training/image_02/0018/000241.png,data/kitti_vkitti/vkitti/Scene18/clone/frames/rgb/Camera_0/rgb_00241.jpg,6,6,6,0.0382791196994095,0.0016811594202898,0.1201288244766505,0.2133333333333333,0.5086991211728922,0.3665138395987916,0.3932308167834633,5,0,1,4,1,2,0.25,0.5,10,5,0.5540777683258057,0.7790261507034302,0.0321573414202356,0.3333333333333333,0.1666666666666666
0018_000242,18,Scene18,242,data/kitti_vkitti/kitti/training/image_02/0018/000242.png,data/kitti_vkitti/vkitti/Scene18/clone/frames/rgb/Camera_0/rgb_00242.jpg,6,6,6,0.0362565754159957,0.0017434245840042,0.1172560386473429,0.219111111111111,0.5126721522317998,0.5021212207224501,0.4213938547512996,3,1,3,4,0,2,0.25,0.5,10,4,0.5372960120439529,0.8369728326797485,0.0408774946256844,0.3333333333333333,0.5
0018_000243,18,Scene18,243,data/kitti_vkitti/kitti/training/image_02/0018/000243.png,data/kitti_vkitti/vkitti/Scene18/clone/frames/rgb/Camera_0/rgb_00243.jpg,5,5,5,0.0295531937734836,0.0017434245840042,0.1156672034353193,0.1818666666666666,0.5095843979244946,0.67709268996402,0.349477148507807,2,0,3,4,0,1,0.25,0.5,10,2,0.6905201375484467,0.8803967833518982,0.011444023059734,0.2,0.6
0018_000244,18,Scene18,244,data/kitti_vkitti/kitti/training/image_02/0018/000244.png,data/kitti_vkitti/vkitti/Scene18/clone/frames/rgb/Camera_0/rgb_00244.jpg,4,4,4,0.0081905528717122,0.0018035426731078,0.022975845410628,0.13,0.5341881637249639,0.7887044630368935,0.3859739367034854,1,0,3,3,1,1,0.25,0.5,10,1,0.8812494277954102,0.8812494277954102,0.0200432327438667,0.25,0.75
0018_000245,18,Scene18,245,data/kitti_vkitti/kitti/training/image_02/0018/000245.png,data/kitti_vkitti/vkitti/Scene18/clone/frames/rgb/Camera_0/rgb_00245.jpg,4,4,4,0.0084541062801932,0.0019302200751476,0.0236178207192699,0.132,0.5263605275067622,0.5894464331451846,0.3408527485588444,2,0,2,3,1,1,0.25,0.5,10,2,0.6411893218755722,0.8818092942237854,0.0124781121458004,0.25,0.5
0018_000246,18,Scene18,246,data/kitti_vkitti/kitti/training/image_02/0018/000246.png,data/kitti_vkitti/vkitti/Scene18/clone/frames/rgb/Camera_0/rgb_00246.jpg,4,4,4,0.0087015566290928,0.0018035426731078,0.0247342995169082,0.1326666666666666,0.5155760916927157,0.3685849388855986,0.3849579247458468,3,0,1,3,1,1,0.25,0.5,10,3,0.5638939241568247,0.8778045177459717,0.0095035487948484,0.25,0.25
0018_000247,18,Scene18,247,data/kitti_vkitti/kitti/training/image_02/0018/000247.png,data/kitti_vkitti/vkitti/Scene18/clone/frames/rgb/Camera_0/rgb_00247.jpg,4,4,4,0.0090912506709608,0.0019302200751476,0.0258765432098765,0.1353333333333333,0.5077371728079315,0.4124272883166645,0.3937021526782109,3,0,1,3,2,1,0.25,0.5,10,3,0.6029137174288431,0.869617760181427,0.0094132055242333,0.25,0.25
0018_000248,18,Scene18,248,data/kitti_vkitti/kitti/training/image_02/0018/000248.png,data/kitti_vkitti/vkitti/Scene18/clone/frames/rgb/Camera_0/rgb_00248.jpg,4,4,4,0.0094653784219001,0.001992485238862,0.0270445517981749,0.1373333333333333,0.5019009693410376,0.441061161329219,0.383286427840421,3,0,1,3,1,1,0.25,0.5,10,3,0.5841795206069946,0.8562996983528137,0.0095639329773768,0.25,0.25
0018_000249,18,Scene18,249,data/kitti_vkitti/kitti/training/image_02/0018/000249.png,data/kitti_vkitti/vkitti/Scene18/clone/frames/rgb/Camera_0/rgb_00249.jpg,4,4,4,0.0096757917337627,0.0019302200751476,0.027740203972088,0.1393333333333333,0.4968775388631029,0.4002681548744264,0.2023675099904431,3,1,1,4,2,0,0.25,0.5,10,4,0.5647247284650803,0.8554964661598206,0.0091998264360997,0.0,0.25
0018_000250,18,Scene18,250,data/kitti_vkitti/kitti/training/image_02/0018/000250.png,data/kitti_vkitti/vkitti/Scene18/clone/frames/rgb/Camera_0/rgb_00250.jpg,4,4,4,0.0100912506709608,0.001992485238862,0.0291572732152442,0.1406666666666666,0.4985539494595476,0.390068106791439,0.2069502710803219,3,1,1,4,3,0,0.25,0.5,10,4,0.5913325250148773,0.9131522178649902,0.0093546747201846,0.0,0.25
0018_000251,18,Scene18,251,data/kitti_vkitti/kitti/training/image_02/0018/000251.png,data/kitti_vkitti/vkitti/Scene18/clone/frames/rgb/Camera_0/rgb_00251.jpg,4,4,4,0.0104954374664519,0.0019302200751476,0.0306086956521739,0.1426666666666666,0.502661985202025,0.5889337937874652,0.3510825665384981,2,0,2,3,3,1,0.25,0.5,10,2,0.7693974673748016,0.8907241225242615,0.0154030206908251,0.25,0.5
0018_000252,18,Scene18,252,data/kitti_vkitti/kitti/training/image_02/0018/000252.png,data/kitti_vkitti/vkitti/Scene18/clone/frames/rgb/Camera_0/rgb_00252.jpg,4,4,4,0.0108953301127214,0.002061191626409,0.0318776167471819,0.1453333333333333,0.5057518023849368,0.5887373441916672,0.375366562548924,2,0,2,3,2,1,0.25,0.5,10,2,0.781600832939148,0.8837076425552368,0.015820814898421,0.25,0.5
0018_000253,18,Scene18,253,data/kitti_vkitti/kitti/training/image_02/0018/000253.png,data/kitti_vkitti/vkitti/Scene18/clone/frames/rgb/Camera_0/rgb_00253.jpg,4,4,4,0.0114213633923778,0.0019967793880837,0.0337176596886741,0.1486666666666666,0.5083645564291202,0.4243241984496434,0.4080983320531971,3,0,1,3,4,1,0.25,0.5,10,3,0.5801518460114797,0.8921405076980591,0.0119240020573009,0.25,0.25
0018_000254,18,Scene18,254,data/kitti_vkitti/kitti/training/image_02/0018/000254.png,data/kitti_vkitti/vkitti/Scene18/clone/frames/rgb/Camera_0/rgb_00254.jpg,4,4,4,0.0118749329039184,0.002061191626409,0.035276435856146,0.15,0.5089304074179323,0.4235927918856346,0.3679257687687521,3,1,1,3,2,1,0.25,0.5,10,4,0.5679078176617622,0.8386657238006592,0.0094081734733099,0.25,0.25
0018_000255,18,Scene18,255,data/kitti_vkitti/kitti/training/image_02/0018/000255.png,data/kitti_vkitti/vkitti/Scene18/clone/frames/rgb/Camera_0/rgb_00255.jpg,4,5,5,0.0104506709608158,0.0019323671497584,0.0377885131508319,0.1365333333333333,0.5078150653068527,0.4033581560735081,0.1974083753963755,4,0,1,4,2,0,0.25,0.5,10,4,0.514434427022934,0.8131632208824158,0.0089254559603201,0.0,0.2
0018_000256,18,Scene18,256,data/kitti_vkitti/kitti/training/image_02/0018/000256.png,data/kitti_vkitti/vkitti/Scene18/clone/frames/rgb/Camera_0/rgb_00256.jpg,4,5,5,0.0109749865807836,0.0020654857756307,0.0400322061191626,0.1392,0.5061275488617347,0.3646672626600795,0.2124180795208117,4,2,1,4,3,0,0.25,0.5,10,6,0.4641102999448776,0.8250184059143066,0.0090604185720462,0.0,0.2
0018_000257,18,Scene18,257,data/kitti_vkitti/kitti/training/image_02/0018/000257.png,data/kitti_vkitti/vkitti/Scene18/clone/frames/rgb/Camera_0/rgb_00257.jpg,5,5,5,0.0115400966183574,0.0021298980139559,0.0423403113258185,0.1424,0.5033119509961795,0.4205368027012252,0.1714842134774598,3,1,2,5,1,0,0.25,0.5,10,4,0.6034549549221992,0.8581669926643372,0.0127677855829953,0.0,0.4
0018_000258,18,Scene18,258,data/kitti_vkitti/kitti/training/image_02/0018/000258.png,data/kitti_vkitti/vkitti/Scene18/clone/frames/rgb/Camera_0/rgb_00258.jpg,5,5,5,0.0121120772946859,0.0021964573268921,0.0443370907139023,0.1456,0.500865338427373,0.2448063783459677,0.3493069518702483,5,0,0,4,0,1,0.25,0.5,10,5,0.5642008125782013,0.858134925365448,0.0101213222510074,0.2,0.0
0018_000259,18,Scene18,259,data/kitti_vkitti/kitti/training/image_02/0018/000259.png,data/kitti_vkitti/vkitti/Scene18/clone/frames/rgb/Camera_0/rgb_00259.jpg,5,5,5,0.0126789049919484,0.0022673107890499,0.0465034889962426,0.1488,0.500107294791239,0.3678044686012469,0.4970958328881032,4,0,1,3,0,2,0.25,0.5,10,4,0.6712820380926132,0.8498568534851074,0.0125837607434258,0.4,0.2
0018_000260,18,Scene18,260,data/kitti_vkitti/kitti/training/image_02/0018/000260.png,data/kitti_vkitti/vkitti/Scene18/clone/frames/rgb/Camera_0/rgb_00260.jpg,5,5,5,0.0133105743424583,0.0024090177133655,0.0485925925925925,0.1525333333333333,0.4960853188511046,0.3544676435770022,0.1880995466617452,4,0,1,5,1,0,0.25,0.5,10,4,0.6130024716258049,0.8495133519172668,0.0133024048638011,0.0,0.2
0018_000261,18,Scene18,261,data/kitti_vkitti/kitti/training/image_02/0018/000261.png,data/kitti_vkitti/vkitti/Scene18/clone/frames/rgb/Camera_0/rgb_00261.jpg,5,5,5,0.0140448738593666,0.0024090177133655,0.0511304347826086,0.1562666666666666,0.4942768084367402,0.524522643130217,0.1858147882529408,3,0,2,5,0,0,0.25,0.5,10,3,0.7202851176261902,0.873380184173584,0.0173465410209552,0.0,0.4
0018_000262,18,Scene18,262,data/kitti_vkitti/kitti/training/image_02/0018/000262.png,data/kitti_vkitti/vkitti/Scene18/clone/frames/rgb/Camera_0/rgb_00262.jpg,5,5,5,0.0148551798174986,0.0024090177133655,0.0541492216854535,0.1605333333333333,0.4912520855040889,0.5544748174561575,0.2176763774661912,3,1,2,5,0,0,0.25,0.5,10,4,0.5612364038825035,0.8664048314094543,0.0141375644802124,0.0,0.4
0018_000263,18,Scene18,263,data/kitti_vkitti/kitti/training/image_02/0018/000263.png,data/kitti_vkitti/vkitti/Scene18/clone/frames/rgb/Camera_0/rgb_00263.jpg,5,5,5,0.0161915190552871,0.0024798711755233,0.0591304347826086,0.1669333333333333,0.4907345058044688,0.4588183921877663,0.2686349323328878,4,1,1,5,0,0,0.25,0.5,10,5,0.5456746101379395,0.8388775587081909,0.0131228263729436,0.0,0.2
0018_000264,18,Scene18,264,data/kitti_vkitti/kitti/training/image_02/0018/000264.png,data/kitti_vkitti/vkitti/Scene18/clone/frames/rgb/Camera_0/rgb_00264.jpg,5,5,5,0.0173363392377885,0.0025550187869028,0.0629715512614063,0.1722666666666666,0.4929664445917927,0.6521323141424821,0.3019200544176629,2,1,3,5,0,0,0.25,0.5,10,3,0.4766361117362976,0.715111494064331,0.0212619546731371,0.0,0.6
0018_000265,18,Scene18,265,data/kitti_vkitti/kitti/training/image_02/0018/000265.png,data/kitti_vkitti/vkitti/Scene18/clone/frames/rgb/Camera_0/rgb_00265.jpg,5,5,5,0.0187048845947396,0.0025550187869028,0.0674009661835748,0.1781333333333333,0.4900792438929409,0.5234731443435091,0.5196614991108279,3,0,2,3,3,2,0.25,0.5,10,3,0.6074941257635752,0.8660133481025696,0.0220989535739603,0.4,0.4
0018_000266,18,Scene18,266,data/kitti_vkitti/kitti/training/image_02/0018/000266.png,data/kitti_vkitti/vkitti/Scene18/clone/frames/rgb/Camera_0/rgb_00266.jpg,5,5,5,0.020349114331723,0.0026280193236714,0.0718153515834675,0.1856,0.4868246239988212,0.6688773717088196,0.4817674961585574,2,0,3,3,2,2,0.25,0.5,10,2,0.8095105290412903,0.8627410531044006,0.0340083754522235,0.4,0.6
0018_000267,18,Scene18,267,data/kitti_vkitti/kitti/training/image_02/0018/000267.png,data/kitti_vkitti/vkitti/Scene18/clone/frames/rgb/Camera_0/rgb_00267.jpg,5,5,5,0.0223673644659151,0.0027053140096618,0.0771980676328502,0.1936,0.4830390536031911,0.6653645309022539,0.5326410592441484,2,0,3,3,1,2,0.25,0.5,10,2,0.8199192881584167,0.8584821820259094,0.0348041579058729,0.4,0.6
0018_000268,18,Scene18,268,data/kitti_vkitti/kitti/training/image_02/0018/000268.png,data/kitti_vkitti/vkitti/Scene18/clone/frames/rgb/Camera_0/rgb_00268.jpg,5,5,5,0.0251177670424047,0.0027804616210413,0.0832979066022544,0.2042666666666666,0.4766549756349131,0.6357638192222157,0.5227477731328701,2,1,3,3,1,2,0.25,0.5,10,3,0.6741907596588135,0.8414178490638733,0.0259244413207401,0.4,0.6
0018_000269,18,Scene18,269,data/kitti_vkitti/kitti/training/image_02/0018/000269.png,data/kitti_vkitti/vkitti/Scene18/clone/frames/rgb/Camera_0/rgb_00269.jpg,5,5,5,0.0286363929146537,0.0028556092324208,0.0890864197530864,0.2154666666666666,0.4699035374106701,0.4188317865591588,0.3540152651727929,4,0,1,4,0,1,0.25,0.5,10,4,0.6899808123707771,0.8762274384498596,0.0260556540487852,0.2,0.2
0018_000270,18,Scene18,270,data/kitti_vkitti/kitti/training/image_02/0018/000270.png,data/kitti_vkitti/vkitti/Scene18/clone/frames/rgb/Camera_0/rgb_00270.jpg,5,5,5,0.0340787976382179,0.0028599033816425,0.0945056360708534,0.2304,0.467484803132203,0.4572011309943334,0.3155067819712813,3,2,2,4,1,1,0.25,0.5,10,5,0.6205916345119477,0.8665457367897034,0.0337301836708669,0.2,0.4
0018_000271,18,Scene18,271,data/kitti_vkitti/kitti/training/image_02/0018/000271.png,data/kitti_vkitti/vkitti/Scene18/clone/frames/rgb/Camera_0/rgb_00271.jpg,5,5,5,0.0355126140633387,0.0029371980676328,0.0981127214170692,0.2458666666666666,0.4673516592466294,0.4044542757738953,0.3084374339154403,3,1,2,4,1,1,0.25,0.5,10,4,0.7660178542137146,0.8781834840774536,0.0349574883320634,0.2,0.4
0018_000272,18,Scene18,272,data/kitti_vkitti/kitti/training/image_02/0018/000272.png,data/kitti_vkitti/vkitti/Scene18/clone/frames/rgb/Camera_0/rgb_00272.jpg,5,5,5,0.0300599033816425,0.0030187869028448,0.101719806763285,0.2448,0.4692273436266616,0.3904586759401472,0.3348567813895153,4,0,1,4,1,1,0.25,0.5,10,4,0.6998863592743874,0.8794382810592651,0.0291384711405024,0.2,0.2
0018_000273,18,Scene18,273,data/kitti_vkitti/kitti/training/image_02/0018/000273.png,data/kitti_vkitti/vkitti/Scene18/clone/frames/rgb/Camera_0/rgb_00273.jpg,4,4,4,0.0315389157273215,0.0030187869028448,0.1056876006441223,0.2146666666666666,0.4691684632629219,0.5664203250236705,0.3493072116983424,2,0,2,3,1,1,0.25,0.5,10,2,0.8365625441074371,0.8707149624824524,0.0503109601337047,0.25,0.5
0018_000274,18,Scene18,274,data/kitti_vkitti/kitti/training/image_02/0018/000274.png,data/kitti_vkitti/vkitti/Scene18/clone/frames/rgb/Camera_0/rgb_00274.jpg,4,4,4,0.0318706387546967,0.003098228663446,0.1067697262479871,0.2153333333333333,0.4671997895024891,0.4128444758164131,0.3642549532249689,3,1,1,3,1,1,0.25,0.5,10,4,0.5735365375876427,0.8716305494308472,0.0273412228048258,0.25,0.25
0018_000275,18,Scene18,275,data/kitti_vkitti/kitti/training/image_02/0018/000275.png,data/kitti_vkitti/vkitti/Scene18/clone/frames/rgb/Camera_0/rgb_00275.jpg,4,4,4,0.0325351583467525,0.003098228663446,0.1088566827697262,0.2166666666666666,0.4656952627535179,0.3987573504551652,0.402977134630138,3,1,1,3,0,1,0.25,0.5,10,4,0.5873415917158127,0.8817920684814453,0.0269801507327859,0.25,0.25
0018_000276,18,Scene18,276,data/kitti_vkitti/kitti/training/image_02/0018/000276.png,data/kitti_vkitti/vkitti/Scene18/clone/frames/rgb/Camera_0/rgb_00276.jpg,4,4,4,0.0330826623725174,0.003098228663446,0.1105958132045088,0.2186666666666666,0.4661767042404723,0.3591411250898998,0.3798852855426344,3,1,1,3,1,1,0.25,0.5,10,4,0.6869804859161377,0.8914185762405396,0.0278377597006807,0.25,0.25
0018_000277,18,Scene18,277,data/kitti_vkitti/kitti/training/image_02/0018/000277.png,data/kitti_vkitti/vkitti/Scene18/clone/frames/rgb/Camera_0/rgb_00277.jpg,4,4,4,0.0332190016103059,0.003098228663446,0.1110338164251207,0.218,0.4674645111721554,0.346891456008414,0.3791110131242877,3,1,1,3,0,1,0.25,0.5,10,4,0.6778687834739685,0.8702081441879272,0.0288093556300856,0.25,0.25
0018_000278,18,Scene18,278,data/kitti_vkitti/kitti/training/image_02/0018/000278.png,data/kitti_vkitti/vkitti/Scene18/clone/frames/rgb/Camera_0/rgb_00278.jpg,4,4,4,0.0337863660762211,0.0031819645732689,0.1127858293075684,0.2199999999999999,0.4681182238220033,0.3630029099369736,0.3541813047555782,3,1,1,3,0,1,0.25,0.5,10,4,0.6861315816640854,0.8824191093444824,0.0298080864187684,0.25,0.25
0018_000279,18,Scene18,279,data/kitti_vkitti/kitti/training/image_02/0018/000279.png,data/kitti_vkitti/vkitti/Scene18/clone/frames/rgb/Camera_0/rgb_00279.jpg,4,4,4,0.0339141170155662,0.0032635534084809,0.1130821256038647,0.2213333333333333,0.4689385999810552,0.4050371675988187,0.3882521584003335,3,1,1,3,0,1,0.25,0.5,10,4,0.730753630399704,0.8890727758407593,0.0297015207969132,0.25,0.25
0018_000280,18,Scene18,280,data/kitti_vkitti/kitti/training/image_02/0018/000280.png,data/kitti_vkitti/vkitti/Scene18/clone/frames/rgb/Camera_0/rgb_00280.jpg,4,4,4,0.0340794417606011,0.0032635534084809,0.1137434245840043,0.2219999999999999,0.4686623598875943,0.3889770188155593,0.382399312926066,3,2,1,3,0,1,0.25,0.5,10,5,0.6170931160449982,0.8569217920303345,0.0244676802584281,0.25,0.25
0018_000281,18,Scene18,281,data/kitti_vkitti/kitti/training/image_02/0018/000281.png,data/kitti_vkitti/vkitti/Scene18/clone/frames/rgb/Camera_0/rgb_00281.jpg,4,4,4,0.034118625872249,0.0033494363929146,0.1133741277509393,0.2233333333333333,0.4709132350309957,0.3558961320940319,0.4177274494006925,3,1,1,3,0,1,0.25,0.5,10,4,0.5819772705435753,0.853512167930603,0.0310229368204858,0.25,0.25
0018_000282,18,Scene18,282,data/kitti_vkitti/kitti/training/image_02/0018/000282.png,data/kitti_vkitti/vkitti/Scene18/clone/frames/rgb/Camera_0/rgb_00282.jpg,4,4,4,0.0341309715512614,0.0032635534084809,0.1133741277509393,0.2233333333333333,0.4739803269026343,0.5722907629233129,0.3833057163995694,2,0,2,3,0,1,0.25,0.5,10,2,0.8599057793617249,0.8974720239639282,0.0532122286094574,0.25,0.5
0018_000283,18,Scene18,283,data/kitti_vkitti/kitti/training/image_02/0018/000283.png,data/kitti_vkitti/vkitti/Scene18/clone/frames/rgb/Camera_0/rgb_00283.jpg,4,4,4,0.0337241009125067,0.0033494363929146,0.1113258185721953,0.2233333333333333,0.4790147453506362,0.3574432916606487,0.3729415897877649,3,0,1,3,0,1,0.25,0.5,10,3,0.6869177222251892,0.8272194266319275,0.0360011557755536,0.25,0.25
0018_000284,18,Scene18,284,data/kitti_vkitti/kitti/training/image_02/0018/000284.png,data/kitti_vkitti/vkitti/Scene18/clone/frames/rgb/Camera_0/rgb_00284.jpg,4,4,4,0.0333274288781535,0.0034331723027375,0.1096553945249597,0.222,0.4840581478324018,0.3642741798291607,0.3803381662836533,3,0,1,3,2,1,0.25,0.5,10,3,0.6735754112402598,0.842322587966919,0.0368233427577651,0.25,0.25
0018_000285,18,Scene18,285,data/kitti_vkitti/kitti/training/image_02/0018/000285.png,data/kitti_vkitti/vkitti/Scene18/clone/frames/rgb/Camera_0/rgb_00285.jpg,5,5,5,0.0265717659688674,0.0021449275362318,0.1072098765432098,0.1909333333333333,0.4901176638986244,0.3680385716216523,0.3651089732282094,4,1,1,4,1,1,0.25,0.5,10,5,0.5338984251022338,0.8567811250686646,0.0297765763438893,0.2,0.2
0018_000286,18,Scene18,286,data/kitti_vkitti/kitti/training/image_02/0018/000286.png,data/kitti_vkitti/vkitti/Scene18/clone/frames/rgb/Camera_0/rgb_00286.jpg,5,5,5,0.026377241009125,0.0024283413848631,0.1057756307031669,0.1925333333333333,0.4945569048446002,0.3520939369009718,0.3465047736716704,4,0,1,4,0,1,0.25,0.5,10,4,0.6328488513827324,0.811469316482544,0.0230040412573839,0.2,0.2
0018_000287,18,Scene18,287,data/kitti_vkitti/kitti/training/image_02/0018/000287.png,data/kitti_vkitti/vkitti/Scene18/clone/frames/rgb/Camera_0/rgb_00287.jpg,5,5,5,0.0261101449275362,0.0027053140096618,0.104341384863124,0.1925333333333333,0.499960173870944,0.3442573570740905,0.3188657573248574,4,1,1,4,3,1,0.25,0.5,10,5,0.5901963651180268,0.7948190569877625,0.0337952304861596,0.2,0.2
0018_000288,18,Scene18,288,data/kitti_vkitti/kitti/training/image_02/0018/000288.png,data/kitti_vkitti/vkitti/Scene18/clone/frames/rgb/Camera_0/rgb_00288.jpg,5,5,5,0.0259577026301663,0.0030617283950617,0.102907139023081,0.1941333333333333,0.5069419047919759,0.500391479399904,0.3454646261952117,3,0,2,4,2,1,0.25,0.5,10,3,0.7468282381693522,0.8450847864151001,0.0343377085215606,0.2,0.4
0018_000289,18,Scene18,289,data/kitti_vkitti/kitti/training/image_02/0018/000289.png,data/kitti_vkitti/vkitti/Scene18/clone/frames/rgb/Camera_0/rgb_00289.jpg,5,5,5,0.0258477724100912,0.0034331723027375,0.1018314546430488,0.1957333333333333,0.5230489554061023,0.5122854018940881,0.3226800206677254,3,1,2,4,1,1,0.25,0.5,10,4,0.7740002274513245,0.8962184190750122,0.0527124298413107,0.2,0.4
0018_000290,18,Scene18,290,data/kitti_vkitti/kitti/training/image_02/0018/000290.png,data/kitti_vkitti/vkitti/Scene18/clone/frames/rgb/Camera_0/rgb_00290.jpg,5,5,5,0.0258031132581857,0.0034331723027375,0.1008652710681696,0.1962666666666666,0.5300842537336996,0.4938561751126218,0.3342233172499559,3,0,2,4,3,1,0.25,0.5,10,3,0.8124621709187826,0.8810128569602966,0.0341151834945985,0.2,0.4
0018_000291,18,Scene18,291,data/kitti_vkitti/kitti/training/image_02/0018/000291.png,data/kitti_vkitti/vkitti/Scene18/clone/frames/rgb/Camera_0/rgb_00291.jpg,5,5,5,0.0257721953837895,0.0034331723027375,0.1005088566827697,0.1968,0.5248163177670424,0.3209320609402841,0.333406784091684,4,0,1,4,2,1,0.25,0.5,10,4,0.6822986900806427,0.8972635269165039,0.0266856096426129,0.2,0.2
0018_000292,18,Scene18,292,data/kitti_vkitti/kitti/training/image_02/0018/000292.png,data/kitti_vkitti/vkitti/Scene18/clone/frames/rgb/Camera_0/rgb_00292.jpg,5,5,5,0.0260212560386473,0.0034331723027375,0.1005088566827697,0.1994666666666666,0.5176578615557871,0.4778253702236251,0.302642790734579,3,0,2,4,2,1,0.25,0.5,10,3,0.8239398996035258,0.9018882513046264,0.0346845793192181,0.2,0.4
0018_000293,18,Scene18,293,data/kitti_vkitti/kitti/training/image_02/0018/000293.png,data/kitti_vkitti/vkitti/Scene18/clone/frames/rgb/Camera_0/rgb_00293.jpg,5,5,5,0.0261406333870101,0.0034331723027375,0.1001524422973698,0.2010666666666666,0.5189356151263511,0.3315357985850671,0.2723142416851839,4,0,1,4,2,1,0.25,0.5,10,4,0.6848200932145119,0.8930010199546814,0.0265719861162629,0.2,0.2
0018_000294,18,Scene18,294,data/kitti_vkitti/kitti/training/image_02/0018/000294.png,data/kitti_vkitti/vkitti/Scene18/clone/frames/rgb/Camera_0/rgb_00294.jpg,5,5,5,0.0262612989801395,0.003521202361782,0.0997960279119699,0.2032,0.5192600844095019,0.345777901546243,0.270187027364784,4,0,1,4,3,1,0.25,0.5,10,4,0.6736082434654236,0.8850322961807251,0.0266322399952285,0.2,0.2
0018_000295,18,Scene18,295,data/kitti_vkitti/kitti/training/image_02/0018/000295.png,data/kitti_vkitti/vkitti/Scene18/clone/frames/rgb/Camera_0/rgb_00295.jpg,5,5,5,0.0267121846484165,0.003521202361782,0.1003972088030059,0.2058666666666667,0.5195235599339038,0.3597132103561452,0.317036288389773,4,0,1,4,2,1,0.25,0.5,10,4,0.6658604741096497,0.8803521394729614,0.0262621757020377,0.2,0.2
0018_000296,18,Scene18,296,data/kitti_vkitti/kitti/training/image_02/0018/000296.png,data/kitti_vkitti/vkitti/Scene18/clone/frames/rgb/Camera_0/rgb_00296.jpg,6,6,6,0.0232177491501163,0.0031604938271604,0.1003972088030059,0.1884444444444445,0.5207070863987033,0.457637343639014,0.3113316936634881,4,0,2,5,2,1,0.25,0.5,10,4,0.5936209335923195,0.8425031900405884,0.0253881623956411,0.1666666666666666,0.3333333333333333
0018_000297,18,Scene18,297,data/kitti_vkitti/kitti/training/image_02/0018/000297.png,data/kitti_vkitti/vkitti/Scene18/clone/frames/rgb/Camera_0/rgb_00297.jpg,6,6,6,0.0235652173913043,0.0036070853462157,0.0996800858829844,0.1915555555555555,0.5216122425352321,0.4602326530703607,0.4287733850147468,4,0,2,4,4,2,0.25,0.5,10,4,0.6536338925361633,0.849282443523407,0.025913252622122,0.3333333333333333,0.3333333333333333
0018_000298,18,Scene18,298,data/kitti_vkitti/kitti/training/image_02/0018/000298.png,data/kitti_vkitti/vkitti/Scene18/clone/frames/rgb/Camera_0/rgb_00298.jpg,7,7,7,0.0212149375047925,0.0028341384863123,0.0990831991411701,0.1805714285714285,0.5225881005757107,0.4397409472564262,0.4435138408200254,5,1,2,5,2,2,0.25,0.5,10,6,0.5247698823610941,0.803200900554657,0.0189525782849994,0.2857142857142857,0.2857142857142857
0018_000299,18,Scene18,299,data/kitti_vkitti/kitti/training/image_02/0018/000299.png,data/kitti_vkitti/vkitti/Scene18/clone/frames/rgb/Camera_0/rgb_00299.jpg,7,7,7,0.0222280499961659,0.0029930220075147,0.0990831991411701,0.1859047619047619,0.5227491732710261,0.458363387441825,0.4276764432749825,4,2,3,5,3,2,0.25,0.5,10,6,0.5549454391002655,0.8397985100746155,0.0191676893818598,0.2857142857142857,0.4285714285714285
0018_000300,18,Scene18,300,data/kitti_vkitti/kitti/training/image_02/0018/000300.png,data/kitti_vkitti/vkitti/Scene18/clone/frames/rgb/Camera_0/rgb_00300.jpg,7,7,7,0.0235819339007744,0.0029930220075147,0.0990831991411701,0.1916190476190476,0.5202718364855335,0.5464306548009641,0.3204115171304096,4,0,3,6,3,1,0.25,0.5,10,4,0.6277031302452087,0.8271827697753906,0.0263910543512691,0.1428571428571428,0.4285714285714285
0018_000301,18,Scene18,301,data/kitti_vkitti/kitti/training/image_02/0018/000301.png,data/kitti_vkitti/vkitti/Scene18/clone/frames/rgb/Camera_0/rgb_00301.jpg,7,7,7,0.0258480177900467,0.0029930220075147,0.0983703703703703,0.1992380952380952,0.5141827665687853,0.5378572708659006,0.2948641771253336,4,0,3,6,1,1,0.25,0.5,10,4,0.7375016808509827,0.8652022480964661,0.0325721551016641,0.1428571428571428,0.4285714285714285
0018_000302,18,Scene18,302,data/kitti_vkitti/kitti/training/image_02/0018/000302.png,data/kitti_vkitti/vkitti/Scene18/clone/frames/rgb/Camera_0/rgb_00302.jpg,7,7,7,0.0289480868031592,0.0029930220075147,0.0983703703703703,0.2099047619047619,0.4994195489038342,0.4533938719697766,0.2940978510520388,5,1,2,6,1,1,0.25,0.5,10,6,0.6318801293770472,0.8907193541526794,0.028993871730971,0.1428571428571428,0.2857142857142857
0018_000303,18,Scene18,303,data/kitti_vkitti/kitti/training/image_02/0018/000303.png,data/kitti_vkitti/vkitti/Scene18/clone/frames/rgb/Camera_0/rgb_00303.jpg,7,7,7,0.0272574189095928,0.0029930220075147,0.0983703703703703,0.2201904761904762,0.4907093976613726,0.5259944770475361,0.3073871075358745,4,1,3,6,4,1,0.25,0.5,10,5,0.6725388109683991,0.8901498317718506,0.0305501338924807,0.1428571428571428,0.4285714285714285
0018_000304,18,Scene18,304,data/kitti_vkitti/kitti/training/image_02/0018/000304.png,data/kitti_vkitti/vkitti/Scene18/clone/frames/rgb/Camera_0/rgb_00304.jpg,6,6,6,0.0230359634997316,0.0029930220075147,0.0980139559849704,0.1906666666666666,0.4897173734120594,0.6095649280013276,0.3188563196022151,3,0,3,5,3,1,0.25,0.5,10,3,0.6354562242825826,0.8109701871871948,0.0335323046017524,0.1666666666666666,0.5
0018_000305,18,Scene18,305,data/kitti_vkitti/kitti/training/image_02/0018/000305.png,data/kitti_vkitti/vkitti/Scene18/clone/frames/rgb/Camera_0/rgb_00305.jpg,6,6,6,0.0236543209876543,0.0029930220075147,0.0986044015029522,0.1946666666666666,0.4848787513287655,0.5720059757326084,0.3361053723728324,3,0,3,5,5,1,0.25,0.5,10,3,0.64556818207105,0.8385077118873596,0.0327208293682141,0.1666666666666666,0.5
0018_000306,18,Scene18,306,data/kitti_vkitti/kitti/training/image_02/0018/000306.png,data/kitti_vkitti/vkitti/Scene18/clone/frames/rgb/Camera_0/rgb_00306.jpg,6,6,6,0.0241674718196457,0.0029930220075147,0.0982458400429415,0.1973333333333333,0.4735624893435635,0.4720246689330611,0.4818974016600438,4,0,2,3,3,3,0.25,0.5,10,4,0.5553774014115334,0.8536891937255859,0.02513429904208,0.5,0.3333333333333333
0018_000307,18,Scene18,307,data/kitti_vkitti/kitti/training/image_02/0018/000307.png,data/kitti_vkitti/vkitti/Scene18/clone/frames/rgb/Camera_0/rgb_00307.jpg,6,6,6,0.0250094829128645,0.0030660225442834,0.0978872785829307,0.2013333333333333,0.4687042404723564,0.4639075068369106,0.4536333002693319,4,0,2,4,2,2,0.25,0.5,10,4,0.5617553144693375,0.8515110015869141,0.0255011789817483,0.3333333333333333,0.3333333333333333
0018_000308,18,Scene18,308,data/kitti_vkitti/kitti/training/image_02/0018/000308.png,data/kitti_vkitti/vkitti/Scene18/clone/frames/rgb/Camera_0/rgb_00308.jpg,6,6,6,0.026347468241188,0.0030660225442834,0.0973011272141707,0.2062222222222222,0.4689173565722585,0.3786498974674653,0.4691674875271426,5,0,1,4,1,2,0.25,0.5,10,5,0.5535678148269654,0.8444182276725769,0.0233331192032329,0.3333333333333333,0.1666666666666666
0018_000309,18,Scene18,309,data/kitti_vkitti/kitti/training/image_02/0018/000309.png,data/kitti_vkitti/vkitti/Scene18/clone/frames/rgb/Camera_0/rgb_00309.jpg,6,6,6,0.02849704777241,0.0030660225442834,0.0969447128287708,0.2137777777777778,0.4664118973193142,0.3439682608492684,0.276618627123343,5,0,1,5,4,1,0.25,0.5,10,5,0.65666543841362,0.8836564421653748,0.0266445435645145,0.1666666666666666,0.1666666666666666
0018_000310,18,Scene18,310,data/kitti_vkitti/kitti/training/image_02/0018/000310.png,data/kitti_vkitti/vkitti/Scene18/clone/frames/rgb/Camera_0/rgb_00310.jpg,7,7,7,0.0282831071236868,0.0031561996779388,0.0969447128287708,0.2034285714285714,0.4632672918442739,0.3435335125573965,0.2880512032404955,6,0,1,6,1,1,0.25,0.5,10,6,0.6101037214199702,0.8752359747886658,0.0257305842791205,0.1428571428571428,0.1428571428571428
0018_000311,18,Scene18,311,data/kitti_vkitti/kitti/training/image_02/0018/000311.png,data/kitti_vkitti/vkitti/Scene18/clone/frames/rgb/Camera_0/rgb_00311.jpg,7,7,7,0.0293729008511617,0.0031561996779388,0.0965882984433709,0.2148571428571428,0.4611257659478176,0.3152366010458303,0.2747642694116085,6,0,1,6,1,1,0.25,0.5,10,6,0.6210397283236185,0.8733189702033997,0.0275319441289361,0.1428571428571428,0.1428571428571428
0018_000312,18,Scene18,312,data/kitti_vkitti/kitti/training/image_02/0018/000312.png,data/kitti_vkitti/vkitti/Scene18/clone/frames/rgb/Camera_0/rgb_00312.jpg,7,7,7,0.0262191549727781,0.0032313472893183,0.0965882984433709,0.2182857142857142,0.4625632450296275,0.3429532029288636,0.264240650972915,6,1,1,6,2,1,0.25,0.5,10,7,0.615521252155304,0.8792697787284851,0.0223098433572389,0.1428571428571428,0.1428571428571428
0018_000313,18,Scene18,313,data/kitti_vkitti/kitti/training/image_02/0018/000313.png,data/kitti_vkitti/vkitti/Scene18/clone/frames/rgb/Camera_0/rgb_00313.jpg,6,6,6,0.0221703345857935,0.0032313472893183,0.096231884057971,0.1866666666666666,0.471377222064349,0.434315576557812,0.2802978873472583,4,1,2,5,1,1,0.25,0.5,10,5,0.6179480910301208,0.818386971950531,0.0229914612566649,0.1666666666666666,0.3333333333333333
0018_000314,18,Scene18,314,data/kitti_vkitti/kitti/training/image_02/0018/000314.png,data/kitti_vkitti/vkitti/Scene18/clone/frames/rgb/Camera_0/rgb_00314.jpg,6,6,6,0.022566469851494,0.0032313472893183,0.0973011272141707,0.1884444444444444,0.4693301842905708,0.449215070380642,0.3263367013973085,4,1,2,5,1,1,0.25,0.5,10,5,0.580657708644867,0.7650330662727356,0.0208367279697977,0.1666666666666666,0.3333333333333333
0018_000315,18,Scene18,315,data/kitti_vkitti/kitti/training/image_02/0018/000315.png,data/kitti_vkitti/vkitti/Scene18/clone/frames/rgb/Camera_0/rgb_00315.jpg,6,6,6,0.0228860261227411,0.0032313472893183,0.0977777777777777,0.1902222222222222,0.466868222243272,0.4542690221575065,0.3098455942568848,4,1,2,5,1,1,0.25,0.5,10,5,0.6145822823047637,0.7471169829368591,0.0220764222855237,0.1666666666666666,0.3333333333333333
0018_000316,18,Scene18,316,data/kitti_vkitti/kitti/training/image_02/0018/000316.png,data/kitti_vkitti/vkitti/Scene18/clone/frames/rgb/Camera_0/rgb_00316.jpg,6,6,6,0.0233501520844516,0.0032313472893183,0.0988405797101449,0.1924444444444444,0.4642724174586635,0.3390060281808219,0.2990081255508482,5,0,1,5,1,1,0.25,0.5,10,5,0.5841691255569458,0.7645536065101624,0.0211868481218005,0.1666666666666666,0.1666666666666666
0018_000317,18,Scene18,317,data/kitti_vkitti/kitti/training/image_02/0018/000317.png,data/kitti_vkitti/vkitti/Scene18/clone/frames/rgb/Camera_0/rgb_00317.jpg,6,6,6,0.0237609590266595,0.0032313472893183,0.0992979066022544,0.1942222222222222,0.4627381095218549,0.3298839971053634,0.3172298328362601,5,0,1,5,2,1,0.25,0.5,10,5,0.6368249416351318,0.8783002495765686,0.0227724504842357,0.1666666666666666,0.1666666666666666
0018_000318,18,Scene18,318,data/kitti_vkitti/kitti/training/image_02/0018/000318.png,data/kitti_vkitti/vkitti/Scene18/clone/frames/rgb/Camera_0/rgb_00318.jpg,6,6,6,0.0243853998926462,0.0031561996779388,0.100354267310789,0.1973333333333333,0.4609836464483807,0.3517171463072658,0.3260026717530561,5,0,1,5,3,1,0.25,0.5,10,5,0.6631497323513031,0.8785216808319092,0.0233691787363992,0.1666666666666666,0.1666666666666666
0018_000319,18,Scene18,319,data/kitti_vkitti/kitti/training/image_02/0018/000319.png,data/kitti_vkitti/vkitti/Scene18/clone/frames/rgb/Camera_0/rgb_00319.jpg,5,5,5,0.0281588835212023,0.0032313472893183,0.1013204508856682,0.208,0.4585835369896751,0.2384426831636671,0.2271530592807012,5,0,0,5,1,0,0.25,0.5,10,5,0.6015008449554443,0.8496074676513672,0.0235789312015018,0.0,0.0
0018_000320,18,Scene18,320,data/kitti_vkitti/kitti/training/image_02/0018/000320.png,data/kitti_vkitti/vkitti/Scene18/clone/frames/rgb/Camera_0/rgb_00320.jpg,5,5,5,0.0293075684380032,0.0033236714975845,0.1030037573805689,0.2128,0.4568722090661278,0.3517496183131581,0.2639613609929825,4,0,1,4,5,1,0.25,0.5,10,4,0.6237681210041046,0.8437651991844177,0.0282569478888752,0.2,0.2
0018_000321,18,Scene18,321,data/kitti_vkitti/kitti/training/image_02/0018/000321.png,data/kitti_vkitti/vkitti/Scene18/clone/frames/rgb/Camera_0/rgb_00321.jpg,5,5,5,0.0307881910896403,0.0031561996779388,0.104341384863124,0.2181333333333333,0.4546035595129087,0.360716218132684,0.3232771793631935,4,0,1,4,2,1,0.25,0.5,10,4,0.608180433511734,0.879844605922699,0.0291549066574189,0.2,0.2
0018_000322,18,Scene18,322,data/kitti_vkitti/kitti/training/image_02/0018/000322.png,data/kitti_vkitti/vkitti/Scene18/clone/frames/rgb/Camera_0/rgb_00322.jpg,5,5,5,0.0328193236714975,0.0032313472893183,0.1060483091787439,0.224,0.454199109595529,0.5485162147985388,0.3025449131262745,3,0,2,4,2,1,0.25,0.5,10,3,0.7262209753195444,0.8865240812301636,0.0374030030509002,0.2,0.4
0018_000323,18,Scene18,323,data/kitti_vkitti/kitti/training/image_02/0018/000323.png,data/kitti_vkitti/vkitti/Scene18/clone/frames/rgb/Camera_0/rgb_00323.jpg,5,5,5,0.0354215780998389,0.0033236714975845,0.1067697262479871,0.2325333333333333,0.4527256354393609,0.4152629178712119,0.3627792579386028,4,0,1,4,1,1,0.25,0.5,10,4,0.6389366537332535,0.8478010892868042,0.0352955506127361,0.2,0.2
0018_000324,18,Scene18,324,data/kitti_vkitti/kitti/training/image_02/0018/000324.png,data/kitti_vkitti/vkitti/Scene18/clone/frames/rgb/Camera_0/rgb_00324.jpg,5,5,5,0.0397140096618357,0.0032313472893183,0.1081309715512614,0.2421333333333333,0.4505503457421616,0.4288237025558672,0.1919896228636293,4,0,1,5,1,0,0.25,0.5,10,4,0.6859612464904785,0.8638104200363159,0.0376537395141775,0.0,0.2
0018_000325,18,Scene18,325,data/kitti_vkitti/kitti/training/image_02/0018/000325.png,data/kitti_vkitti/vkitti/Scene18/clone/frames/rgb/Camera_0/rgb_00325.jpg,5,5,5,0.0439785292538915,0.0033236714975845,0.1088566827697262,0.2549333333333333,0.4528986475534927,0.4003268450398775,0.1818538550107536,4,0,1,5,1,0,0.25,0.5,10,4,0.7086740136146545,0.8609066605567932,0.043873875007861,0.0,0.2
0018_000326,18,Scene18,326,data/kitti_vkitti/kitti/training/image_02/0018/000326.png,data/kitti_vkitti/vkitti/Scene18/clone/frames/rgb/Camera_0/rgb_00326.jpg,5,5,5,0.0429015566290928,0.0032313472893183,0.109582393988191,0.2672,0.4549648742803616,0.2112424676737208,0.2013167091962625,5,0,0,5,2,0,0.25,0.5,10,5,0.6593380153179169,0.8852915167808533,0.0363289811455737,0.0,0.0
0018_000327,18,Scene18,327,data/kitti_vkitti/kitti/training/image_02/0018/000327.png,data/kitti_vkitti/vkitti/Scene18/clone/frames/rgb/Camera_0/rgb_00327.jpg,5,5,5,0.0372805152979066,0.0032313472893183,0.1106709608158883,0.2645333333333333,0.4540857777356783,0.3961364369378006,0.2017166316389173,4,0,1,5,2,0,0.25,0.5,10,4,0.7429808676242828,0.8928075432777405,0.0368529249483905,0.0,0.2
0018_000328,18,Scene18,328,data/kitti_vkitti/kitti/training/image_02/0018/000328.png,data/kitti_vkitti/vkitti/Scene18/clone/frames/rgb/Camera_0/rgb_00328.jpg,4,4,4,0.0347139023081052,0.0032313472893183,0.1117595276435856,0.226,0.4521400903034321,0.4165136254698074,0.1802247511558298,3,0,1,4,1,0,0.25,0.5,10,3,0.7042711675167084,0.9079726934432985,0.0380595882325979,0.0,0.25
0018_000329,18,Scene18,329,data/kitti_vkitti/kitti/training/image_02/0018/000329.png,data/kitti_vkitti/vkitti/Scene18/clone/frames/rgb/Camera_0/rgb_00329.jpg,4,4,4,0.0341170155662909,0.0033236714975845,0.1092946859903381,0.226,0.4530320440360793,0.4342182065052813,0.1667171035072767,3,0,1,4,2,0,0.25,0.5,10,3,0.7030633290608724,0.8815763592720032,0.0371957430506998,0.0,0.25
0018_000330,18,Scene18,330,data/kitti_vkitti/kitti/training/image_02/0018/000330.png,data/kitti_vkitti/vkitti/Scene18/clone/frames/rgb/Camera_0/rgb_00330.jpg,4,4,4,0.0335163714439076,0.0032313472893183,0.1074911433172302,0.224,0.4526568616926105,0.4323057578098759,0.2268617130416017,3,0,1,4,1,0,0.25,0.5,10,3,0.7164429227511088,0.8962472677230835,0.0365114021816198,0.0,0.25
0018_000331,18,Scene18,331,data/kitti_vkitti/kitti/training/image_02/0018/000331.png,data/kitti_vkitti/vkitti/Scene18/clone/frames/rgb/Camera_0/rgb_00331.jpg,4,4,4,0.0331084272678475,0.0032313472893183,0.1060483091787439,0.224,0.4523700883037058,0.2132403986528956,0.2105947762736001,4,0,0,4,1,0,0.25,0.5,10,4,0.6135965064167976,0.90154367685318,0.0279474190078769,0.0,0.0
0018_000332,18,Scene18,332,data/kitti_vkitti/kitti/training/image_02/0018/000332.png,data/kitti_vkitti/vkitti/Scene18/clone/frames/rgb/Camera_0/rgb_00332.jpg,4,4,4,0.0327852925389157,0.0032313472893183,0.1049661835748792,0.2233333333333333,0.4521600959868649,0.4332942159899499,0.1976227987575208,3,0,1,4,2,0,0.25,0.5,10,3,0.7061168054739634,0.8958086967468262,0.0351858480083183,0.0,0.25
0018_000333,18,Scene18,333,data/kitti_vkitti/kitti/training/image_02/0018/000333.png,data/kitti_vkitti/vkitti/Scene18/clone/frames/rgb/Camera_0/rgb_00333.jpg,4,4,4,0.032313472893183,0.0032313472893183,0.1031626409017713,0.224,0.451922924231421,0.1938145688574257,0.17927421514754,4,0,0,4,1,0,0.25,0.5,10,4,0.5979389250278473,0.8952739834785461,0.0275078341355149,0.0,0.0
0018_000334,18,Scene18,334,data/kitti_vkitti/kitti/training/image_02/0018/000334.png,data/kitti_vkitti/vkitti/Scene18/clone/frames/rgb/Camera_0/rgb_00334.jpg,4,4,4,0.0318105206655931,0.0032313472893183,0.1013590982286634,0.2233333333333333,0.4514176796859377,0.1992207668226683,0.1550698361945406,4,0,0,4,1,0,0.25,0.5,10,4,0.6134235262870789,0.901952862739563,0.0269269264839138,0.0,0.0
0018_000335,18,Scene18,335,data/kitti_vkitti/kitti/training/image_02/0018/000335.png,data/kitti_vkitti/vkitti/Scene18/clone/frames/rgb/Camera_0/rgb_00335.jpg,4,4,4,0.0314508856682769,0.0032313472893183,0.1005110037573805,0.2226666666666666,0.450928289812973,0.4418743084929607,0.1521873150863273,3,0,1,4,1,0,0.25,0.5,10,3,0.7429169217745463,0.8824687004089355,0.0330102851137803,0.0,0.25
0018_000336,18,Scene18,336,data/kitti_vkitti/kitti/training/image_02/0018/000336.png,data/kitti_vkitti/vkitti/Scene18/clone/frames/rgb/Camera_0/rgb_00336.jpg,4,4,4,0.0309726247987117,0.0031561996779388,0.0990595813204508,0.222,0.450266712976119,0.2296657059632965,0.157006555554358,4,0,0,4,1,0,0.25,0.5,10,4,0.6142399907112122,0.9068951606750488,0.025143047462086,0.0,0.0
0018_000337,18,Scene18,337,data/kitti_vkitti/kitti/training/image_02/0018/000337.png,data/kitti_vkitti/vkitti/Scene18/clone/frames/rgb/Camera_0/rgb_00337.jpg,4,4,4,0.0305523349436392,0.0032313472893183,0.0976081588835212,0.2206666666666666,0.4504032669213687,0.4464027119911209,0.1578865039029691,3,0,1,4,0,0,0.25,0.5,10,3,0.7416751583417257,0.8627372980117798,0.0318861128925125,0.0,0.25
0018_000338,18,Scene18,338,data/kitti_vkitti/kitti/training/image_02/0018/000338.png,data/kitti_vkitti/vkitti/Scene18/clone/frames/rgb/Camera_0/rgb_00338.jpg,4,4,4,0.0300579710144927,0.0030660225442834,0.0955877616747181,0.2206666666666666,0.4510476419016345,0.2308714709734316,0.1682414423067235,4,0,0,4,1,0,0.25,0.5,10,4,0.6416372507810593,0.8689607381820679,0.0246026548091627,0.0,0.0
0020_000000,20,Scene20,0,data/kitti_vkitti/kitti/training/image_02/0020/000000.png,data/kitti_vkitti/vkitti/Scene20/clone/frames/rgb/Camera_0/rgb_00000.jpg,10,10,10,0.0143005904455179,0.0018636607622114,0.0551884057971014,0.1584,0.3945707471609148,0.3482289472775319,0.3691921035545694,8,1,2,7,3,3,0.25,0.5,10,9,0.5641347236103482,0.913823664188385,0.0136583147390749,0.3,0.2
0020_000001,20,Scene20,1,data/kitti_vkitti/kitti/training/image_02/0020/000001.png,data/kitti_vkitti/vkitti/Scene20/clone/frames/rgb/Camera_0/rgb_00001.jpg,10,10,10,0.0144081588835212,0.0017971014492753,0.0548405797101449,0.1594666666666667,0.3945329333880626,0.4886164920918349,0.3504239493051435,6,1,4,8,2,2,0.25,0.5,10,7,0.6224537662097386,0.8685190081596375,0.0172889486368951,0.2,0.4
0020_000002,20,Scene20,2,data/kitti_vkitti/kitti/training/image_02/0020/000002.png,data/kitti_vkitti/vkitti/Scene20/clone/frames/rgb/Camera_0/rgb_00002.jpg,10,10,10,0.0143843263553408,0.0017971014492753,0.0524916800858829,0.1599999999999999,0.3940996958310968,0.5079647549343453,0.3732449703477158,6,0,4,7,3,3,0.25,0.5,10,6,0.6853513220945994,0.7910969853401184,0.0198385685476731,0.3,0.4
0020_000003,20,Scene20,3,data/kitti_vkitti/kitti/training/image_02/0020/000003.png,data/kitti_vkitti/vkitti/Scene20/clone/frames/rgb/Camera_0/rgb_00003.jpg,10,10,10,0.0143340848094471,0.0017971014492753,0.0509629629629629,0.1610666666666667,0.393472657425826,0.5037044545129619,0.403220205763432,6,0,4,7,2,3,0.25,0.5,10,6,0.7150551676750183,0.8268835544586182,0.0202496519054408,0.3,0.4
0020_000004,20,Scene20,4,data/kitti_vkitti/kitti/training/image_02/0020/000004.png,data/kitti_vkitti/vkitti/Scene20/clone/frames/rgb/Camera_0/rgb_00004.jpg,10,10,10,0.0143768115942028,0.0017391304347826,0.0487471819645732,0.1621333333333333,0.3934326544788608,0.4346855826359018,0.3988425255159329,7,0,3,7,1,3,0.25,0.5,10,7,0.6415360357080188,0.8211482763290405,0.0174465221369037,0.3,0.3
0020_000005,20,Scene20,5,data/kitti_vkitti/kitti/training/image_02/0020/000005.png,data/kitti_vkitti/vkitti/Scene20/clone/frames/rgb/Camera_0/rgb_00005.jpg,10,10,10,0.0142922168545356,0.0016747181964573,0.0465314009661835,0.1621333333333333,0.3921084062180965,0.4288980870484206,0.3989684697916985,7,2,3,7,1,3,0.25,0.5,10,9,0.5808149178822836,0.7925870418548584,0.0135752530718969,0.3,0.3
0020_000006,20,Scene20,6,data/kitti_vkitti/kitti/training/image_02/0020/000006.png,data/kitti_vkitti/vkitti/Scene20/clone/frames/rgb/Camera_0/rgb_00006.jpg,10,10,10,0.0143222758990874,0.0016747181964573,0.0443156199677938,0.1634666666666666,0.3914787744834917,0.4203767506142669,0.43294109139636,7,2,3,7,0,3,0.25,0.5,10,9,0.5788106785880195,0.8163872361183167,0.0134229770592839,0.3,0.3
0020_000007,20,Scene20,7,data/kitti_vkitti/kitti/training/image_02/0020/000007.png,data/kitti_vkitti/vkitti/Scene20/clone/frames/rgb/Camera_0/rgb_00007.jpg,10,10,10,0.0141713365539452,0.0016188942565754,0.0414986580783682,0.1637333333333333,0.3914549377453611,0.354575860003141,0.4089977427475475,8,2,2,7,2,3,0.25,0.5,10,10,0.6002737134695053,0.8367208242416382,0.011399210980229,0.3,0.2
0020_000008,20,Scene20,8,data/kitti_vkitti/kitti/training/image_02/0020/000008.png,data/kitti_vkitti/vkitti/Scene20/clone/frames/rgb/Camera_0/rgb_00008.jpg,10,10,10,0.0142559312936124,0.0016747181964573,0.039330112721417,0.1648,0.3914455074568743,0.4403754283341005,0.401522549546198,7,2,3,7,2,3,0.25,0.5,10,9,0.6256806254386902,0.8353785872459412,0.0124798920113094,0.3,0.3
0020_000009,20,Scene20,9,data/kitti_vkitti/kitti/training/image_02/0020/000009.png,data/kitti_vkitti/vkitti/Scene20/clone/frames/rgb/Camera_0/rgb_00009.jpg,10,10,10,0.0141771336553945,0.0016747181964573,0.0365517981749865,0.1653333333333333,0.3908645006472798,0.4407353497967884,0.3993598198631697,7,2,3,7,1,3,0.25,0.5,10,9,0.6188968651824527,0.8487244844436646,0.0125099027874429,0.3,0.3
0020_000010,20,Scene20,10,data/kitti_vkitti/kitti/training/image_02/0020/000010.png,data/kitti_vkitti/vkitti/Scene20/clone/frames/rgb/Camera_0/rgb_00010.jpg,10,10,10,0.0140897477187332,0.0016188942565754,0.0354267310789049,0.1658666666666666,0.3908855082988643,0.4066191345167558,0.3393689649780174,7,3,3,8,1,2,0.25,0.5,10,10,0.5910966038703919,0.8328529596328735,0.0121308577279231,0.2,0.3
0020_000011,20,Scene20,11,data/kitti_vkitti/kitti/training/image_02/0020/000011.png,data/kitti_vkitti/vkitti/Scene20/clone/frames/rgb/Camera_0/rgb_00011.jpg,10,10,10,0.0140161030595813,0.0015566290928609,0.0362147074610842,0.1664,0.3908652836980202,0.427473638870158,0.3130520980401214,7,2,3,8,3,2,0.25,0.5,10,9,0.6216014855437808,0.8495451807975769,0.0122117836984168,0.2,0.3
0020_000012,20,Scene20,12,data/kitti_vkitti/kitti/training/image_02/0020/000012.png,data/kitti_vkitti/vkitti/Scene20/clone/frames/rgb/Camera_0/rgb_00012.jpg,9,10,10,0.0139050993022007,0.0016188942565754,0.0370112721417069,0.1666666666666666,0.3902116720869775,0.3485977625027158,0.279184159570475,8,2,2,8,2,1,0.25,0.5,10,10,0.5774084061384201,0.8526841998100281,0.0109827915194582,0.1111111111111111,0.2
0020_000013,20,Scene20,13,data/kitti_vkitti/kitti/training/image_02/0020/000013.png,data/kitti_vkitti/vkitti/Scene20/clone/frames/rgb/Camera_0/rgb_00013.jpg,9,10,10,0.0137846484165324,0.0015566290928609,0.0375952764358561,0.1672,0.3901825055518719,0.3538179758686339,0.314982009295528,8,2,2,8,3,1,0.25,0.5,10,10,0.5762817531824111,0.8303032517433167,0.0108323060336308,0.1111111111111111,0.2
0020_000014,20,Scene20,14,data/kitti_vkitti/kitti/training/image_02/0020/000014.png,data/kitti_vkitti/vkitti/Scene20/clone/frames/rgb/Camera_0/rgb_00014.jpg,9,10,10,0.0137455716586151,0.0015566290928609,0.0384068706387547,0.1677333333333333,0.3907307589487754,0.430346892397455,0.3768638073702577,7,0,3,7,2,2,0.25,0.5,10,7,0.7042904368468693,0.8240355849266052,0.014858709010521,0.2222222222222222,0.3
0020_000015,20,Scene20,15,data/kitti_vkitti/kitti/training/image_02/0020/000015.png,data/kitti_vkitti/vkitti/Scene20/clone/frames/rgb/Camera_0/rgb_00015.jpg,9,9,9,0.0149240770561221,0.0017391304347826,0.0392270531400966,0.1792592592592592,0.390902567017145,0.4667270965294212,0.3184363597396359,6,1,3,7,3,2,0.25,0.5,10,7,0.710612314088004,0.8546189665794373,0.0146839221203034,0.2222222222222222,0.3333333333333333
0020_000016,20,Scene20,16,data/kitti_vkitti/kitti/training/image_02/0020/000016.png,data/kitti_vkitti/vkitti/Scene20/clone/frames/rgb/Camera_0/rgb_00016.jpg,9,9,9,0.0148205403471103,0.0017391304347826,0.0398282340311325,0.1804444444444444,0.3911348215507351,0.4720666751804953,0.2255536062620611,6,1,3,8,1,1,0.25,0.5,10,7,0.6771390778677804,0.8345682621002197,0.014855435959695,0.1111111111111111,0.3333333333333333
0020_000017,20,Scene20,17,data/kitti_vkitti/kitti/training/image_02/0020/000017.png,data/kitti_vkitti/vkitti/Scene20/clone/frames/rgb/Camera_0/rgb_00017.jpg,9,9,9,0.0146311206536649,0.0016747181964573,0.0406634460547504,0.1804444444444444,0.3921100565185816,0.4793348836660923,0.2316563166549765,5,2,4,8,1,1,0.25,0.5,10,7,0.6604023150035313,0.8365083932876587,0.0145000284886733,0.1111111111111111,0.4444444444444444
0020_000018,20,Scene20,18,data/kitti_vkitti/kitti/training/image_02/0020/000018.png,data/kitti_vkitti/vkitti/Scene20/clone/frames/rgb/Camera_0/rgb_00018.jpg,8,8,8,0.0149055287171229,0.0016747181964573,0.0411229200214707,0.161,0.393407613694968,0.4682876103111876,0.1963568511947809,5,2,3,7,2,1,0.25,0.5,10,7,0.6105902365275792,0.7997978925704956,0.0156634420353231,0.125,0.375
0020_000019,20,Scene20,19,data/kitti_vkitti/kitti/training/image_02/0020/000019.png,data/kitti_vkitti/vkitti/Scene20/clone/frames/rgb/Camera_0/rgb_00019.jpg,8,8,8,0.015122383252818,0.0016188942565754,0.0417391304347826,0.162,0.3942735667750728,0.4635613642713864,0.1977959023180309,5,1,3,7,2,1,0.25,0.5,10,6,0.6574270774920782,0.7954772114753723,0.0162633868863374,0.125,0.375
0020_000020,20,Scene20,20,data/kitti_vkitti/kitti/training/image_02/0020/000020.png,data/kitti_vkitti/vkitti/Scene20/clone/frames/rgb/Camera_0/rgb_00020.jpg,8,8,8,0.0153609769189479,0.0016188942565754,0.042593666129898,0.1626666666666666,0.3954462652479134,0.4755209883091774,0.1934822646275449,5,1,3,7,1,1,0.25,0.5,10,6,0.6893763393163681,0.8256192803382874,0.0166255933358441,0.125,0.375
0020_000021,20,Scene20,21,data/kitti_vkitti/kitti/training/image_02/0020/000021.png,data/kitti_vkitti/vkitti/Scene20/clone/frames/rgb/Camera_0/rgb_00021.jpg,8,8,8,0.0156392914653784,0.0016188942565754,0.0434567901234567,0.164,0.3962039299885279,0.4694789093192937,0.21605659800422,5,0,3,7,1,1,0.25,0.5,10,5,0.7628625988960266,0.8429450988769531,0.0197878511676619,0.125,0.375
0020_000022,20,Scene20,22,data/kitti_vkitti/kitti/training/image_02/0020/000022.png,data/kitti_vkitti/vkitti/Scene20/clone/frames/rgb/Camera_0/rgb_00022.jpg,8,8,8,0.0157979066022544,0.0016188942565754,0.0440901771336553,0.1639999999999999,0.3970182690789681,0.469309811894057,0.2864860903192997,5,1,3,7,1,1,0.25,0.5,10,6,0.6802929391463598,0.8110744953155518,0.0169964212318779,0.125,0.375
0020_000023,20,Scene20,23,data/kitti_vkitti/kitti/training/image_02/0020/000023.png,data/kitti_vkitti/vkitti/Scene20/clone/frames/rgb/Camera_0/rgb_00023.jpg,8,8,8,0.0159745034889962,0.0015029522275899,0.04496833064949,0.1636666666666666,0.3983457421615989,0.464343274842936,0.2691618503433612,5,0,3,7,0,1,0.25,0.5,10,5,0.7998196363449097,0.8450760245323181,0.0206851754374115,0.125,0.375
0020_000024,20,Scene20,24,data/kitti_vkitti/kitti/training/image_02/0020/000024.png,data/kitti_vkitti/vkitti/Scene20/clone/frames/rgb/Camera_0/rgb_00024.jpg,7,8,8,0.0162504025764895,0.0015029522275899,0.0458550724637681,0.165,0.3988342732047193,0.4615336036921775,0.2555250850536807,5,0,3,6,4,1,0.25,0.5,10,5,0.7770039558410644,0.8643123507499695,0.0207577329458328,0.1428571428571428,0.375
0020_000025,20,Scene20,25,data/kitti_vkitti/kitti/training/image_02/0020/000025.png,data/kitti_vkitti/vkitti/Scene20/clone/frames/rgb/Camera_0/rgb_00025.jpg,8,9,9,0.0148338999224667,0.0015029522275899,0.0460976918947933,0.1543703703703703,0.3981555534505804,0.447531626681275,0.3182797295826369,6,1,3,6,3,2,0.25,0.5,10,7,0.648524352482387,0.8632277250289917,0.0154687972079805,0.25,0.3333333333333333
0020_000026,20,Scene20,26,data/kitti_vkitti/kitti/training/image_02/0020/000026.png,data/kitti_vkitti/vkitti/Scene20/clone/frames/rgb/Camera_0/rgb_00026.jpg,8,9,9,0.0150321464782012,0.0015029522275899,0.0465829307568438,0.1543703703703703,0.3983452622272742,0.5284916905966907,0.3470975322313174,5,1,4,6,4,2,0.25,0.5,10,6,0.724022259314855,0.8601312637329102,0.0177013937996858,0.25,0.4444444444444444
0020_000027,20,Scene20,27,data/kitti_vkitti/kitti/training/image_02/0020/000027.png,data/kitti_vkitti/vkitti/Scene20/clone/frames/rgb/Camera_0/rgb_00027.jpg,8,9,9,0.0152420826623725,0.0015029522275899,0.0469951690821256,0.1558518518518518,0.3990084388452106,0.5319727610552341,0.3968556472488599,5,0,4,5,4,3,0.25,0.5,10,5,0.7819050550460815,0.8343109488487244,0.0213438491446544,0.375,0.4444444444444444
0020_000028,20,Scene20,28,data/kitti_vkitti/kitti/training/image_02/0020/000028.png,data/kitti_vkitti/vkitti/Scene20/clone/frames/rgb/Camera_0/rgb_00028.jpg,8,8,8,0.0171376811594202,0.0022329575952764,0.0472399355877616,0.1663333333333333,0.3992491974782398,0.4744649062661165,0.3985469491024609,5,0,3,5,3,3,0.25,0.5,10,5,0.7993394255638122,0.8565343618392944,0.0212832865942158,0.375,0.375
0020_000029,20,Scene20,29,data/kitti_vkitti/kitti/training/image_02/0020/000029.png,data/kitti_vkitti/vkitti/Scene20/clone/frames/rgb/Camera_0/rgb_00029.jpg,8,8,8,0.0173692968330649,0.0023446054750402,0.0476543209876543,0.167,0.3994746655720796,0.4414072857164348,0.410554598599552,5,3,3,5,3,3,0.25,0.5,10,8,0.6530349738895893,0.8757506608963013,0.0178458953878989,0.375,0.375
0020_000030,20,Scene20,30,data/kitti_vkitti/kitti/training/image_02/0020/000030.png,data/kitti_vkitti/vkitti/Scene20/clone/frames/rgb/Camera_0/rgb_00030.jpg,8,8,8,0.0176247987117552,0.0024347826086956,0.0479012345679012,0.1679999999999999,0.4000416953469525,0.3938123329876197,0.4486736953566488,5,3,3,5,2,3,0.25,0.5,10,8,0.6228414699435234,0.8558868765830994,0.0178977199141116,0.375,0.375
0020_000031,20,Scene20,31,data/kitti_vkitti/kitti/training/image_02/0020/000031.png,data/kitti_vkitti/vkitti/Scene20/clone/frames/rgb/Camera_0/rgb_00031.jpg,8,8,8,0.0178352120236178,0.0024347826086956,0.0479012345679012,0.1686666666666666,0.400216736657089,0.3996571092010168,0.398459106987054,5,1,3,5,3,3,0.25,0.5,10,6,0.6884210407733917,0.8473677039146423,0.0191458792806759,0.375,0.375
0020_000032,20,Scene20,32,data/kitti_vkitti/kitti/training/image_02/0020/000032.png,data/kitti_vkitti/vkitti/Scene20/clone/frames/rgb/Camera_0/rgb_00032.jpg,8,8,8,0.0180289855072463,0.0024347826086956,0.0481481481481481,0.1683333333333333,0.4000668792691526,0.4193530769790962,0.4029606334380211,5,2,3,5,3,3,0.25,0.5,10,7,0.6394057188715253,0.884432315826416,0.0166676910950558,0.375,0.375
0020_000033,20,Scene20,33,data/kitti_vkitti/kitti/training/image_02/0020/000033.png,data/kitti_vkitti/vkitti/Scene20/clone/frames/rgb/Camera_0/rgb_00033.jpg,8,8,8,0.0182504025764895,0.0024347826086956,0.0488738593666129,0.1683333333333333,0.400007670529296,0.4282258214824832,0.4447036944261924,5,2,3,5,2,3,0.25,0.5,10,7,0.6393316686153412,0.8696979284286499,0.016734730956861,0.375,0.375
0020_000034,20,Scene20,34,data/kitti_vkitti/kitti/training/image_02/0020/000034.png,data/kitti_vkitti/vkitti/Scene20/clone/frames/rgb/Camera_0/rgb_00034.jpg,8,8,8,0.01867525496511,0.0024004294149221,0.0516629092860976,0.1693333333333333,0.4004244387610116,0.4074121243898163,0.4447333450175781,5,2,3,5,3,3,0.25,0.5,10,7,0.6418654024600983,0.8826913833618164,0.0172106306384603,0.375,0.375
0020_000035,20,Scene20,35,data/kitti_vkitti/kitti/training/image_02/0020/000035.png,data/kitti_vkitti/vkitti/Scene20/clone/frames/rgb/Camera_0/rgb_00035.jpg,8,8,8,0.0190104669887278,0.0024004294149221,0.0547632850241545,0.17,0.4002619515224233,0.4605955554520691,0.307757161911778,5,1,3,6,6,2,0.25,0.5,10,6,0.7077965786059698,0.8575471043586731,0.0198665627980124,0.25,0.375
0020_000036,20,Scene20,36,data/kitti_vkitti/kitti/training/image_02/0020/000036.png,data/kitti_vkitti/vkitti/Scene20/clone/frames/rgb/Camera_0/rgb_00036.jpg,8,8,8,0.0194130434782608,0.0024347826086956,0.0569189479334406,0.1713333333333333,0.3996198078157725,0.4585862200454511,0.2986066818619448,5,0,3,6,2,2,0.25,0.5,10,5,0.7955001354217529,0.8443186283111572,0.0242528633005948,0.25,0.375
0020_000037,20,Scene20,37,data/kitti_vkitti/kitti/training/image_02/0020/000037.png,data/kitti_vkitti/vkitti/Scene20/clone/frames/rgb/Camera_0/rgb_00037.jpg,8,8,8,0.0193314546430488,0.0024347826086956,0.0567729468599033,0.1713333333333333,0.3982986243987664,0.4594650113071654,0.3077154903701116,5,0,3,6,2,2,0.25,0.5,10,5,0.7933499336242675,0.8512197732925415,0.0247437442365907,0.25,0.375
0020_000038,20,Scene20,38,data/kitti_vkitti/kitti/training/image_02/0020/000038.png,data/kitti_vkitti/vkitti/Scene20/clone/frames/rgb/Camera_0/rgb_00038.jpg,8,8,8,0.019326355340848,0.0024347826086956,0.0565367686527106,0.172,0.3972401839748245,0.4329660854224435,0.3896833228819893,5,1,3,5,3,3,0.25,0.5,10,6,0.7095307459433874,0.8645793795585632,0.0225751424676971,0.375,0.375
0020_000039,20,Scene20,39,data/kitti_vkitti/kitti/training/image_02/0020/000039.png,data/kitti_vkitti/vkitti/Scene20/clone/frames/rgb/Camera_0/rgb_00039.jpg,8,8,8,0.0192869028448738,0.0024004294149221,0.0557380568974771,0.1723333333333333,0.3966347005146664,0.4531256888602591,0.347667327907694,5,1,3,6,1,2,0.25,0.5,10,6,0.7097327957550684,0.8545929193496704,0.020575354592617,0.25,0.375
0020_000040,20,Scene20,40,data/kitti_vkitti/kitti/training/image_02/0020/000040.png,data/kitti_vkitti/vkitti/Scene20/clone/frames/rgb/Camera_0/rgb_00040.jpg,9,9,9,0.0185483389992246,0.0024927536231884,0.0553365539452496,0.1712592592592592,0.3949879616473535,0.515743514866944,0.3848916928180919,5,2,4,6,2,3,0.25,0.5,10,7,0.6368546741349357,0.8684133291244507,0.0181943697747081,0.3333333333333333,0.4444444444444444
0020_000041,20,Scene20,41,data/kitti_vkitti/kitti/training/image_02/0020/000041.png,data/kitti_vkitti/vkitti/Scene20/clone/frames/rgb/Camera_0/rgb_00041.jpg,9,9,9,0.0185564501699767,0.0024347826086956,0.0548448738593666,0.1715555555555555,0.3942693231452538,0.5163426742354209,0.3730790001562967,5,2,4,6,2,3,0.25,0.5,10,7,0.6395875513553619,0.859593391418457,0.0183398201919639,0.3333333333333333,0.4444444444444444
0020_000042,20,Scene20,42,data/kitti_vkitti/kitti/training/image_02/0020/000042.png,data/kitti_vkitti/vkitti/Scene20/clone/frames/rgb/Camera_0/rgb_00042.jpg,9,9,9,0.0186265879405976,0.0024347826086956,0.0550080515297906,0.1727407407407407,0.3929765484723143,0.5220949906431485,0.3543235757587798,5,2,4,6,6,3,0.25,0.5,10,7,0.6108283187661853,0.860715925693512,0.0182545263265851,0.3333333333333333,0.4444444444444444
0020_000043,20,Scene20,43,data/kitti_vkitti/kitti/training/image_02/0020/000043.png,data/kitti_vkitti/vkitti/Scene20/clone/frames/rgb/Camera_0/rgb_00043.jpg,9,9,9,0.0187365658734418,0.0025850778314546,0.0564422973698336,0.1748148148148148,0.3930273625714375,0.5236011940666203,0.3574923978334235,5,0,4,6,5,3,0.25,0.5,10,5,0.7193784475326538,0.8389050364494324,0.0251834770719825,0.3333333333333333,0.4444444444444444
0020_000044,20,Scene20,44,data/kitti_vkitti/kitti/training/image_02/0020/000044.png,data/kitti_vkitti/vkitti/Scene20/clone/frames/rgb/Camera_0/rgb_00044.jpg,9,9,9,0.0188816126915965,0.0024927536231884,0.0584347826086956,0.1762962962962962,0.391506905370844,0.5284289500717032,0.3605235741963182,5,0,4,6,4,3,0.25,0.5,10,5,0.7517521381378174,0.8611778616905212,0.0250871864619118,0.3333333333333333,0.4444444444444444
0020_000045,20,Scene20,45,data/kitti_vkitti/kitti/training/image_02/0020/000045.png,data/kitti_vkitti/vkitti/Scene20/clone/frames/rgb/Camera_0/rgb_00045.jpg,9,9,9,0.0188851911492813,0.0024927536231884,0.0604616210413311,0.1771851851851852,0.3885791460115984,0.4453609707237791,0.345876159862004,6,1,3,7,4,2,0.25,0.5,10,7,0.6344620287418365,0.8738207817077637,0.0187174627728323,0.2222222222222222,0.3333333333333333
0020_000046,20,Scene20,46,data/kitti_vkitti/kitti/training/image_02/0020/000046.png,data/kitti_vkitti/vkitti/Scene20/clone/frames/rgb/Camera_0/rgb_00046.jpg,9,9,9,0.0189243156199677,0.002524959742351,0.0635662909286097,0.1783703703703703,0.3864696409964952,0.5267174381514587,0.341152293004573,5,0,4,6,5,3,0.25,0.5,10,5,0.7526043891906739,0.8760568499565125,0.0248150675441698,0.3333333333333333,0.4444444444444444
0020_000047,20,Scene20,47,data/kitti_vkitti/kitti/training/image_02/0020/000047.png,data/kitti_vkitti/vkitti/Scene20/clone/frames/rgb/Camera_0/rgb_00047.jpg,9,9,9,0.0190097214767102,0.0024927536231884,0.0670359634997316,0.1792592592592592,0.3861381831959837,0.4678681598598919,0.3559654937241511,6,1,3,7,5,2,0.25,0.5,10,7,0.5914262660912105,0.8592516183853149,0.0181432630845436,0.2222222222222222,0.3333333333333333
0020_000048,20,Scene20,48,data/kitti_vkitti/kitti/training/image_02/0020/000048.png,data/kitti_vkitti/vkitti/Scene20/clone/frames/rgb/Camera_0/rgb_00048.jpg,9,9,9,0.0190977515357547,0.0024927536231884,0.0708148148148148,0.1804444444444444,0.3868291033858524,0.47834943443176,0.3699649919333289,6,1,3,6,6,3,0.25,0.5,10,7,0.6098022971834455,0.8530166745185852,0.018194241569198,0.3333333333333333,0.3333333333333333
0020_000049,20,Scene20,49,data/kitti_vkitti/kitti/training/image_02/0020/000049.png,data/kitti_vkitti/vkitti/Scene20/clone/frames/rgb/Camera_0/rgb_00049.jpg,9,9,9,0.0193561161805928,0.0026451959205582,0.0747761674718196,0.1831111111111111,0.387891080167977,0.4779748471788938,0.376243222678374,6,2,3,6,5,3,0.25,0.5,10,8,0.5860049650073051,0.8497848510742188,0.0160125550509614,0.3333333333333333,0.3333333333333333
0020_000050,20,Scene20,50,data/kitti_vkitti/kitti/training/image_02/0020/000050.png,data/kitti_vkitti/vkitti/Scene20/clone/frames/rgb/Camera_0/rgb_00050.jpg,9,9,9,0.0193324983598735,0.0026451959205582,0.0785314009661835,0.1828148148148148,0.3893118962668266,0.4755767134519255,0.3742262922408979,6,3,3,6,4,3,0.25,0.5,10,9,0.5754985014597574,0.851360023021698,0.0144477418598568,0.3333333333333333,0.3333333333333333
0020_000051,20,Scene20,51,data/kitti_vkitti/kitti/training/image_02/0020/000051.png,data/kitti_vkitti/vkitti/Scene20/clone/frames/rgb/Camera_0/rgb_00051.jpg,9,9,9,0.0198881135563905,0.0027053140096618,0.0856682769726248,0.1863703703703703,0.3908762632481871,0.4880295642352927,0.3437682666159529,6,1,3,7,1,2,0.25,0.5,10,7,0.5940639206341335,0.8022221326828003,0.0181870552604359,0.2222222222222222,0.3333333333333333
0020_000052,20,Scene20,52,data/kitti_vkitti/kitti/training/image_02/0020/000052.png,data/kitti_vkitti/vkitti/Scene20/clone/frames/rgb/Camera_0/rgb_00052.jpg,9,9,9,0.0203514045446412,0.0027053140096618,0.0931143317230273,0.1881481481481481,0.3930656478587141,0.4012380565921815,0.3523420544622639,7,2,2,7,3,2,0.25,0.5,10,9,0.5108752018875546,0.8733125329017639,0.0149777933554529,0.2222222222222222,0.2222222222222222
0020_000053,20,Scene20,53,data/kitti_vkitti/kitti/training/image_02/0020/000053.png,data/kitti_vkitti/vkitti/Scene20/clone/frames/rgb/Camera_0/rgb_00053.jpg,9,9,9,0.0209125067096081,0.0028641975308641,0.1015652173913043,0.1908148148148148,0.3955426815277909,0.5114005542416324,0.3635821583986908,5,5,4,7,2,2,0.25,0.5,10,10,0.4915746122598648,0.8499898910522461,0.0133171950546672,0.2222222222222222,0.4444444444444444
0020_000054,20,Scene20,54,data/kitti_vkitti/kitti/training/image_02/0020/000054.png,data/kitti_vkitti/vkitti/Scene20/clone/frames/rgb/Camera_0/rgb_00054.jpg,9,8,8,0.023923778851315,0.0035319377348362,0.1113966720343531,0.208,0.3973898729647522,0.3498605476434975,0.3628429407675745,6,5,2,7,2,2,0.25,0.5,10,11,0.5306328209963712,0.8938836455345154,0.0137592062937507,0.2222222222222222,0.25
0020_000055,20,Scene20,55,data/kitti_vkitti/kitti/training/image_02/0020/000055.png,data/kitti_vkitti/vkitti/Scene20/clone/frames/rgb/Camera_0/rgb_00055.jpg,8,7,7,0.0261397132121769,0.0034310252281266,0.1192828770799785,0.1885714285714285,0.3975662530390578,0.3143396845283691,0.3540782519882273,6,4,1,6,3,2,0.25,0.5,10,10,0.5072586089372635,0.897323489189148,0.0147181479930878,0.25,0.1428571428571428
0020_000056,20,Scene20,56,data/kitti_vkitti/kitti/training/image_02/0020/000056.png,data/kitti_vkitti/vkitti/Scene20/clone/frames/rgb/Camera_0/rgb_00056.jpg,8,7,7,0.0274570968484012,0.0034310252281266,0.1274009661835748,0.1893333333333333,0.3971809836548682,0.312762171828928,0.3342308285166362,6,3,1,6,3,2,0.25,0.5,10,9,0.5676036775112152,0.8777804374694824,0.0172786140066299,0.25,0.1428571428571428
0020_000057,20,Scene20,57,data/kitti_vkitti/kitti/training/image_02/0020/000057.png,data/kitti_vkitti/vkitti/Scene20/clone/frames/rgb/Camera_0/rgb_00057.jpg,8,7,7,0.0292081895560156,0.003358024691358,0.1376811594202898,0.1912380952380952,0.3969120941344868,0.2355385445777595,0.3409862896428847,6,5,1,6,3,2,0.25,0.5,10,11,0.5213510583747517,0.8762081265449524,0.0158917554064727,0.25,0.1428571428571428
0020_000058,20,Scene20,58,data/kitti_vkitti/kitti/training/image_02/0020/000058.png,data/kitti_vkitti/vkitti/Scene20/clone/frames/rgb/Camera_0/rgb_00058.jpg,8,7,7,0.030315773330266,0.003358024691358,0.1438110574342458,0.1923809523809523,0.3973202572279583,0.2035691171874678,0.3290651784539542,7,3,0,6,2,2,0.25,0.5,10,10,0.5514275521039963,0.885880708694458,0.0183647868426441,0.25,0.0
0020_000059,20,Scene20,59,data/kitti_vkitti/kitti/training/image_02/0020/000059.png,data/kitti_vkitti/vkitti/Scene20/clone/frames/rgb/Camera_0/rgb_00059.jpg,8,7,7,0.0300869565217391,0.003358024691358,0.1405260332796564,0.1935238095238095,0.3975508109416606,0.2029447173577484,0.2886017801836551,7,5,0,7,2,1,0.25,0.5,10,12,0.5149058401584625,0.9119515419006348,0.0158302557501857,0.125,0.0
0020_000060,20,Scene20,60,data/kitti_vkitti/kitti/training/image_02/0020/000060.png,data/kitti_vkitti/vkitti/Scene20/clone/frames/rgb/Camera_0/rgb_00060.jpg,8,7,7,0.0298069166474963,0.0032592592592592,0.1368760064412238,0.1942857142857142,0.3998684474756086,0.1811564148960653,0.2625757429515138,7,4,0,7,2,1,0.25,0.5,10,11,0.5429970865899866,0.8610132932662964,0.0172798377189564,0.125,0.0
0020_000061,20,Scene20,61,data/kitti_vkitti/kitti/training/image_02/0020/000061.png,data/kitti_vkitti/vkitti/Scene20/clone/frames/rgb/Camera_0/rgb_00061.jpg,8,7,7,0.0296925082432328,0.0032850241545893,0.1332259796027912,0.1965714285714285,0.4033960910612232,0.2020767081916969,0.277722988280773,7,5,0,7,4,1,0.25,0.5,10,12,0.5115905950466791,0.8631889224052429,0.0167553388465445,0.125,0.0
0020_000062,20,Scene20,62,data/kitti_vkitti/kitti/training/image_02/0020/000062.png,data/kitti_vkitti/vkitti/Scene20/clone/frames/rgb/Camera_0/rgb_00062.jpg,8,7,7,0.0290839659535311,0.0031884057971014,0.1266366076221148,0.1973333333333333,0.407299893698757,0.1908626586086913,0.2887855381221756,7,3,0,7,4,1,0.25,0.5,10,10,0.5971004128456116,0.8770716786384583,0.0177148379927148,0.125,0.0
0020_000063,20,Scene20,63,data/kitti_vkitti/kitti/training/image_02/0020/000063.png,data/kitti_vkitti/vkitti/Scene20/clone/frames/rgb/Camera_0/rgb_00063.jpg,8,7,7,0.028827850624952,0.0031884057971014,0.1211808910359635,0.2003809523809523,0.4096173618346962,0.217534999732687,0.2445040942880371,7,3,0,7,4,1,0.25,0.5,10,10,0.6206385314464569,0.8926892280578613,0.0169824959041575,0.125,0.0
0020_000064,20,Scene20,64,data/kitti_vkitti/kitti/training/image_02/0020/000064.png,data/kitti_vkitti/vkitti/Scene20/clone/frames/rgb/Camera_0/rgb_00064.jpg,8,7,7,0.0284122383252818,0.0031175523349436,0.1149178743961352,0.203047619047619,0.4037463336596044,0.2157544703493892,0.2723117829382595,7,1,0,7,4,1,0.25,0.5,10,8,0.6478690952062607,0.8738559484481812,0.0204635118770837,0.125,0.0
0020_000065,20,Scene20,65,data/kitti_vkitti/kitti/training/image_02/0020/000065.png,data/kitti_vkitti/vkitti/Scene20/clone/frames/rgb/Camera_0/rgb_00065.jpg,8,7,7,0.027751552795031,0.0030230810520665,0.1064734299516908,0.2053333333333333,0.4033199078020902,0.2362431571220263,0.2754422338008548,6,4,1,7,4,1,0.25,0.5,10,10,0.6107084482908249,0.9140101671218872,0.0160081006547895,0.125,0.1428571428571428
0020_000066,20,Scene20,66,data/kitti_vkitti/kitti/training/image_02/0020/000066.png,data/kitti_vkitti/vkitti/Scene20/clone/frames/rgb/Camera_0/rgb_00066.jpg,8,7,7,0.0270789049919484,0.0031175523349436,0.0976618357487922,0.2079999999999999,0.403629616999779,0.2427275402190193,0.3036266061162727,6,4,1,7,4,1,0.25,0.5,10,10,0.6376202374696731,0.8368282914161682,0.0150880474072518,0.125,0.1428571428571428
0020_000067,20,Scene20,67,data/kitti_vkitti/kitti/training/image_02/0020/000067.png,data/kitti_vkitti/vkitti/Scene20/clone/frames/rgb/Camera_0/rgb_00067.jpg,8,7,7,0.0263369373514301,0.0031175523349436,0.0873816425120772,0.211047619047619,0.4046100638859946,0.2484314455038152,0.3160642482241242,7,1,0,6,6,2,0.25,0.5,10,8,0.6587567999958992,0.8847836256027222,0.0164595303009321,0.25,0.0
0020_000068,20,Scene20,68,data/kitti_vkitti/kitti/training/image_02/0020/000068.png,data/kitti_vkitti/vkitti/Scene20/clone/frames/rgb/Camera_0/rgb_00068.jpg,8,7,7,0.0252483705237328,0.0029543746645195,0.0747482555018786,0.2125714285714285,0.4063753465315273,0.2799513096554351,0.3307543373108351,5,6,2,6,5,2,0.25,0.5,10,11,0.5119524977423928,0.8881992101669312,0.0111024921756736,0.25,0.2857142857142857
0020_000069,20,Scene20,69,data/kitti_vkitti/kitti/training/image_02/0020/000069.png,data/kitti_vkitti/vkitti/Scene20/clone/frames/rgb/Camera_0/rgb_00069.jpg,8,7,7,0.023780998389694,0.0029543746645195,0.059521202361782,0.2140952380952381,0.4081429699093808,0.3077663634999191,0.3587433172766925,5,5,2,6,6,2,0.25,0.5,10,10,0.5844878345727921,0.8756008148193359,0.0110022388340366,0.25,0.2857142857142857
0020_000070,20,Scene20,70,data/kitti_vkitti/kitti/training/image_02/0020/000070.png,data/kitti_vkitti/vkitti/Scene20/clone/frames/rgb/Camera_0/rgb_00070.jpg,8,7,7,0.0220443217544666,0.0028856682769726,0.041391304347826,0.2156190476190476,0.4055414311725764,0.3895551372267819,0.4448103673853433,5,4,2,5,6,3,0.25,0.5,10,9,0.5360475646124946,0.8876028656959534,0.0111110911353523,0.375,0.2857142857142857
0020_000071,20,Scene20,71,data/kitti_vkitti/kitti/training/image_02/0020/000071.png,data/kitti_vkitti/vkitti/Scene20/clone/frames/rgb/Camera_0/rgb_00071.jpg,7,6,6,0.0198686706029701,0.0028620504562533,0.0425850778314546,0.1831111111111111,0.4042271689137275,0.2965079986259208,0.38833021710657,5,3,1,5,6,2,0.25,0.5,10,8,0.5730724930763245,0.8776916265487671,0.0128718301227212,0.2857142857142857,0.1666666666666666
0020_000072,20,Scene20,72,data/kitti_vkitti/kitti/training/image_02/0020/000072.png,data/kitti_vkitti/vkitti/Scene20/clone/frames/rgb/Camera_0/rgb_00072.jpg,7,7,7,0.0183832528180354,0.0018250134192163,0.0460268384326355,0.1702857142857143,0.4030951217201856,0.2884301164334514,0.3761722972555964,6,2,1,5,6,2,0.25,0.5,10,8,0.5826314501464367,0.9022274017333984,0.0134600638303197,0.2857142857142857,0.1428571428571428
0020_000073,20,Scene20,73,data/kitti_vkitti/kitti/training/image_02/0020/000073.png,data/kitti_vkitti/vkitti/Scene20/clone/frames/rgb/Camera_0/rgb_00073.jpg,7,8,8,0.0175432098765432,0.0015029522275899,0.0493827160493827,0.1639999999999999,0.4012176944207635,0.3612176755954628,0.3760230628334337,6,1,2,5,5,2,0.25,0.5,10,7,0.6324576352323804,0.8868308067321777,0.0160227067390035,0.2857142857142857,0.25
0020_000076,20,Scene20,76,data/kitti_vkitti/kitti/training/image_02/0020/000076.png,data/kitti_vkitti/vkitti/Scene20/clone/frames/rgb/Camera_0/rgb_00076.jpg,8,8,8,0.01908615136876,0.0015029522275899,0.0549651100375738,0.1659999999999999,0.3903350825676486,0.3825520598893548,0.376724611599708,6,2,2,6,5,2,0.25,0.5,10,8,0.5972417034208775,0.8914380669593811,0.0176137304485891,0.25,0.25
0020_000077,20,Scene20,77,data/kitti_vkitti/kitti/training/image_02/0020/000077.png,data/kitti_vkitti/vkitti/Scene20/clone/frames/rgb/Camera_0/rgb_00077.jpg,8,8,8,0.0198309178743961,0.0015630703166935,0.0607063875469672,0.1699999999999999,0.3864772610063886,0.2823900661743063,0.338629229365456,7,1,1,6,6,2,0.25,0.5,10,8,0.6073778904974461,0.865770697593689,0.0172075796325782,0.25,0.125
0020_000078,20,Scene20,78,data/kitti_vkitti/kitti/training/image_02/0020/000078.png,data/kitti_vkitti/vkitti/Scene20/clone/frames/rgb/Camera_0/rgb_00078.jpg,8,8,8,0.0207852925389157,0.0016188942565754,0.0675104669887278,0.1753333333333333,0.3827502931177838,0.2745581254261591,0.3550202900922619,7,2,1,6,4,2,0.25,0.5,10,9,0.5643307434187995,0.8637614250183105,0.0164008562484808,0.25,0.125
0020_000079,20,Scene20,79,data/kitti_vkitti/kitti/training/image_02/0020/000079.png,data/kitti_vkitti/vkitti/Scene20/clone/frames/rgb/Camera_0/rgb_00079.jpg,9,8,8,0.0217665056360708,0.0016188942565754,0.0749930220075147,0.1796666666666666,0.3822472966857167,0.2636092290892535,0.3878239443413245,7,1,1,7,3,2,0.25,0.5,10,8,0.5960270427167416,0.8679507970809937,0.0187907190798519,0.2222222222222222,0.125
0020_000080,20,Scene20,80,data/kitti_vkitti/kitti/training/image_02/0020/000080.png,data/kitti_vkitti/vkitti/Scene20/clone/frames/rgb/Camera_0/rgb_00080.jpg,9,8,8,0.022833870101986,0.0016188942565754,0.0840708534621578,0.1843333333333333,0.3844417837559071,0.2576307965265254,0.37814339002828,7,0,1,7,2,2,0.25,0.5,10,7,0.6442739282335553,0.8875952959060669,0.022169390848541,0.2222222222222222,0.125
0020_000081,20,Scene20,81,data/kitti_vkitti/kitti/training/image_02/0020/000081.png,data/kitti_vkitti/vkitti/Scene20/clone/frames/rgb/Camera_0/rgb_00081.jpg,9,8,8,0.0240042941492216,0.0016188942565754,0.0947203435319377,0.188,0.3890926588993085,0.2576824393366796,0.3552983145081749,7,0,1,7,3,2,0.25,0.5,10,7,0.6258343117577689,0.8548178672790527,0.0234786088683627,0.2222222222222222,0.125
0020_000082,20,Scene20,82,data/kitti_vkitti/kitti/training/image_02/0020/000082.png,data/kitti_vkitti/vkitti/Scene20/clone/frames/rgb/Camera_0/rgb_00082.jpg,9,8,8,0.025329307568438,0.0017391304347826,0.1075942028985507,0.1926666666666666,0.3921759590792839,0.2608095795158991,0.3684376040984545,7,0,1,7,2,2,0.25,0.5,10,7,0.6383150390216282,0.8929864764213562,0.0246872215195811,0.2222222222222222,0.125
0020_000083,20,Scene20,83,data/kitti_vkitti/kitti/training/image_02/0020/000083.png,data/kitti_vkitti/vkitti/Scene20/clone/frames/rgb/Camera_0/rgb_00083.jpg,9,8,8,0.026963768115942,0.0016811594202898,0.122074074074074,0.197,0.3957979644890699,0.2806933571734986,0.3790151060177936,7,1,1,7,1,2,0.25,0.5,10,8,0.556348767131567,0.8848942518234253,0.0230991670282954,0.2222222222222222,0.125
0020_000084,20,Scene20,84,data/kitti_vkitti/kitti/training/image_02/0020/000084.png,data/kitti_vkitti/vkitti/Scene20/clone/frames/rgb/Camera_0/rgb_00084.jpg,10,9,9,0.0257057314963917,0.0016188942565754,0.1337842190016103,0.1896296296296296,0.3991166429856967,0.3029512803718374,0.3657737970933248,8,2,1,8,4,2,0.25,0.5,10,10,0.4909744948148727,0.8774828314781189,0.0206699928781447,0.2,0.1111111111111111
0020_000085,20,Scene20,85,data/kitti_vkitti/kitti/training/image_02/0020/000085.png,data/kitti_vkitti/vkitti/Scene20/clone/frames/rgb/Camera_0/rgb_00085.jpg,10,10,10,0.0258542136339237,0.0017391304347826,0.1457648953301127,0.1877333333333333,0.4022131876690558,0.3692042632782539,0.3663661290953365,7,3,3,8,0,2,0.25,0.5,10,10,0.5464082062244415,0.8640134334564209,0.021044424133823,0.2,0.3
0020_000086,20,Scene20,86,data/kitti_vkitti/kitti/training/image_02/0020/000086.png,data/kitti_vkitti/vkitti/Scene20/clone/frames/rgb/Camera_0/rgb_00086.jpg,10,10,10,0.026708319914117,0.0017391304347826,0.1553494363929146,0.1896,0.4045170071463905,0.3711417179740973,0.3874140180278151,7,1,3,7,2,3,0.25,0.5,10,8,0.6282818168401718,0.8789324760437012,0.0264578701046057,0.3,0.3
0020_000087,20,Scene20,87,data/kitti_vkitti/kitti/training/image_02/0020/000087.png,data/kitti_vkitti/vkitti/Scene20/clone/frames/rgb/Camera_0/rgb_00087.jpg,10,10,10,0.0260008588298443,0.0017391304347826,0.1501578099838969,0.1909333333333333,0.4074428215086356,0.4098374702589709,0.4098872483503791,7,0,3,7,2,3,0.25,0.5,10,7,0.6416550363813128,0.8764370679855347,0.0283809388194652,0.3,0.3
0020_000088,20,Scene20,88,data/kitti_vkitti/kitti/training/image_02/0020/000088.png,data/kitti_vkitti/vkitti/Scene20/clone/frames/rgb/Camera_0/rgb_00088.jpg,10,9,9,0.0258996839029045,0.0017971014492753,0.1457648953301127,0.1751111111111111,0.4139132960752739,0.3291726006423183,0.3394971714476795,7,1,2,7,4,3,0.25,0.5,10,8,0.6069077700376511,0.861480176448822,0.0256731261595896,0.3,0.2222222222222222
0020_000089,20,Scene20,89,data/kitti_vkitti/kitti/training/image_02/0020/000089.png,data/kitti_vkitti/vkitti/Scene20/clone/frames/rgb/Camera_0/rgb_00089.jpg,10,9,9,0.0256396493111468,0.0017391304347826,0.1394202898550724,0.176,0.4251426646879901,0.2724220596522506,0.3626249097470946,8,0,1,8,4,2,0.25,0.5,10,8,0.6357538029551506,0.871452271938324,0.0252612940984279,0.2,0.1111111111111111
0020_000090,20,Scene20,90,data/kitti_vkitti/kitti/training/image_02/0020/000090.png,data/kitti_vkitti/vkitti/Scene20/clone/frames/rgb/Camera_0/rgb_00090.jpg,9,9,9,0.02542398759468,0.0017391304347826,0.1334621578099838,0.1771851851851852,0.4369365202656478,0.2536659394979179,0.2866941551958261,8,1,1,8,5,1,0.25,0.5,10,9,0.5834807753562927,0.8692567348480225,0.023560601999404,0.1111111111111111,0.1111111111111111
0020_000091,20,Scene20,91,data/kitti_vkitti/kitti/training/image_02/0020/000091.png,data/kitti_vkitti/vkitti/Scene20/clone/frames/rgb/Camera_0/rgb_00091.jpg,9,9,9,0.0252510288065843,0.0017971014492753,0.1267096081588835,0.1798518518518518,0.4439879090229758,0.2592599063027143,0.2589867227901797,8,2,1,8,3,1,0.25,0.5,10,10,0.5573897689580918,0.8838012218475342,0.0206452599187216,0.1111111111111111,0.1111111111111111
0020_000092,20,Scene20,92,data/kitti_vkitti/kitti/training/image_02/0020/000092.png,data/kitti_vkitti/vkitti/Scene20/clone/frames/rgb/Camera_0/rgb_00092.jpg,9,9,9,0.0249759646925508,0.0017971014492753,0.1191626409017713,0.1813333333333333,0.4348506078115626,0.2408039372045843,0.2790782927521905,8,1,1,8,4,1,0.25,0.5,10,9,0.6180257068739997,0.8536767959594727,0.0217614209913768,0.1111111111111111,0.1111111111111111
0020_000093,20,Scene20,93,data/kitti_vkitti/kitti/training/image_02/0020/000093.png,data/kitti_vkitti/vkitti/Scene20/clone/frames/rgb/Camera_0/rgb_00093.jpg,8,9,9,0.0247991888829247,0.0018636607622114,0.1110209339774557,0.1842962962962963,0.4275859345563239,0.2360911903820304,0.2897782333625994,8,1,1,7,6,1,0.25,0.5,10,9,0.6144474943478903,0.8846834897994995,0.0226078478369286,0.125,0.1111111111111111
0020_000094,20,Scene20,94,data/kitti_vkitti/kitti/training/image_02/0020/000094.png,data/kitti_vkitti/vkitti/Scene20/clone/frames/rgb/Camera_0/rgb_00094.jpg,8,9,9,0.0244683008290093,0.0017713365539452,0.101037037037037,0.1869629629629629,0.4246212455137718,0.236152246657176,0.2897170619175524,8,1,1,7,3,1,0.25,0.5,10,9,0.6138551864359114,0.8800091743469238,0.0215559514277918,0.125,0.1111111111111111
0020_000095,20,Scene20,95,data/kitti_vkitti/kitti/training/image_02/0020/000095.png,data/kitti_vkitti/vkitti/Scene20/clone/frames/rgb/Camera_0/rgb_00095.jpg,8,9,9,0.0239637382954613,0.0017713365539452,0.0889747718733226,0.1896296296296296,0.4232386305031942,0.3440020163476378,0.286291153080509,7,1,2,7,3,1,0.25,0.5,10,8,0.6785434521734715,0.8832092881202698,0.0226609643688087,0.125,0.2222222222222222
0020_000096,20,Scene20,96,data/kitti_vkitti/kitti/training/image_02/0020/000096.png,data/kitti_vkitti/vkitti/Scene20/clone/frames/rgb/Camera_0/rgb_00096.jpg,8,9,9,0.0231876901055645,0.0017713365539452,0.0738679549114331,0.1911111111111111,0.4221564712197278,0.373871819879684,0.3092310506821379,7,1,2,6,5,2,0.25,0.5,10,8,0.6983548663556576,0.8811469674110413,0.0201709201900324,0.25,0.2222222222222222
0020_000097,20,Scene20,97,data/kitti_vkitti/kitti/training/image_02/0020/000097.png,data/kitti_vkitti/vkitti/Scene20/clone/frames/rgb/Camera_0/rgb_00097.jpg,8,8,8,0.024922973698336,0.0019302200751476,0.0694965110037573,0.209,0.4189972908970351,0.3644671108952504,0.3417909552711247,6,3,2,6,4,2,0.25,0.5,10,9,0.5935057997703552,0.8896118402481079,0.014673962277292,0.25,0.25
0020_000098,20,Scene20,98,data/kitti_vkitti/kitti/training/image_02/0020/000098.png,data/kitti_vkitti/vkitti/Scene20/clone/frames/rgb/Camera_0/rgb_00098.jpg,7,7,7,0.022141246836899,0.001992485238862,0.077679012345679,0.174095238095238,0.4114846768336964,0.2813938178192188,0.2862707550913423,6,1,1,6,3,1,0.25,0.5,10,7,0.6797586849757603,0.8751558065414429,0.0177210681533856,0.1428571428571428,0.1428571428571428
0020_000099,20,Scene20,99,data/kitti_vkitti/kitti/training/image_02/0020/000099.png,data/kitti_vkitti/vkitti/Scene20/clone/frames/rgb/Camera_0/rgb_00099.jpg,7,7,7,0.0240276052449965,0.001992485238862,0.0868878153515834,0.1786666666666667,0.4088438845210655,0.2708558157105353,0.2723829508946255,6,1,1,6,3,1,0.25,0.5,10,7,0.6107715836593083,0.8869485855102539,0.0189149301234722,0.1428571428571428,0.1428571428571428
0020_000100,20,Scene20,100,data/kitti_vkitti/kitti/training/image_02/0020/000100.png,data/kitti_vkitti/vkitti/Scene20/clone/frames/rgb/Camera_0/rgb_00100.jpg,7,7,7,0.0261838816041714,0.001992485238862,0.0976360708534621,0.1839999999999999,0.4060198667550756,0.2854935416935602,0.2715550545867715,6,1,1,6,2,1,0.25,0.5,10,7,0.626776418515614,0.8949477076530457,0.0207491725259002,0.1428571428571428,0.1428571428571428
0020_000101,20,Scene20,101,data/kitti_vkitti/kitti/training/image_02/0020/000101.png,data/kitti_vkitti/vkitti/Scene20/clone/frames/rgb/Camera_0/rgb_00101.jpg,7,7,7,0.0282147074610842,0.001992485238862,0.1103768115942029,0.1881904761904761,0.4035152326523739,0.2893082830123639,0.2877433108080118,6,1,1,6,3,1,0.25,0.5,10,7,0.5729668693883079,0.8867368102073669,0.0221641105971901,0.1428571428571428,0.1428571428571428
0020_000102,20,Scene20,102,data/kitti_vkitti/kitti/training/image_02/0020/000102.png,data/kitti_vkitti/vkitti/Scene20/clone/frames/rgb/Camera_0/rgb_00102.jpg,7,7,7,0.0302725251131048,0.001992485238862,0.1246505636070853,0.1939047619047618,0.4024678475577026,0.2788449411072905,0.2936715213319258,6,1,1,6,2,1,0.25,0.5,10,7,0.5897476204804012,0.8904827833175659,0.0238925370730811,0.1428571428571428,0.1428571428571428
0020_000103,20,Scene20,103,data/kitti_vkitti/kitti/training/image_02/0020/000103.png,data/kitti_vkitti/vkitti/Scene20/clone/frames/rgb/Camera_0/rgb_00103.jpg,7,7,7,0.0318349819799095,0.0021256038647342,0.1356672034353193,0.1965714285714285,0.4014155452411775,0.3072819613077954,0.2931781658434461,5,3,2,6,2,1,0.25,0.5,10,8,0.5703510902822018,0.8793534636497498,0.0237202758550514,0.1428571428571428,0.2857142857142857
0020_000104,20,Scene20,104,data/kitti_vkitti/kitti/training/image_02/0020/000104.png,data/kitti_vkitti/vkitti/Scene20/clone/frames/rgb/Camera_0/rgb_00104.jpg,7,7,7,0.0332661605705083,0.0021256038647342,0.1464283413848631,0.1980952380952381,0.4014199404292044,0.2607572759662832,0.1811689368881889,5,2,2,7,2,0,0.25,0.5,10,7,0.6230773798057011,0.9264013767242432,0.0269823182975537,0.0,0.2857142857142857
0020_000105,20,Scene20,105,data/kitti_vkitti/kitti/training/image_02/0020/000105.png,data/kitti_vkitti/vkitti/Scene20/clone/frames/rgb/Camera_0/rgb_00105.jpg,7,7,7,0.0341105743424584,0.0021256038647342,0.1525775630703167,0.1999999999999999,0.4014744592845189,0.35960077501716,0.2188144799000749,5,0,2,6,3,1,0.25,0.5,10,5,0.6977539300918579,0.9198895692825316,0.0349243527924545,0.1428571428571428,0.2857142857142857
0020_000106,20,Scene20,106,data/kitti_vkitti/kitti/training/image_02/0020/000106.png,data/kitti_vkitti/vkitti/Scene20/clone/frames/rgb/Camera_0/rgb_00106.jpg,7,7,7,0.0336406717276282,0.0021170155662909,0.1495029522275899,0.2019047619047619,0.3996044414974792,0.2968765037927386,0.2567985349112437,5,1,2,6,3,1,0.25,0.5,10,6,0.6369281808535258,0.899570107460022,0.0290656772922822,0.1428571428571428,0.2857142857142857
0020_000107,20,Scene20,107,data/kitti_vkitti/kitti/training/image_02/0020/000107.png,data/kitti_vkitti/vkitti/Scene20/clone/frames/rgb/Camera_0/rgb_00107.jpg,7,8,8,0.0289398819108964,0.001610305958132,0.1460440150295222,0.1856666666666666,0.3985802448086051,0.388921628215978,0.2664031968334781,6,0,2,6,2,1,0.25,0.5,10,6,0.559346616268158,0.9069931507110596,0.0288645405425171,0.1428571428571428,0.25
0020_000108,20,Scene20,108,data/kitti_vkitti/kitti/training/image_02/0020/000108.png,data/kitti_vkitti/vkitti/Scene20/clone/frames/rgb/Camera_0/rgb_00108.jpg,7,8,8,0.0281696188942565,0.001610305958132,0.1425850778314546,0.1856666666666666,0.3997247029353878,0.3705308764870039,0.272410056779959,6,2,2,6,4,1,0.25,0.5,10,8,0.5397168882191181,0.8918585777282715,0.0234569884515648,0.1428571428571428,0.25
0020_000109,20,Scene20,109,data/kitti_vkitti/kitti/training/image_02/0020/000109.png,data/kitti_vkitti/vkitti/Scene20/clone/frames/rgb/Camera_0/rgb_00109.jpg,7,8,8,0.0273526570048309,0.0016639828234031,0.1383574879227053,0.1863333333333333,0.4033541767968593,0.3511875912144194,0.2577305827332339,6,2,2,6,4,1,0.25,0.5,10,8,0.5162638537585735,0.890568733215332,0.0232344331494216,0.1428571428571428,0.25
0020_000110,20,Scene20,110,data/kitti_vkitti/kitti/training/image_02/0020/000110.png,data/kitti_vkitti/vkitti/Scene20/clone/frames/rgb/Camera_0/rgb_00110.jpg,6,7,7,0.0250624952074227,0.0017176596886741,0.1333805689747718,0.1664761904761904,0.4084546914632734,0.2672374691949011,0.1415440320181483,6,1,1,6,4,0,0.25,0.5,10,7,0.5634889134338924,0.8781294226646423,0.0242682169147931,0.0,0.1428571428571428
0020_000111,20,Scene20,111,data/kitti_vkitti/kitti/training/image_02/0020/000111.png,data/kitti_vkitti/vkitti/Scene20/clone/frames/rgb/Camera_0/rgb_00111.jpg,6,7,7,0.0244643815658308,0.0017176596886741,0.1284508856682769,0.1664761904761904,0.4125462578805006,0.2802581959131327,0.1174038848052215,6,2,1,6,3,0,0.25,0.5,10,8,0.4894318990409374,0.8042858242988586,0.0210537572127493,0.0,0.1428571428571428
0020_000114,20,Scene20,114,data/kitti_vkitti/kitti/training/image_02/0020/000114.png,data/kitti_vkitti/vkitti/Scene20/clone/frames/rgb/Camera_0/rgb_00114.jpg,7,8,8,0.0200990338164251,0.001842190016103,0.1133655394524959,0.1553333333333333,0.4156215844147643,0.346539579909354,0.1695040931437003,6,2,2,7,1,0,0.25,0.5,10,8,0.5761880464851856,0.8127702474594116,0.0188688492020237,0.0,0.25
0020_000115,20,Scene20,115,data/kitti_vkitti/kitti/training/image_02/0020/000115.png,data/kitti_vkitti/vkitti/Scene20/clone/frames/rgb/Camera_0/rgb_00115.jpg,7,8,8,0.0195126140633387,0.0018980139559849,0.1073193773483628,0.156,0.4181185311483691,0.3814346583999131,0.1644331822366939,6,1,2,7,1,0,0.25,0.5,10,7,0.5793328370366778,0.8964720368385315,0.0207470327225191,0.0,0.25
0020_000116,20,Scene20,116,data/kitti_vkitti/kitti/training/image_02/0020/000116.png,data/kitti_vkitti/vkitti/Scene20/clone/frames/rgb/Camera_0/rgb_00116.jpg,7,8,8,0.0189986580783682,0.0019538378958668,0.101651100375738,0.1573333333333333,0.4201438203193247,0.3811785669298277,0.1688370486935045,6,0,2,7,1,0,0.25,0.5,10,6,0.5722684959570566,0.899824321269989,0.0211173138524535,0.0,0.25
0020_000117,20,Scene20,117,data/kitti_vkitti/kitti/training/image_02/0020/000117.png,data/kitti_vkitti/vkitti/Scene20/clone/frames/rgb/Camera_0/rgb_00117.jpg,8,8,8,0.0183260869565217,0.0019538378958668,0.0950617283950617,0.158,0.4222249334301621,0.4951414130037908,0.2626808592815528,5,1,3,7,1,1,0.25,0.5,10,6,0.5639585455258688,0.8829456567764282,0.0169981437786603,0.125,0.375
0020_000118,20,Scene20,118,data/kitti_vkitti/kitti/training/image_02/0020/000118.png,data/kitti_vkitti/vkitti/Scene20/clone/frames/rgb/Camera_0/rgb_00118.jpg,8,8,8,0.0174694041867954,0.0019538378958668,0.0874202898550724,0.1576666666666666,0.4258350331007336,0.366117786802008,0.2620594393451216,6,0,2,7,0,1,0.25,0.5,10,6,0.5987375577290853,0.8669257164001465,0.0170543415201908,0.125,0.25
0020_000119,20,Scene20,119,data/kitti_vkitti/kitti/training/image_02/0020/000119.png,data/kitti_vkitti/vkitti/Scene20/clone/frames/rgb/Camera_0/rgb_00119.jpg,8,8,8,0.016574074074074,0.0019538378958668,0.0786602254428341,0.158,0.4277901087219644,0.2984051661208953,0.2774172240572993,7,3,1,7,0,1,0.25,0.5,10,10,0.47153480052948,0.8227400183677673,0.0102589320740623,0.125,0.125
0020_000120,20,Scene20,120,data/kitti_vkitti/kitti/training/image_02/0020/000120.png,data/kitti_vkitti/vkitti/Scene20/clone/frames/rgb/Camera_0/rgb_00120.jpg,8,8,8,0.0155485775630703,0.0019538378958668,0.06935050993022,0.1576666666666666,0.4285006472798459,0.3307294255445241,0.2789124076537611,6,6,2,6,1,2,0.25,0.5,10,12,0.4713548794388771,0.8209404945373535,0.0085139829578328,0.25,0.25
0020_000121,20,Scene20,121,data/kitti_vkitti/kitti/training/image_02/0020/000121.png,data/kitti_vkitti/vkitti/Scene20/clone/frames/rgb/Camera_0/rgb_00121.jpg,8,8,8,0.0145794417606011,0.0021449275362318,0.0602340311325818,0.1579999999999999,0.4273649374296149,0.4539497230356683,0.3009152088959106,5,4,3,6,1,2,0.25,0.5,10,9,0.460848417547014,0.8039165735244751,0.0096484184422042,0.25,0.375
0020_000122,20,Scene20,122,data/kitti_vkitti/kitti/training/image_02/0020/000122.png,data/kitti_vkitti/vkitti/Scene20/clone/frames/rgb/Camera_0/rgb_00122.jpg,8,8,8,0.0135375738056897,0.0021449275362318,0.0501986044015029,0.1583333333333333,0.4254707208487259,0.503901566998971,0.3502383300156431,4,3,4,6,2,2,0.25,0.5,10,7,0.5613845459052494,0.8345538973808289,0.0085882416882822,0.25,0.5
0020_000123,20,Scene20,123,data/kitti_vkitti/kitti/training/image_02/0020/000123.png,data/kitti_vkitti/vkitti/Scene20/clone/frames/rgb/Camera_0/rgb_00123.jpg,8,8,8,0.0122946859903381,0.0021449275362318,0.0387332259796027,0.158,0.4227215391577995,0.4772879199209319,0.3620406900881054,5,1,3,6,2,2,0.25,0.5,10,6,0.5643285810947418,0.7751277685165405,0.0088067008006704,0.25,0.375
0020_000134,20,Scene20,134,data/kitti_vkitti/kitti/training/image_02/0020/000134.png,data/kitti_vkitti/vkitti/Scene20/clone/frames/rgb/Camera_0/rgb_00134.jpg,7,7,7,0.011771183191473,0.0025764895330112,0.0357702630166398,0.131047619047619,0.4118442571016598,0.2106015322468172,0.2094151606514965,7,0,0,7,4,0,0.25,0.5,10,7,0.5447498559951782,0.8611024618148804,0.0106129537210525,0.0,0.0
0020_000135,20,Scene20,135,data/kitti_vkitti/kitti/training/image_02/0020/000135.png,data/kitti_vkitti/vkitti/Scene20/clone/frames/rgb/Camera_0/rgb_00135.jpg,7,7,7,0.0121018326815428,0.0025764895330112,0.0369296833064949,0.1321904761904762,0.4109324660835886,0.317078555061946,0.2141618479570086,6,1,1,7,2,0,0.25,0.5,10,7,0.5687461793422699,0.8839088678359985,0.0128206867266545,0.0,0.1428571428571428
0020_000136,20,Scene20,136,data/kitti_vkitti/kitti/training/image_02/0020/000136.png,data/kitti_vkitti/vkitti/Scene20/clone/frames/rgb/Camera_0/rgb_00136.jpg,7,7,7,0.0124334023464458,0.0024476650563607,0.0381062801932367,0.1333333333333333,0.4113715723111574,0.2038759209508108,0.2076886326824526,7,0,0,7,3,0,0.25,0.5,10,7,0.5464090917791639,0.8782053589820862,0.0113205856421713,0.0,0.0
0020_000137,20,Scene20,137,data/kitti_vkitti/kitti/training/image_02/0020/000137.png,data/kitti_vkitti/vkitti/Scene20/clone/frames/rgb/Camera_0/rgb_00137.jpg,7,7,7,0.0128465608465608,0.0023660762211486,0.0399377348362855,0.1348571428571428,0.4118933956405965,0.2138135083927592,0.2098509305271571,7,2,0,7,2,0,0.25,0.5,10,9,0.5114998519420624,0.8769492506980896,0.0126231528806967,0.0,0.0
0020_000141,20,Scene20,141,data/kitti_vkitti/kitti/training/image_02/0020/000141.png,data/kitti_vkitti/vkitti/Scene20/clone/frames/rgb/Camera_0/rgb_00141.jpg,7,8,8,0.012895061728395,0.0018786902844873,0.0463016639828234,0.1303333333333333,0.4074258554092598,0.3707707702927616,0.2031387260653067,6,0,2,7,3,0,0.25,0.5,10,6,0.619541585445404,0.8657175898551941,0.0139731698304622,0.0,0.25
0020_000142,20,Scene20,142,data/kitti_vkitti/kitti/training/image_02/0020/000142.png,data/kitti_vkitti/vkitti/Scene20/clone/frames/rgb/Camera_0/rgb_00142.jpg,7,8,8,0.0132141706924315,0.0019538378958668,0.0478196457326892,0.1316666666666666,0.4053743045688485,0.3803709617828492,0.2227244078506837,6,0,2,7,4,0,0.25,0.5,10,6,0.612195705374082,0.8717508316040039,0.0144841161388248,0.0,0.25
0020_000143,20,Scene20,143,data/kitti_vkitti/kitti/training/image_02/0020/000143.png,data/kitti_vkitti/vkitti/Scene20/clone/frames/rgb/Camera_0/rgb_00143.jpg,7,8,8,0.0135480407944176,0.0020096618357487,0.0491508319914117,0.1326666666666666,0.4025238904149958,0.3782581549974555,0.2191861246798337,6,2,2,7,4,0,0.25,0.5,10,8,0.556101206690073,0.878096878528595,0.016719389510189,0.0,0.25
0020_000148,20,Scene20,148,data/kitti_vkitti/kitti/training/image_02/0020/000148.png,data/kitti_vkitti/vkitti/Scene20/clone/frames/rgb/Camera_0/rgb_00148.jpg,6,7,7,0.0165585461237635,0.0022028985507246,0.0516264090177133,0.1493333333333333,0.3929524338774694,0.2448526420954934,0.2265966906442541,7,3,0,6,5,0,0.25,0.5,10,10,0.5296920776367188,0.8856794238090515,0.0153499108877333,0.0,0.0
0020_000149,20,Scene20,149,data/kitti_vkitti/kitti/training/image_02/0020/000149.png,data/kitti_vkitti/vkitti/Scene20/clone/frames/rgb/Camera_0/rgb_00149.jpg,6,7,7,0.0167830687830687,0.0022028985507246,0.0509801395598497,0.1508571428571428,0.3932615115826255,0.4185876421035476,0.2206141740332592,5,2,2,6,4,0,0.25,0.5,10,7,0.5863899162837437,0.847996175289154,0.0170946455490711,0.0,0.2857142857142857
0020_000150,20,Scene20,150,data/kitti_vkitti/kitti/training/image_02/0020/000150.png,data/kitti_vkitti/vkitti/Scene20/clone/frames/rgb/Camera_0/rgb_00150.jpg,6,7,7,0.0169168008588298,0.0022608695652173,0.0507826086956521,0.152,0.3937541599570585,0.2730429902200525,0.2270044066804777,7,4,0,6,6,0,0.25,0.5,10,11,0.475930398160761,0.8514689207077026,0.0117520125991459,0.0,0.0
0020_000151,20,Scene20,151,data/kitti_vkitti/kitti/training/image_02/0020/000151.png,data/kitti_vkitti/vkitti/Scene20/clone/frames/rgb/Camera_0/rgb_00151.jpg,6,7,7,0.0171127980983053,0.0023446054750402,0.0505421363392377,0.1546666666666666,0.3946933745908454,0.3609073127668514,0.1739773303421162,5,1,2,6,5,0,0.25,0.5,10,6,0.5795944680770239,0.8516913652420044,0.0186383786516031,0.0,0.2857142857142857
0020_000152,20,Scene20,152,data/kitti_vkitti/kitti/training/image_02/0020/000152.png,data/kitti_vkitti/vkitti/Scene20/clone/frames/rgb/Camera_0/rgb_00152.jpg,7,7,7,0.0173541906295529,0.0023446054750402,0.0504648416532474,0.1569523809523809,0.3952184311620515,0.3383774213623943,0.2999503029817717,6,1,1,6,4,1,0.25,0.5,10,7,0.5299788032259259,0.8606008887290955,0.01551138149975,0.1428571428571428,0.1428571428571428
0020_000153,20,Scene20,153,data/kitti_vkitti/kitti/training/image_02/0020/000153.png,data/kitti_vkitti/vkitti/Scene20/clone/frames/rgb/Camera_0/rgb_00153.jpg,7,8,8,0.0230201288244766,0.0024906065485775,0.0612946859903381,0.1913333333333333,0.3969066885584077,0.3917333822747965,0.2462825900617635,6,3,2,6,6,1,0.25,0.5,10,9,0.4908763600720299,0.843346893787384,0.0136173620223467,0.1428571428571428,0.25
0020_000154,20,Scene20,154,data/kitti_vkitti/kitti/training/image_02/0020/000154.png,data/kitti_vkitti/vkitti/Scene20/clone/frames/rgb/Camera_0/rgb_00154.jpg,7,8,8,0.0259304884594739,0.0024047235641438,0.0834782608695652,0.1936666666666666,0.3965117615484197,0.4017886328145812,0.2104538263364428,6,0,2,7,3,0,0.25,0.5,10,6,0.5590121448040009,0.8549932241439819,0.0254108946094002,0.0,0.25
0020_000155,20,Scene20,155,data/kitti_vkitti/kitti/training/image_02/0020/000155.png,data/kitti_vkitti/vkitti/Scene20/clone/frames/rgb/Camera_0/rgb_00155.jpg,7,8,8,0.0282842190016103,0.002552871712292,0.1005217391304347,0.197,0.3972179722774778,0.3255445644217558,0.2200063938177756,6,1,2,7,7,0,0.25,0.5,10,7,0.6392186624663216,0.8515424132347107,0.0268992564689705,0.0,0.25
0020_000156,20,Scene20,156,data/kitti_vkitti/kitti/training/image_02/0020/000156.png,data/kitti_vkitti/vkitti/Scene20/clone/frames/rgb/Camera_0/rgb_00156.jpg,7,8,8,0.0299186795491143,0.0026151368760064,0.1137412775093934,0.1983333333333333,0.3981892583120204,0.3079334425054004,0.2125875071171965,7,0,1,7,4,0,0.25,0.5,10,7,0.6380580833980015,0.8871183395385742,0.0293844590355773,0.0,0.125
0020_000157,20,Scene20,157,data/kitti_vkitti/kitti/training/image_02/0020/000157.png,data/kitti_vkitti/vkitti/Scene20/clone/frames/rgb/Camera_0/rgb_00157.jpg,7,8,8,0.031199409554482,0.0026151368760064,0.1246505636070853,0.199,0.399500203130098,0.238069068120386,0.192106842941729,7,3,1,7,6,0,0.25,0.5,10,10,0.5625877648591995,0.8781408071517944,0.0234856434256334,0.0,0.125
0020_000158,20,Scene20,158,data/kitti_vkitti/kitti/training/image_02/0020/000158.png,data/kitti_vkitti/vkitti/Scene20/clone/frames/rgb/Camera_0/rgb_00158.jpg,7,8,8,0.0326113794954374,0.0027697262479871,0.134975845410628,0.202,0.3975129382295054,0.2941850826400883,0.2043373987341918,7,1,1,7,6,0,0.25,0.5,10,8,0.5878908485174179,0.8846361041069031,0.0287659549964301,0.0,0.125
0020_000159,20,Scene20,159,data/kitti_vkitti/kitti/training/image_02/0020/000159.png,data/kitti_vkitti/vkitti/Scene20/clone/frames/rgb/Camera_0/rgb_00159.jpg,7,8,8,0.0338344068706387,0.0028341384863123,0.1448588298443371,0.2033333333333333,0.3931970656646985,0.3987085144202837,0.200562729417972,6,1,2,7,6,0,0.25,0.5,10,7,0.6251777793679919,0.8825216293334961,0.0333616913375102,0.0,0.25
0020_000160,20,Scene20,160,data/kitti_vkitti/kitti/training/image_02/0020/000160.png,data/kitti_vkitti/vkitti/Scene20/clone/frames/rgb/Camera_0/rgb_00160.jpg,7,8,8,0.0349224369296833,0.0028341384863123,0.153487922705314,0.2056666666666666,0.3881942218433267,0.3014885226281434,0.2062480174577602,7,0,1,7,5,0,0.25,0.5,10,7,0.6363712336335864,0.8913083076477051,0.0349534560933166,0.0,0.125
0020_000161,20,Scene20,161,data/kitti_vkitti/kitti/training/image_02/0020/000161.png,data/kitti_vkitti/vkitti/Scene20/clone/frames/rgb/Camera_0/rgb_00161.jpg,7,8,8,0.0330440150295222,0.0029286097691894,0.1394310252281266,0.208,0.3848981170997653,0.4684591623839146,0.2341446443329351,5,0,3,6,7,1,0.25,0.5,10,5,0.6680508017539978,0.8861024379730225,0.0407065978433869,0.1428571428571428,0.375
0020_000162,20,Scene20,162,data/kitti_vkitti/kitti/training/image_02/0020/000162.png,data/kitti_vkitti/vkitti/Scene20/clone/frames/rgb/Camera_0/rgb_00162.jpg,7,8,8,0.0308692968330649,0.0030617283950617,0.1215458937198067,0.2096666666666666,0.3828622272741624,0.329899446351191,0.2223778419242964,7,1,1,7,5,0,0.25,0.5,10,8,0.5746812038123608,0.8832056522369385,0.0275874975848211,0.0,0.125
0020_000163,20,Scene20,163,data/kitti_vkitti/kitti/training/image_02/0020/000163.png,data/kitti_vkitti/vkitti/Scene20/clone/frames/rgb/Camera_0/rgb_00163.jpg,7,8,8,0.029318035426731,0.0030617283950617,0.1089425657541599,0.212,0.3809760432782882,0.4021317217461408,0.2250606130469121,5,1,3,7,4,0,0.25,0.5,10,6,0.7079918185869852,0.8929255604743958,0.0332094380931084,0.0,0.375
0020_000164,20,Scene20,164,data/kitti_vkitti/kitti/training/image_02/0020/000164.png,data/kitti_vkitti/vkitti/Scene20/clone/frames/rgb/Camera_0/rgb_00164.jpg,7,8,8,0.0277015566290928,0.0032292002147074,0.0952270531400966,0.213,0.3789332743940303,0.4246313444654862,0.3079826728487986,5,1,3,6,5,1,0.25,0.5,10,6,0.669863318403562,0.887008011341095,0.0313921327015209,0.1428571428571428,0.375
0020_000165,20,Scene20,165,data/kitti_vkitti/kitti/training/image_02/0020/000165.png,data/kitti_vkitti/vkitti/Scene20/clone/frames/rgb/Camera_0/rgb_00165.jpg,6,7,7,0.0285582393988191,0.0032979066022544,0.0906666666666666,0.1969523809523809,0.3786554260995863,0.2357958801537335,0.2596829488115432,6,1,1,5,9,1,0.25,0.5,10,7,0.6138493120670319,0.8699209690093994,0.025978445145676,0.1666666666666666,0.1428571428571428
0020_000166,20,Scene20,166,data/kitti_vkitti/kitti/training/image_02/0020/000166.png,data/kitti_vkitti/vkitti/Scene20/clone/frames/rgb/Camera_0/rgb_00166.jpg,6,7,7,0.028404876926616,0.0034718196457326,0.0993429951690821,0.1973333333333333,0.3811731952469662,0.3889698468661487,0.29741053999655,5,0,2,5,3,1,0.25,0.5,10,5,0.7245546102523803,0.848675549030304,0.0337757211334087,0.1666666666666666,0.2857142857142857
0020_000167,20,Scene20,167,data/kitti_vkitti/kitti/training/image_02/0020/000167.png,data/kitti_vkitti/vkitti/Scene20/clone/frames/rgb/Camera_0/rgb_00167.jpg,6,7,7,0.0286671267540832,0.0036500268384326,0.1097756307031669,0.1977142857142857,0.3836821487585909,0.3226537059014474,0.2954251709519422,5,2,2,5,2,1,0.25,0.5,10,7,0.5971580914088658,0.8644488453865051,0.0260715524669814,0.1666666666666666,0.2857142857142857
0020_000168,20,Scene20,168,data/kitti_vkitti/kitti/training/image_02/0020/000168.png,data/kitti_vkitti/vkitti/Scene20/clone/frames/rgb/Camera_0/rgb_00168.jpg,7,8,8,0.0261977992485238,0.0017176596886741,0.1221642512077294,0.183,0.3874494900697799,0.4662096260665609,0.2770667753782173,5,1,3,6,4,1,0.25,0.5,10,6,0.6313053717215856,0.8650878667831421,0.0301338979717375,0.1428571428571428,0.375
0020_000169,20,Scene20,169,data/kitti_vkitti/kitti/training/image_02/0020/000169.png,data/kitti_vkitti/vkitti/Scene20/clone/frames/rgb/Camera_0/rgb_00169.jpg,7,8,8,0.0260190552871712,0.0017176596886741,0.1248309178743961,0.184,0.3883677896708871,0.4209785257603935,0.2867968474340419,5,1,3,6,1,1,0.25,0.5,10,6,0.5673536310593287,0.8499181270599365,0.0131100672919836,0.1428571428571428,0.375
0020_000170,20,Scene20,170,data/kitti_vkitti/kitti/training/image_02/0020/000170.png,data/kitti_vkitti/vkitti/Scene20/clone/frames/rgb/Camera_0/rgb_00170.jpg,7,8,8,0.0249251207729468,0.001842190016103,0.1191841116478797,0.1836666666666666,0.3892298359171903,0.312526619799206,0.2823222786750288,6,1,2,6,3,1,0.25,0.5,10,7,0.5937779886381966,0.8647100925445557,0.0271993433347868,0.1428571428571428,0.25
0020_000171,20,Scene20,171,data/kitti_vkitti/kitti/training/image_02/0020/000171.png,data/kitti_vkitti/vkitti/Scene20/clone/frames/rgb/Camera_0/rgb_00171.jpg,7,8,8,0.0238274288781535,0.0018980139559849,0.1117595276435856,0.184,0.3914529927483607,0.3675148981717352,0.2628199705052191,6,1,2,6,3,1,0.25,0.5,10,7,0.5970405638217926,0.8779260516166687,0.0257595113405112,0.1428571428571428,0.25
0020_000172,20,Scene20,172,data/kitti_vkitti/kitti/training/image_02/0020/000172.png,data/kitti_vkitti/vkitti/Scene20/clone/frames/rgb/Camera_0/rgb_00172.jpg,8,8,8,0.0226865271068169,0.0018980139559849,0.1031626409017713,0.1843333333333333,0.3928753749486912,0.3066137720613904,0.2529408952450839,7,2,1,7,3,1,0.25,0.5,10,9,0.5522079235977597,0.8776522278785706,0.0197234053477415,0.125,0.125
0020_000173,20,Scene20,173,data/kitti_vkitti/kitti/training/image_02/0020/000173.png,data/kitti_vkitti/vkitti/Scene20/clone/frames/rgb/Camera_0/rgb_00173.jpg,8,8,8,0.0215359634997316,0.0020096618357487,0.093268921095008,0.185,0.3923504362560913,0.4002798172501286,0.265701266183044,6,0,2,7,6,1,0.25,0.5,10,6,0.6676777253548304,0.8492840528488159,0.0255877855084414,0.125,0.25
0020_000174,20,Scene20,174,data/kitti_vkitti/kitti/training/image_02/0020/000174.png,data/kitti_vkitti/vkitti/Scene20/clone/frames/rgb/Camera_0/rgb_00174.jpg,8,8,8,0.0205362318840579,0.0020869565217391,0.0831647879763821,0.1866666666666666,0.3811795522717943,0.3681355437408968,0.2501251704285427,6,0,2,7,3,1,0.25,0.5,10,6,0.6974138170480728,0.8721324801445007,0.0232023053605996,0.125,0.25
0020_000175,20,Scene20,175,data/kitti_vkitti/kitti/training/image_02/0020/000175.png,data/kitti_vkitti/vkitti/Scene20/clone/frames/rgb/Camera_0/rgb_00175.jpg,8,8,8,0.0193671497584541,0.002224369296833,0.0711196994095544,0.1886666666666666,0.3758821550735162,0.4126623424927775,0.2608263376142697,5,1,3,7,4,1,0.25,0.5,10,6,0.6767016351222992,0.8929020762443542,0.0199344894229391,0.125,0.375
0020_000176,20,Scene20,176,data/kitti_vkitti/kitti/training/image_02/0020/000176.png,data/kitti_vkitti/vkitti/Scene20/clone/frames/rgb/Camera_0/rgb_00176.jpg,8,8,8,0.0179425657541599,0.0022028985507246,0.0559613526570048,0.19,0.3713497984486333,0.3035313066589945,0.2834269238766431,7,1,1,7,3,1,0.25,0.5,10,8,0.6179788075387478,0.8677465915679932,0.0148021498124231,0.125,0.125
0020_000177,20,Scene20,177,data/kitti_vkitti/kitti/training/image_02/0020/000177.png,data/kitti_vkitti/vkitti/Scene20/clone/frames/rgb/Camera_0/rgb_00177.jpg,8,8,8,0.0165096618357487,0.0023446054750402,0.0393623188405797,0.192,0.3650141517476556,0.3123919396682755,0.3806843876538835,7,1,1,6,5,2,0.25,0.5,10,8,0.5768186524510384,0.863922655582428,0.0130524748583013,0.25,0.125
0020_000178,20,Scene20,178,data/kitti_vkitti/kitti/training/image_02/0020/000178.png,data/kitti_vkitti/vkitti/Scene20/clone/frames/rgb/Camera_0/rgb_00178.jpg,7,7,7,0.0144706694271911,0.0024906065485775,0.0462222222222222,0.155047619047619,0.3568066264616421,0.3903727092445919,0.2854565838100174,5,1,2,6,2,1,0.25,0.5,10,6,0.6442593882481257,0.8814690709114075,0.0147541459926802,0.1428571428571428,0.2857142857142857
0020_000179,20,Scene20,179,data/kitti_vkitti/kitti/training/image_02/0020/000179.png,data/kitti_vkitti/vkitti/Scene20/clone/frames/rgb/Camera_0/rgb_00179.jpg,7,7,7,0.0159429491603404,0.0026409017713365,0.0550681696188942,0.16,0.3546683338069527,0.4156649793665696,0.2458348122659758,5,0,2,6,3,1,0.25,0.5,10,5,0.7538366198539734,0.8677353858947754,0.0179907870416304,0.1428571428571428,0.2857142857142857
0020_000180,20,Scene20,180,data/kitti_vkitti/kitti/training/image_02/0020/000180.png,data/kitti_vkitti/vkitti/Scene20/clone/frames/rgb/Camera_0/rgb_00180.jpg,7,7,7,0.017773483628556,0.0027053140096618,0.0657004830917874,0.1645714285714285,0.3530877921968572,0.2768675659163458,0.236383586401642,6,3,1,6,1,1,0.25,0.5,10,9,0.5599000520176358,0.9042776823043824,0.0123620443003372,0.1428571428571428,0.1428571428571428
0020_000181,20,Scene20,181,data/kitti_vkitti/kitti/training/image_02/0020/000181.png,data/kitti_vkitti/vkitti/Scene20/clone/frames/rgb/Camera_0/rgb_00181.jpg,7,7,7,0.0193794954374664,0.0027697262479871,0.0748040794417606,0.1695238095238095,0.3549946470482986,0.278799165302799,0.2363752023545622,6,0,1,7,0,0,0.25,0.5,10,6,0.7449779460827509,0.8766213655471802,0.0199164246309555,0.0,0.1428571428571428
0020_000182,20,Scene20,182,data/kitti_vkitti/kitti/training/image_02/0020/000182.png,data/kitti_vkitti/vkitti/Scene20/clone/frames/rgb/Camera_0/rgb_00182.jpg,7,8,8,0.0175625335480407,0.0019323671497584,0.0736876006441223,0.1633333333333333,0.3595700967236062,0.436368363091429,0.2880061977331969,5,1,3,6,0,1,0.25,0.5,10,6,0.6777825057506561,0.8553903698921204,0.0206218240896766,0.1428571428571428,0.375
0020_000183,20,Scene20,183,data/kitti_vkitti/kitti/training/image_02/0020/000183.png,data/kitti_vkitti/vkitti/Scene20/clone/frames/rgb/Camera_0/rgb_00183.jpg,8,8,8,0.0179063338701019,0.0019860440150295,0.0723735909822866,0.1706666666666666,0.3653423426267984,0.2531035069940754,0.3739818782335199,7,1,1,6,1,2,0.25,0.5,10,8,0.6341225206851959,0.8818705081939697,0.0159386838959399,0.25,0.125
0020_000184,20,Scene20,184,data/kitti_vkitti/kitti/training/image_02/0020/000184.png,data/kitti_vkitti/vkitti/Scene20/clone/frames/rgb/Camera_0/rgb_00184.jpg,8,8,8,0.0176545893719806,0.0020397208803005,0.064927536231884,0.1766666666666666,0.365596648879627,0.2811385166353202,0.3199785462272437,7,1,1,6,2,2,0.25,0.5,10,8,0.6246844418346882,0.8792637586593628,0.0155401929236773,0.25,0.125
0020_000185,20,Scene20,185,data/kitti_vkitti/kitti/training/image_02/0020/000185.png,data/kitti_vkitti/vkitti/Scene20/clone/frames/rgb/Camera_0/rgb_00185.jpg,8,8,8,0.0165544820182501,0.0021213097155126,0.049391304347826,0.1773333333333333,0.3596601559786556,0.3716874181499121,0.3527503390174527,6,1,2,6,4,2,0.25,0.5,10,7,0.6547956934997013,0.885680615901947,0.01575824009468,0.25,0.25
0020_000186,20,Scene20,186,data/kitti_vkitti/kitti/training/image_02/0020/000186.png,data/kitti_vkitti/vkitti/Scene20/clone/frames/rgb/Camera_0/rgb_00186.jpg,8,8,8,0.0153980139559849,0.0022608695652173,0.0420697799248523,0.1783333333333333,0.3534383294917537,0.3147134358901191,0.3498530570272737,7,1,1,5,7,3,0.25,0.5,10,8,0.66237573325634,0.8763740062713623,0.0137086695374457,0.375,0.125
0020_000187,20,Scene20,187,data/kitti_vkitti/kitti/training/image_02/0020/000187.png,data/kitti_vkitti/vkitti/Scene20/clone/frames/rgb/Camera_0/rgb_00187.jpg,7,7,7,0.0146056284027298,0.0023188405797101,0.0504991948470209,0.1500952380952381,0.3487458263606032,0.2769094000711281,0.2772884752470942,6,1,1,6,6,1,0.25,0.5,10,7,0.657167375087738,0.8611072301864624,0.0133855365201626,0.1428571428571428,0.1428571428571428
0020_000188,20,Scene20,188,data/kitti_vkitti/kitti/training/image_02/0020/000188.png,data/kitti_vkitti/vkitti/Scene20/clone/frames/rgb/Camera_0/rgb_00188.jpg,7,7,7,0.0164288014722797,0.0023768115942028,0.0608974771873322,0.155047619047619,0.3536193068316967,0.2798585343609822,0.2626903989501711,6,3,1,6,2,1,0.25,0.5,10,9,0.5690543916490343,0.8973099589347839,0.0110300025869413,0.1428571428571428,0.1428571428571428
0020_000189,20,Scene20,189,data/kitti_vkitti/kitti/training/image_02/0020/000189.png,data/kitti_vkitti/vkitti/Scene20/clone/frames/rgb/Camera_0/rgb_00189.jpg,8,8,8,0.0154224369296833,0.0025228126677402,0.0633816425120773,0.1493333333333333,0.355575030785261,0.359170909820445,0.2870368575364413,6,2,2,7,2,1,0.25,0.5,10,8,0.6160233020782471,0.9087429642677308,0.0125347744563513,0.125,0.25
0020_000190,20,Scene20,190,data/kitti_vkitti/kitti/training/image_02/0020/000190.png,data/kitti_vkitti/vkitti/Scene20/clone/frames/rgb/Camera_0/rgb_00190.jpg,8,8,8,0.0158762748255501,0.0026795491143317,0.0633644659151905,0.1556666666666666,0.3606318545883195,0.3496400001421493,0.2426921008798184,5,3,3,7,3,1,0.25,0.5,10,8,0.5663428902626038,0.866238534450531,0.0141090223177825,0.125,0.375
0020_000191,20,Scene20,191,data/kitti_vkitti/kitti/training/image_02/0020/000191.png,data/kitti_vkitti/vkitti/Scene20/clone/frames/rgb/Camera_0/rgb_00191.jpg,8,8,8,0.0162584541062801,0.0028019323671497,0.0612753623188405,0.164,0.3667998273920411,0.2880997145254627,0.2021199641182378,7,2,1,8,5,0,0.25,0.5,10,9,0.5880879163742065,0.8814623355865479,0.0130379642309033,0.0,0.125
0020_000192,20,Scene20,192,data/kitti_vkitti/kitti/training/image_02/0020/000192.png,data/kitti_vkitti/vkitti/Scene20/clone/frames/rgb/Camera_0/rgb_00192.jpg,8,9,9,0.0141160613109083,0.0018786902844873,0.0508856682769726,0.1549629629629629,0.3699204614105438,0.3087391711961831,0.1771267687952089,8,1,1,8,2,0,0.25,0.5,10,9,0.6205723583698273,0.8635739684104919,0.0143797771994581,0.0,0.1111111111111111
0020_000193,20,Scene20,193,data/kitti_vkitti/kitti/training/image_02/0020/000193.png,data/kitti_vkitti/vkitti/Scene20/clone/frames/rgb/Camera_0/rgb_00193.jpg,8,9,9,0.0134237490308343,0.0019323671497584,0.0382436929683306,0.1564444444444444,0.3723303463736541,0.3327762066747726,0.1915771889481464,8,0,1,8,0,0,0.25,0.5,10,8,0.6417293325066566,0.89128178358078,0.0128554961521058,0.0,0.1111111111111111
0020_000194,20,Scene20,194,data/kitti_vkitti/kitti/training/image_02/0020/000194.png,data/kitti_vkitti/vkitti/Scene20/clone/frames/rgb/Camera_0/rgb_00194.jpg,8,9,9,0.0127075803661955,0.0019860440150295,0.0310896403650026,0.1582222222222222,0.3738123919884647,0.2473909606888436,0.2090636517943129,8,1,1,8,0,0,0.25,0.5,10,9,0.6143066551950243,0.8469633460044861,0.0102994689414156,0.0,0.1111111111111111
0020_000195,20,Scene20,195,data/kitti_vkitti/kitti/training/image_02/0020/000195.png,data/kitti_vkitti/vkitti/Scene20/clone/frames/rgb/Camera_0/rgb_00195.jpg,7,8,8,0.0121460010735373,0.0021213097155126,0.0363177670424047,0.1343333333333333,0.370497510866934,0.3209859138916364,0.1967907095291799,6,2,2,7,3,0,0.25,0.5,10,8,0.5862250700592995,0.8457379937171936,0.011742410449097,0.0,0.25
0020_000196,20,Scene20,196,data/kitti_vkitti/kitti/training/image_02/0020/000196.png,data/kitti_vkitti/vkitti/Scene20/clone/frames/rgb/Camera_0/rgb_00196.jpg,7,8,8,0.0130874932903918,0.0021771336553945,0.042593666129898,0.139,0.3712997337206487,0.4069448880533667,0.2567919911905189,6,1,2,6,2,1,0.25,0.5,10,7,0.5904533267021179,0.8218461275100708,0.0133353901137082,0.1428571428571428,0.25
0020_000197,20,Scene20,197,data/kitti_vkitti/kitti/training/image_02/0020/000197.png,data/kitti_vkitti/vkitti/Scene20/clone/frames/rgb/Camera_0/rgb_00197.jpg,7,8,8,0.0140834675254965,0.0023188405797101,0.0504991948470209,0.144,0.370261172681633,0.4125786300191099,0.215782278328365,6,0,2,6,6,1,0.25,0.5,10,6,0.5982399384180704,0.8540745973587036,0.0151869912464983,0.1428571428571428,0.25
0020_000198,20,Scene20,198,data/kitti_vkitti/kitti/training/image_02/0020/000198.png,data/kitti_vkitti/vkitti/Scene20/clone/frames/rgb/Camera_0/rgb_00198.jpg,7,8,8,0.0144844337090713,0.0023768115942028,0.0530284487385936,0.1486666666666666,0.3672300927241535,0.4605455713657449,0.3489043832684103,5,0,3,6,4,1,0.25,0.5,10,5,0.7194385766983032,0.868456244468689,0.0162224272783344,0.1428571428571428,0.375
0020_000199,20,Scene20,199,data/kitti_vkitti/kitti/training/image_02/0020/000199.png,data/kitti_vkitti/vkitti/Scene20/clone/frames/rgb/Camera_0/rgb_00199.jpg,7,8,8,0.0145475040257648,0.0024347826086956,0.0531143317230273,0.154,0.3677129066548787,0.3889469299115613,0.404751866496737,6,1,2,5,1,2,0.25,0.5,10,7,0.6440584148679461,0.903710126876831,0.0125590666437842,0.2857142857142857,0.25
0020_000200,20,Scene20,200,data/kitti_vkitti/kitti/training/image_02/0020/000200.png,data/kitti_vkitti/vkitti/Scene20/clone/frames/rgb/Camera_0/rgb_00200.jpg,7,8,8,0.0143794954374664,0.0026774020397208,0.0522898550724637,0.1596666666666666,0.3701561512635113,0.4562597341062808,0.4028536427605305,5,0,3,5,1,2,0.25,0.5,10,5,0.7582351922988891,0.9139084815979004,0.016217832150063,0.2857142857142857,0.375
0020_000202,20,Scene20,202,data/kitti_vkitti/kitti/training/image_02/0020/000202.png,data/kitti_vkitti/vkitti/Scene20/clone/frames/rgb/Camera_0/rgb_00202.jpg,7,8,8,0.011743961352657,0.0026795491143317,0.0418228663446054,0.1466666666666666,0.3721665456305978,0.4917863745765991,0.3924274569712255,5,0,3,5,3,2,0.25,0.5,10,5,0.6425934374332428,0.7626783847808838,0.0149323182343963,0.2857142857142857,0.375
0020_000223,20,Scene20,223,data/kitti_vkitti/kitti/training/image_02/0020/000223.png,data/kitti_vkitti/vkitti/Scene20/clone/frames/rgb/Camera_0/rgb_00223.jpg,9,8,8,0.029456253354804,0.0030273752012882,0.1626709608158883,0.1753333333333333,0.3342958626714239,0.6467051639473453,0.6333309660522755,4,0,4,4,3,5,0.25,0.5,10,4,0.6041912138462067,0.923077404499054,0.0450729258595485,0.5555555555555556,0.5
0020_000224,20,Scene20,224,data/kitti_vkitti/kitti/training/image_02/0020/000224.png,data/kitti_vkitti/vkitti/Scene20/clone/frames/rgb/Camera_0/rgb_00224.jpg,9,8,8,0.029634460547504,0.0031948470209339,0.1578550724637681,0.179,0.3407098144464441,0.6062154806938214,0.7109241716258894,4,0,4,3,0,6,0.25,0.5,10,4,0.5788770914077759,0.8789740204811096,0.0460436813120234,0.6666666666666666,0.5
0020_000227,20,Scene20,227,data/kitti_vkitti/kitti/training/image_02/0020/000227.png,data/kitti_vkitti/vkitti/Scene20/clone/frames/rgb/Camera_0/rgb_00227.jpg,9,9,9,0.0293478857279179,0.0018786902844873,0.132695652173913,0.1896296296296296,0.3547298664393293,0.632540237728004,0.6310541120661599,4,0,5,4,0,5,0.25,0.5,10,4,0.539701297879219,0.8742737174034119,0.0434680284018596,0.5555555555555556,0.5555555555555556
0020_000228,20,Scene20,228,data/kitti_vkitti/kitti/training/image_02/0020/000228.png,data/kitti_vkitti/vkitti/Scene20/clone/frames/rgb/Camera_0/rgb_00228.jpg,9,10,10,0.0276592592592592,0.0019323671497584,0.1205217391304347,0.1957333333333333,0.3411389851915001,0.6606120462970007,0.6148873675108248,4,0,6,4,2,5,0.25,0.5,10,4,0.6557269021868706,0.8576472997665405,0.0406726510708685,0.5555555555555556,0.6
0020_000229,20,Scene20,229,data/kitti_vkitti/kitti/training/image_02/0020/000229.png,data/kitti_vkitti/vkitti/Scene20/clone/frames/rgb/Camera_0/rgb_00229.jpg,9,10,10,0.0262969404186795,0.0020654857756307,0.1059130434782608,0.2008,0.3323437761148474,0.630867836693972,0.5270574049336132,5,0,5,6,0,3,0.25,0.5,10,5,0.5751822531223297,0.8500567078590393,0.0335389476223262,0.3333333333333333,0.5
0020_000230,20,Scene20,230,data/kitti_vkitti/kitti/training/image_02/0020/000230.png,data/kitti_vkitti/vkitti/Scene20/clone/frames/rgb/Camera_0/rgb_00230.jpg,9,9,9,0.0259595634281624,0.0021213097155126,0.0859216317767042,0.2059259259259259,0.324695264858493,0.7045904462060217,0.5971591180455427,4,0,5,4,1,5,0.25,0.5,10,4,0.777945801615715,0.8722139000892639,0.0327458288196149,0.5555555555555556,0.5555555555555556
0020_000231,20,Scene20,231,data/kitti_vkitti/kitti/training/image_02/0020/000231.png,data/kitti_vkitti/vkitti/Scene20/clone/frames/rgb/Camera_0/rgb_00231.jpg,8,9,9,0.0176651756426313,0.0022608695652173,0.0658851315083199,0.1768888888888889,0.3147476408491469,0.7635369392974065,0.5796795912195731,3,0,6,4,1,4,0.25,0.5,10,3,0.816658635934194,0.8672191500663757,0.0296899951549547,0.5,0.6666666666666666
0020_000232,20,Scene20,232,data/kitti_vkitti/kitti/training/image_02/0020/000232.png,data/kitti_vkitti/vkitti/Scene20/clone/frames/rgb/Camera_0/rgb_00232.jpg,7,8,8,0.0199425657541599,0.0024047235641438,0.0776038647342995,0.1813333333333333,0.3116057044825445,0.6610446319420261,0.4972871444060224,3,1,5,4,1,3,0.25,0.5,10,4,0.6192077025771141,0.7985863089561462,0.0235219551675557,0.4285714285714285,0.625
0020_000233,20,Scene20,233,data/kitti_vkitti/kitti/training/image_02/0020/000233.png,data/kitti_vkitti/vkitti/Scene20/clone/frames/rgb/Camera_0/rgb_00233.jpg,7,7,7,0.023470592745955,0.0024648416532474,0.0924444444444444,0.1691428571428571,0.3057147885026259,0.6093112318659449,0.5258694693657411,3,1,4,4,1,3,0.25,0.5,10,4,0.5445684790611267,0.8580235838890076,0.0298177704987813,0.4285714285714285,0.5714285714285714
0020_000234,20,Scene20,234,data/kitti_vkitti/kitti/training/image_02/0020/000234.png,data/kitti_vkitti/vkitti/Scene20/clone/frames/rgb/Camera_0/rgb_00234.jpg,6,7,7,0.0277699562916954,0.0026151368760064,0.1134492753623188,0.179047619047619,0.3014647258796165,0.6569384267026372,0.5459246155132618,3,0,4,3,2,3,0.25,0.5,10,3,0.6485622624556223,0.839385986328125,0.0412004755187068,0.5,0.5714285714285714
0020_000235,20,Scene20,235,data/kitti_vkitti/kitti/training/image_02/0020/000235.png,data/kitti_vkitti/vkitti/Scene20/clone/frames/rgb/Camera_0/rgb_00235.jpg,6,7,7,0.0312663139329806,0.0026774020397208,0.1285195920558239,0.1851428571428571,0.3008269436813909,0.6678155617400694,0.5289323722128507,3,0,4,3,1,3,0.25,0.5,10,3,0.7304355402787527,0.9184874296188354,0.0484631661126256,0.5,0.5714285714285714
0020_000236,20,Scene20,236,data/kitti_vkitti/kitti/training/image_02/0020/000236.png,data/kitti_vkitti/vkitti/Scene20/clone/frames/rgb/Camera_0/rgb_00236.jpg,6,7,7,0.0319687140556705,0.0028341384863123,0.1307310789049919,0.1908571428571428,0.3056893688232136,0.6621049896393327,0.5382487034473176,3,0,4,3,1,3,0.25,0.5,10,3,0.5619205435117086,0.8584997653961182,0.0507191199619751,0.5,0.5714285714285714
0020_000237,20,Scene20,237,data/kitti_vkitti/kitti/training/image_02/0020/000237.png,data/kitti_vkitti/vkitti/Scene20/clone/frames/rgb/Camera_0/rgb_00237.jpg,6,7,7,0.0306789356644429,0.0028985507246376,0.1229951690821256,0.1965714285714285,0.3142424047235641,0.8752772635499634,0.6177860483960489,1,0,6,2,3,4,0.25,0.5,10,1,0.8233757615089417,0.8233757615089417,0.1234816734328127,0.6666666666666666,0.8571428571428571
0020_000268,20,Scene20,268,data/kitti_vkitti/kitti/training/image_02/0020/000268.png,data/kitti_vkitti/vkitti/Scene20/clone/frames/rgb/Camera_0/rgb_00268.jpg,5,6,6,0.0170620862408302,0.0033666129898013,0.0633387010198604,0.1546666666666666,0.3193339353562144,0.4325094332177971,0.642409571462745,4,0,2,2,0,3,0.25,0.5,10,4,0.6591977998614311,0.8706214427947998,0.0214755704885192,0.6,0.3333333333333333
0020_000269,20,Scene20,269,data/kitti_vkitti/kitti/training/image_02/0020/000269.png,data/kitti_vkitti/vkitti/Scene20/clone/frames/rgb/Camera_0/rgb_00269.jpg,5,6,6,0.017548398640186,0.0036135265700483,0.0616854535695115,0.1644444444444444,0.3191014787450138,0.3942886498228426,0.5364525274226459,4,0,2,2,2,3,0.25,0.5,10,4,0.7149084508419037,0.8882697224617004,0.0215883438945043,0.6,0.3333333333333333
0020_000270,20,Scene20,270,data/kitti_vkitti/kitti/training/image_02/0020/000270.png,data/kitti_vkitti/vkitti/Scene20/clone/frames/rgb/Camera_0/rgb_00270.jpg,5,6,6,0.0173773483628556,0.0038690284487385,0.0567042404723564,0.1715555555555555,0.3191421131845116,0.3965389275756167,0.4854973498186792,4,0,2,3,0,2,0.25,0.5,10,4,0.7142609506845474,0.9004349708557129,0.0207582959282075,0.4,0.3333333333333333
0020_000271,20,Scene20,271,data/kitti_vkitti/kitti/training/image_02/0020/000271.png,data/kitti_vkitti/vkitti/Scene20/clone/frames/rgb/Camera_0/rgb_00271.jpg,5,6,6,0.0164949006977992,0.0041331186258722,0.0459602791196994,0.1768888888888889,0.3178266047803984,0.4248406328501436,0.4823748470387873,4,0,2,3,0,2,0.25,0.5,10,4,0.7766284048557281,0.8811907172203064,0.0175348379731535,0.4,0.3333333333333333
0020_000272,20,Scene20,272,data/kitti_vkitti/kitti/training/image_02/0020/000272.png,data/kitti_vkitti/vkitti/Scene20/clone/frames/rgb/Camera_0/rgb_00272.jpg,5,6,6,0.0152664161746287,0.0042383252818035,0.032463768115942,0.1822222222222222,0.3222690031890373,0.3587463345573071,0.5165768263610435,5,0,1,3,0,2,0.25,0.5,10,5,0.6610287487506866,0.8525025248527527,0.0127435321640161,0.4,0.1666666666666666
0020_000273,20,Scene20,273,data/kitti_vkitti/kitti/training/image_02/0020/000273.png,data/kitti_vkitti/vkitti/Scene20/clone/frames/rgb/Camera_0/rgb_00273.jpg,5,6,6,0.0138454106280193,0.0043285024154589,0.0323156199677938,0.1857777777777778,0.3271354614631682,0.4881241259913199,0.5555614244814645,3,1,3,2,1,3,0.25,0.5,10,4,0.7287320196628571,0.851294219493866,0.0132162174694477,0.6,0.5
0020_000274,20,Scene20,274,data/kitti_vkitti/kitti/training/image_02/0020/000274.png,data/kitti_vkitti/vkitti/Scene20/clone/frames/rgb/Camera_0/rgb_00274.jpg,4,5,5,0.015141599570585,0.0044186795491143,0.0395705850778314,0.1562666666666666,0.3285260080199551,0.3423861027904664,0.5400893476507762,4,0,1,2,0,2,0.25,0.5,10,4,0.6704746559262276,0.8241037130355835,0.0141284170624394,0.5,0.2
0020_000275,20,Scene20,275,data/kitti_vkitti/kitti/training/image_02/0020/000275.png,data/kitti_vkitti/vkitti/Scene20/clone/frames/rgb/Camera_0/rgb_00275.jpg,4,5,5,0.0173393451422436,0.0045238862050456,0.0475469672571121,0.1642666666666666,0.3281020491932682,0.2852732763222761,0.535158011018483,4,1,1,2,1,2,0.25,0.5,10,5,0.6025430023670196,0.8282756209373474,0.0135116300703516,0.5,0.2
0020_000276,20,Scene20,276,data/kitti_vkitti/kitti/training/image_02/0020/000276.png,data/kitti_vkitti/vkitti/Scene20/clone/frames/rgb/Camera_0/rgb_00276.jpg,4,5,5,0.0193679012345679,0.0047235641438539,0.0541041331186258,0.1733333333333333,0.3257489227789881,0.2116616999372818,0.5389581640031301,5,0,0,2,0,2,0.25,0.5,10,5,0.5886915802955628,0.8047828078269958,0.0163808793939412,0.5,0.0
0020_000277,20,Scene20,277,data/kitti_vkitti/kitti/training/image_02/0020/000277.png,data/kitti_vkitti/vkitti/Scene20/clone/frames/rgb/Camera_0/rgb_00277.jpg,4,5,5,0.0195529790660225,0.0047235641438539,0.0504412238325281,0.1834666666666666,0.3264226158525675,0.1956960249019603,0.5455469770124984,5,0,0,2,0,2,0.25,0.5,10,5,0.643890655040741,0.8323725461959839,0.0164401995858287,0.5,0.0
0020_000278,20,Scene20,278,data/kitti_vkitti/kitti/training/image_02/0020/000278.png,data/kitti_vkitti/vkitti/Scene20/clone/frames/rgb/Camera_0/rgb_00278.jpg,4,5,5,0.0192493827160493,0.004818035426731,0.0444401502952227,0.192,0.3262404934061654,0.2237111024682045,0.4755164216675753,5,0,0,2,3,2,0.25,0.5,10,5,0.6783191442489624,0.8471200466156006,0.0156646405419996,0.5,0.0
0020_000279,20,Scene20,279,data/kitti_vkitti/kitti/training/image_02/0020/000279.png,data/kitti_vkitti/vkitti/Scene20/clone/frames/rgb/Camera_0/rgb_00279.jpg,4,5,5,0.0183308641975308,0.0050241545893719,0.0334707461084272,0.1978666666666667,0.3226548282866555,0.2547397329255243,0.4742642731954848,5,1,0,2,3,2,0.25,0.5,10,6,0.5789242386817932,0.8365188837051392,0.012786568710111,0.5,0.0
0020_000280,20,Scene20,280,data/kitti_vkitti/kitti/training/image_02/0020/000280.png,data/kitti_vkitti/vkitti/Scene20/clone/frames/rgb/Camera_0/rgb_00280.jpg,4,5,5,0.0166432635534084,0.0051207729468599,0.0259710144927536,0.2016,0.3223870754528328,0.3109908290528993,0.667019914748068,4,1,1,1,2,3,0.25,0.5,10,5,0.6529420256614685,0.8327244520187378,0.0117985856605709,0.75,0.2
0020_000281,20,Scene20,281,data/kitti_vkitti/kitti/training/image_02/0020/000281.png,data/kitti_vkitti/vkitti/Scene20/clone/frames/rgb/Camera_0/rgb_00281.jpg,2,3,3,0.0142594381821434,0.0053483628556092,0.0280901771336553,0.1653333333333333,0.3236768273815162,0.4309969947589978,0.3953885117151202,2,0,1,1,1,1,0.25,0.5,10,2,0.6657551825046539,0.7723291516304016,0.0150610057515708,0.5,0.3333333333333333
0020_000282,20,Scene20,282,data/kitti_vkitti/kitti/training/image_02/0020/000282.png,data/kitti_vkitti/vkitti/Scene20/clone/frames/rgb/Camera_0/rgb_00282.jpg,2,3,3,0.0159370191447486,0.0054492753623188,0.0320901771336554,0.1715555555555555,0.3202831949312199,0.2710027322030837,0.3710517657488801,3,0,0,1,1,1,0.25,0.5,10,3,0.538972944021225,0.7982159852981567,0.012946864432838,0.5,0.0
0020_000283,20,Scene20,283,data/kitti_vkitti/kitti/training/image_02/0020/000283.png,data/kitti_vkitti/vkitti/Scene20/clone/frames/rgb/Camera_0/rgb_00283.jpg,3,4,4,0.0147815351583467,0.0053848631239935,0.0365002683843263,0.1606666666666666,0.3205269594687043,0.5883389404307093,0.5900051997487836,2,0,2,1,2,2,0.25,0.5,10,2,0.6919452846050262,0.7650666832923889,0.0189828206621554,0.6666666666666666,0.5
0020_000284,20,Scene20,284,data/kitti_vkitti/kitti/training/image_02/0020/000284.png,data/kitti_vkitti/vkitti/Scene20/clone/frames/rgb/Camera_0/rgb_00284.jpg,3,4,4,0.0165389157273215,0.005610305958132,0.0422716049382716,0.1673333333333333,0.3281295906875901,0.5522948200712601,0.5667152257613557,2,0,2,1,1,2,0.25,0.5,10,2,0.6866944432258606,0.825711190700531,0.02138855213753,0.6666666666666666,0.5
0020_000285,20,Scene20,285,data/kitti_vkitti/kitti/training/image_02/0020/000285.png,data/kitti_vkitti/vkitti/Scene20/clone/frames/rgb/Camera_0/rgb_00285.jpg,4,5,5,0.0159652173913043,0.0035942028985507,0.0498765432098765,0.1578666666666666,0.338976039068338,0.6452853760578607,0.6750565565903612,2,0,3,1,1,3,0.25,0.5,10,2,0.6461428999900818,0.7903276681900024,0.0243844693828698,0.75,0.6
0020_000286,20,Scene20,286,data/kitti_vkitti/kitti/training/image_02/0020/000286.png,data/kitti_vkitti/vkitti/Scene20/clone/frames/rgb/Camera_0/rgb_00286.jpg,4,5,5,0.0182660225442834,0.0037788513150831,0.0593129361245303,0.1653333333333333,0.3383662109395556,0.5950345614294573,0.5306436672003296,2,1,3,2,2,2,0.25,0.5,10,3,0.5773129363854727,0.8659385442733765,0.0218218374793309,0.5,0.6
0020_000287,20,Scene20,287,data/kitti_vkitti/kitti/training/image_02/0020/000287.png,data/kitti_vkitti/vkitti/Scene20/clone/frames/rgb/Camera_0/rgb_00287.jpg,4,5,5,0.0210177133655394,0.0038475577026301,0.0704347826086956,0.1733333333333333,0.3325005294012398,0.6457609576722025,0.4883145027763806,2,0,3,2,2,2,0.25,0.5,10,2,0.6930365264415741,0.8585649728775024,0.0333019249087941,0.5,0.6
0020_000288,20,Scene20,288,data/kitti_vkitti/kitti/training/image_02/0020/000288.png,data/kitti_vkitti/vkitti/Scene20/clone/frames/rgb/Camera_0/rgb_00288.jpg,4,5,5,0.0245410628019323,0.0041095008051529,0.0846376811594202,0.1829333333333333,0.3234665824676623,0.5017790164386805,0.4017748861280716,3,0,2,2,3,2,0.25,0.5,10,3,0.6028028428554535,0.8540287017822266,0.0302826604294109,0.5,0.4
0020_000289,20,Scene20,289,data/kitti_vkitti/kitti/training/image_02/0020/000289.png,data/kitti_vkitti/vkitti/Scene20/clone/frames/rgb/Camera_0/rgb_00289.jpg,4,5,5,0.0291916264090177,0.0043800322061191,0.1040901771336554,0.1941333333333333,0.3150761348447054,0.5139275974604784,0.3896481308606568,3,0,2,3,3,1,0.25,0.5,10,3,0.6475594441095988,0.8822734951972961,0.0355411563346895,0.25,0.4
0020_000291,20,Scene20,291,data/kitti_vkitti/kitti/training/image_02/0020/000291.png,data/kitti_vkitti/vkitti/Scene20/clone/frames/rgb/Camera_0/rgb_00291.jpg,5,6,6,0.034027196278404,0.0018786902844873,0.1511733762748255,0.1884444444444444,0.3027578289286729,0.6989579371106478,0.5305244526893513,2,0,4,3,0,2,0.25,0.5,10,2,0.7340314984321594,0.9125943183898926,0.0717852210120659,0.4,0.6666666666666666
0020_000292,20,Scene20,292,data/kitti_vkitti/kitti/training/image_02/0020/000292.png,data/kitti_vkitti/vkitti/Scene20/clone/frames/rgb/Camera_0/rgb_00292.jpg,5,6,6,0.033725890141349,0.0018786902844873,0.1437380568974771,0.1906666666666666,0.3009080273225769,0.5415407780302848,0.5115555083852075,3,0,3,3,0,2,0.25,0.5,10,3,0.6764075656731924,0.906251072883606,0.0529560644507327,0.4,0.5
0020_000293,20,Scene20,293,data/kitti_vkitti/kitti/training/image_02/0020/000293.png,data/kitti_vkitti/vkitti/Scene20/clone/frames/rgb/Camera_0/rgb_00293.jpg,6,7,7,0.0291946936584617,0.0016639828234031,0.1360558239398819,0.1767619047619047,0.2989428730805258,0.6177245255320392,0.5743383143889522,3,0,4,3,1,3,0.25,0.5,10,3,0.7252076268196106,0.8993183970451355,0.0492969212194308,0.5,0.5714285714285714
0020_000294,20,Scene20,294,data/kitti_vkitti/kitti/training/image_02/0020/000294.png,data/kitti_vkitti/vkitti/Scene20/clone/frames/rgb/Camera_0/rgb_00294.jpg,6,7,7,0.0293548040794417,0.0017176596886741,0.1276908212560386,0.1805714285714285,0.3004589519328934,0.6116155813573567,0.5911712309378279,3,1,4,3,0,3,0.25,0.5,10,4,0.5853292867541313,0.8973321318626404,0.0368429444103475,0.5,0.5714285714285714
0020_000295,20,Scene20,295,data/kitti_vkitti/kitti/training/image_02/0020/000295.png,data/kitti_vkitti/vkitti/Scene20/clone/frames/rgb/Camera_0/rgb_00295.jpg,6,7,7,0.0286266390614216,0.0017176596886741,0.1179001610305958,0.184,0.3000098933830107,0.6024909205160853,0.5786026311336239,3,2,4,3,1,3,0.25,0.5,10,5,0.5297062397003174,0.847945511341095,0.0279462604140736,0.5,0.5714285714285714
0020_000296,20,Scene20,296,data/kitti_vkitti/kitti/training/image_02/0020/000296.png,data/kitti_vkitti/vkitti/Scene20/clone/frames/rgb/Camera_0/rgb_00296.jpg,6,7,7,0.0270132658538455,0.0018980139559849,0.1067096081588835,0.1893333333333333,0.2948762127287844,0.6323527187279359,0.3562412683612668,3,0,4,4,5,2,0.25,0.5,10,3,0.6551831761995951,0.7957706451416016,0.0374122173241612,0.3333333333333333,0.5714285714285714
0020_000297,20,Scene20,297,data/kitti_vkitti/kitti/training/image_02/0020/000297.png,data/kitti_vkitti/vkitti/Scene20/clone/frames/rgb/Camera_0/rgb_00297.jpg,6,7,7,0.0249017713365539,0.0018980139559849,0.0939753086419753,0.1931428571428571,0.294327883552777,0.5478506160941468,0.4565411151776212,4,0,3,3,5,3,0.25,0.5,10,4,0.5495024845004082,0.6900613903999329,0.0326380002298791,0.5,0.4285714285714285
0020_000298,20,Scene20,298,data/kitti_vkitti/kitti/training/image_02/0020/000298.png,data/kitti_vkitti/vkitti/Scene20/clone/frames/rgb/Camera_0/rgb_00298.jpg,6,7,7,0.0216047849091327,0.0019538378958668,0.0788405797101449,0.1931428571428571,0.294438857840506,0.5808580051329955,0.4795909619469284,4,0,3,3,2,3,0.25,0.5,10,4,0.7179447412490845,0.7937413454055786,0.0233456898582686,0.5,0.4285714285714285
0020_000299,20,Scene20,299,data/kitti_vkitti/kitti/training/image_02/0020/000299.png,data/kitti_vkitti/vkitti/Scene20/clone/frames/rgb/Camera_0/rgb_00299.jpg,5,6,6,0.0184422973698336,0.0020289855072463,0.0602254428341384,0.2008888888888889,0.2918053066422489,0.6925168097471457,0.4732659283244147,2,1,4,2,3,3,0.25,0.5,10,3,0.7283896406491598,0.8078587651252747,0.0171603699339496,0.6,0.6666666666666666
0020_000300,20,Scene20,300,data/kitti_vkitti/kitti/training/image_02/0020/000300.png,data/kitti_vkitti/vkitti/Scene20/clone/frames/rgb/Camera_0/rgb_00300.jpg,5,6,6,0.012913938092682,0.0021449275362318,0.0379946323134728,0.1982222222222222,0.2863879258627766,0.7537028373061779,0.5331315339898142,1,2,5,2,5,3,0.25,0.5,10,3,0.5521532595157623,0.7412251830101013,0.0085388601349535,0.6,0.8333333333333334
0020_000314,20,Scene20,314,data/kitti_vkitti/kitti/training/image_02/0020/000314.png,data/kitti_vkitti/vkitti/Scene20/clone/frames/rgb/Camera_0/rgb_00314.jpg,2,3,3,0.0069286097691894,0.0038926462694578,0.0110767579173376,0.1306666666666666,0.3531422605327692,0.6870499098969151,0.3556296569545309,1,0,2,1,1,1,0.25,0.5,10,1,0.3589727878570556,0.3589727878570556,0.0112477309236096,0.5,0.6666666666666666
0020_000315,20,Scene20,315,data/kitti_vkitti/kitti/training/image_02/0020/000315.png,data/kitti_vkitti/vkitti/Scene20/clone/frames/rgb/Camera_0/rgb_00315.jpg,2,3,3,0.0071182680264805,0.003972088030059,0.0112420826623725,0.1324444444444444,0.3999160114931641,0.6990807069038171,0.388997049653376,1,0,2,1,2,1,0.25,0.5,10,1,0.4130030870437622,0.4130030870437622,0.0115355393474764,0.5,0.6666666666666666
0020_000316,20,Scene20,316,data/kitti_vkitti/kitti/training/image_02/0020/000316.png,data/kitti_vkitti/vkitti/Scene20/clone/frames/rgb/Camera_0/rgb_00316.jpg,3,3,3,0.0073451422436929,0.0042426194310252,0.0110767579173376,0.1342222222222222,0.4168818666919263,0.7003183966704583,0.3499293947624661,1,0,2,3,2,0,0.25,0.5,10,1,0.4397205710411072,0.4397205710411072,0.0117898153263697,0.0,0.6666666666666666
0020_000317,20,Scene20,317,data/kitti_vkitti/kitti/training/image_02/0020/000317.png,data/kitti_vkitti/vkitti/Scene20/clone/frames/rgb/Camera_0/rgb_00317.jpg,3,3,3,0.0075920558239398,0.0043242082662372,0.0113880837359098,0.136,0.4185042552071821,0.7066577679101156,0.5637895596238507,1,0,2,1,1,2,0.25,0.5,10,1,0.5635400414466858,0.5635400414466858,0.0118013450484752,0.6666666666666666,0.6666666666666666
0020_000319,20,Scene20,319,data/kitti_vkitti/kitti/training/image_02/0020/000319.png,data/kitti_vkitti/vkitti/Scene20/clone/frames/rgb/Camera_0/rgb_00319.jpg,4,4,4,0.0070214707461084,0.0034009661835748,0.0117037037037037,0.1306666666666666,0.4211197457190069,0.8016889642020887,0.5931660814595157,1,0,3,1,2,3,0.25,0.5,10,1,0.4277715981006622,0.4277715981006622,0.0095154235465147,0.75,0.75
0020_000320,20,Scene20,320,data/kitti_vkitti/kitti/training/image_02/0020/000320.png,data/kitti_vkitti/vkitti/Scene20/clone/frames/rgb/Camera_0/rgb_00320.jpg,4,4,4,0.0072109500805152,0.0034782608695652,0.0117037037037037,0.132,0.4217344910696431,0.7899456631369226,0.267707412457752,1,0,3,4,1,0,0.25,0.5,10,1,0.4984490871429443,0.4984490871429443,0.0109182975078406,0.0,0.75
0020_000321,20,Scene20,321,data/kitti_vkitti/kitti/training/image_02/0020/000321.png,data/kitti_vkitti/vkitti/Scene20/clone/frames/rgb/Camera_0/rgb_00321.jpg,4,4,4,0.0074632313472893,0.0036543209876543,0.0115340848094471,0.134,0.4220988370012525,0.7895819431799005,0.6530060080694974,1,0,3,1,1,3,0.25,0.5,10,1,0.5241938829421997,0.5241938829421997,0.0113803845276547,0.75,0.75
0020_000322,20,Scene20,322,data/kitti_vkitti/kitti/training/image_02/0020/000322.png,data/kitti_vkitti/vkitti/Scene20/clone/frames/rgb/Camera_0/rgb_00322.jpg,4,4,4,0.0077241009125067,0.0037337627482555,0.0117037037037037,0.1359999999999999,0.4230214307515813,0.7919646490795003,0.4797231318921522,1,0,3,2,1,2,0.25,0.5,10,1,0.4529224634170532,0.4529224634170532,0.0120955670404013,0.5,0.75
0020_000323,20,Scene20,323,data/kitti_vkitti/kitti/training/image_02/0020/000323.png,data/kitti_vkitti/vkitti/Scene20/clone/frames/rgb/Camera_0/rgb_00323.jpg,4,4,4,0.0081207729468599,0.0040193236714975,0.0117037037037037,0.14,0.4237460305431888,0.7749491133331188,0.4528578612578193,1,0,3,3,0,1,0.25,0.5,10,1,0.5507614612579346,0.5507614612579346,0.0112837426453524,0.25,0.75
0020_000324,20,Scene20,324,data/kitti_vkitti/kitti/training/image_02/0020/000324.png,data/kitti_vkitti/vkitti/Scene20/clone/frames/rgb/Camera_0/rgb_00324.jpg,4,4,4,0.0084186795491143,0.004122383252818,0.0117037037037037,0.1426666666666666,0.4192954058918253,0.7810511331710983,0.4899688076939712,1,0,3,2,1,2,0.25,0.5,10,1,0.5387322306632996,0.5387322306632996,0.0120898694885605,0.5,0.75
0020_000325,20,Scene20,325,data/kitti_vkitti/kitti/training/image_02/0020/000325.png,data/kitti_vkitti/vkitti/Scene20/clone/frames/rgb/Camera_0/rgb_00325.jpg,4,4,4,0.008695652173913,0.0042082662372517,0.0123113258185721,0.1446666666666666,0.4136852767516024,0.7881907152084311,0.5742209321733353,1,0,3,1,2,3,0.25,0.5,10,1,0.5444484949111938,0.5444484949111938,0.0113182125380637,0.75,0.75
0020_000326,20,Scene20,326,data/kitti_vkitti/kitti/training/image_02/0020/000326.png,data/kitti_vkitti/vkitti/Scene20/clone/frames/rgb/Camera_0/rgb_00326.jpg,4,4,4,0.0091481481481481,0.0044895330112721,0.013391304347826,0.1473333333333333,0.4111770473514151,0.309777744587007,0.377398082333904,3,1,1,2,3,2,0.25,0.5,10,4,0.4392716437578201,0.7300100922584534,0.0075256441913165,0.5,0.25
0020_000327,20,Scene20,327,data/kitti_vkitti/kitti/training/image_02/0020/000327.png,data/kitti_vkitti/vkitti/Scene20/clone/frames/rgb/Camera_0/rgb_00327.jpg,4,4,4,0.0095330112721417,0.0046892109500805,0.014374664519592,0.15,0.4087238335806679,0.5110556270150491,0.4266083222972548,2,1,2,2,4,2,0.25,0.5,10,3,0.4659964144229889,0.6625807285308838,0.009286967907915,0.5,0.5
0020_000328,20,Scene20,328,data/kitti_vkitti/kitti/training/image_02/0020/000328.png,data/kitti_vkitti/vkitti/Scene20/clone/frames/rgb/Camera_0/rgb_00328.jpg,4,4,4,0.0099951690821256,0.0047793880837359,0.0157681159420289,0.1526666666666666,0.4062490817046089,0.4389314349238438,0.5042289591763994,3,0,1,3,0,1,0.25,0.5,10,3,0.4204812844594319,0.6789658665657043,0.0080981060101592,0.25,0.25
0020_000329,20,Scene20,329,data/kitti_vkitti/kitti/training/image_02/0020/000329.png,data/kitti_vkitti/vkitti/Scene20/clone/frames/rgb/Camera_0/rgb_00329.jpg,4,4,4,0.010671497584541,0.0049855072463768,0.0176231884057971,0.1573333333333333,0.4046810941660615,0.7942344304807705,0.509347658458695,1,0,3,2,1,2,0.25,0.5,10,1,0.6578800082206726,0.6578800082206726,0.0116830725656023,0.5,0.75
0020_000330,20,Scene20,330,data/kitti_vkitti/kitti/training/image_02/0020/000330.png,data/kitti_vkitti/vkitti/Scene20/clone/frames/rgb/Camera_0/rgb_00330.jpg,6,6,6,0.0086763285024154,0.002975845410628,0.0190660225442834,0.1382222222222222,0.4037868754801974,0.7947446881353735,0.6768241118268739,1,1,5,2,1,4,0.25,0.5,10,2,0.4127098470926285,0.4337179362773895,0.0097197152432864,0.6666666666666666,0.8333333333333334
0020_000331,20,Scene20,331,data/kitti_vkitti/kitti/training/image_02/0020/000331.png,data/kitti_vkitti/vkitti/Scene20/clone/frames/rgb/Camera_0/rgb_00331.jpg,6,6,6,0.0091876901055645,0.0031561996779388,0.0211014492753623,0.1417777777777777,0.4036185869302095,0.6711297327982488,0.5624909963733586,3,0,3,3,1,3,0.25,0.5,10,3,0.5112718244393667,0.6310990452766418,0.0112327814075711,0.5,0.5
0020_000332,20,Scene20,332,data/kitti_vkitti/kitti/training/image_02/0020/000332.png,data/kitti_vkitti/vkitti/Scene20/clone/frames/rgb/Camera_0/rgb_00332.jpg,6,6,6,0.0097187332259796,0.003139023081052,0.0234159957058507,0.1444444444444444,0.4040457958384642,0.6559096904991264,0.4857751415797326,3,0,3,3,3,3,0.25,0.5,10,3,0.5242825051148733,0.6186782717704773,0.0117476851153991,0.5,0.5
0020_000333,20,Scene20,333,data/kitti_vkitti/kitti/training/image_02/0020/000333.png,data/kitti_vkitti/vkitti/Scene20/clone/frames/rgb/Camera_0/rgb_00333.jpg,6,6,6,0.0103360171765968,0.0032313472893183,0.0260354267310789,0.148,0.4051977139970319,0.6396911559706109,0.4601185954583975,3,0,3,4,3,2,0.25,0.5,10,3,0.5661112368106842,0.6760234236717224,0.0118981640545068,0.3333333333333333,0.5
0020_000334,20,Scene20,334,data/kitti_vkitti/kitti/training/image_02/0020/000334.png,data/kitti_vkitti/vkitti/Scene20/clone/frames/rgb/Camera_0/rgb_00334.jpg,6,6,6,0.0109822866344605,0.0033064949006977,0.0289855072463768,0.1506666666666667,0.4064401039857703,0.6269458102170471,0.489413082713161,3,0,3,4,3,2,0.25,0.5,10,3,0.5432380636533102,0.6790005564689636,0.013173207447453,0.3333333333333333,0.5
0020_000335,20,Scene20,335,data/kitti_vkitti/kitti/training/image_02/0020/000335.png,data/kitti_vkitti/vkitti/Scene20/clone/frames/rgb/Camera_0/rgb_00335.jpg,7,7,7,0.0118417299286864,0.0034009661835748,0.0326355340848094,0.1542857142857143,0.3985353330596866,0.5209530867062324,0.4932570681861714,4,1,3,5,2,2,0.25,0.5,10,5,0.4778634548187256,0.722408652305603,0.0106981631143659,0.2857142857142857,0.4285714285714285
0020_000336,20,Scene20,336,data/kitti_vkitti/kitti/training/image_02/0020/000336.png,data/kitti_vkitti/vkitti/Scene20/clone/frames/rgb/Camera_0/rgb_00336.jpg,7,7,7,0.0127422743654627,0.0034782608695652,0.0367149758454106,0.1584761904761905,0.388571719659415,0.6626385893560234,0.4004814330228967,3,0,4,5,3,2,0.25,0.5,10,3,0.6533435980478922,0.751767098903656,0.0162950058275129,0.2857142857142857,0.5714285714285714
0020_000337,20,Scene20,337,data/kitti_vkitti/kitti/training/image_02/0020/000337.png,data/kitti_vkitti/vkitti/Scene20/clone/frames/rgb/Camera_0/rgb_00337.jpg,7,7,7,0.0137759374281113,0.0035748792270531,0.0420418679549114,0.163047619047619,0.3743048803847894,0.7662770708831353,0.3706192259425366,2,0,5,4,4,3,0.25,0.5,10,2,0.5487615019083023,0.6216591596603394,0.0227048527876188,0.4285714285714285,0.7142857142857143
0020_000338,20,Scene20,338,data/kitti_vkitti/kitti/training/image_02/0020/000338.png,data/kitti_vkitti/vkitti/Scene20/clone/frames/rgb/Camera_0/rgb_00338.jpg,7,7,7,0.014938118242466,0.0036543209876543,0.0477960279119699,0.1672380952380952,0.3634770820835044,0.5910583203675093,0.4065222193670885,4,0,3,5,3,2,0.25,0.5,10,4,0.4154076352715492,0.6326333284378052,0.0174666206762477,0.2857142857142857,0.4285714285714285
0020_000339,20,Scene20,339,data/kitti_vkitti/kitti/training/image_02/0020/000339.png,data/kitti_vkitti/vkitti/Scene20/clone/frames/rgb/Camera_0/rgb_00339.jpg,7,7,7,0.0162260562840272,0.0038346752549651,0.0550767579173376,0.1718095238095238,0.3466780587919548,0.4187144710460905,0.4208135444755764,5,0,2,4,2,3,0.25,0.5,10,5,0.4911096811294556,0.6491738557815552,0.0184561956611632,0.4285714285714285,0.2857142857142857
0020_000340,20,Scene20,340,data/kitti_vkitti/kitti/training/image_02/0020/000340.png,data/kitti_vkitti/vkitti/Scene20/clone/frames/rgb/Camera_0/rgb_00340.jpg,7,7,7,0.0180437083045778,0.0038346752549651,0.0652538915727321,0.1775238095238095,0.3357113068737962,0.3809473355823238,0.3547368537052632,5,1,2,6,1,1,0.25,0.5,10,6,0.5180848191181818,0.8250173330307007,0.0163275971499132,0.1428571428571428,0.2857142857142857
0020_000341,20,Scene20,341,data/kitti_vkitti/kitti/training/image_02/0020/000341.png,data/kitti_vkitti/vkitti/Scene20/clone/frames/rgb/Camera_0/rgb_00341.jpg,8,8,8,0.0239256575415995,0.0040193236714975,0.0757487922705314,0.1996666666666667,0.327065551029859,0.462934711809748,0.4747346212713969,5,2,3,5,3,3,0.25,0.5,10,7,0.5787842444011143,0.8315864205360413,0.0162203132711717,0.375,0.375
0020_000342,20,Scene20,342,data/kitti_vkitti/kitti/training/image_02/0020/000342.png,data/kitti_vkitti/vkitti/Scene20/clone/frames/rgb/Camera_0/rgb_00342.jpg,8,8,8,0.0261014492753623,0.0041030595813204,0.0919806763285024,0.2083333333333333,0.3085412648795427,0.456466515090147,0.3628278922005333,5,1,3,7,1,1,0.25,0.5,10,6,0.6420110513766607,0.8730752468109131,0.0262425383084189,0.125,0.375
0020_000343,20,Scene20,343,data/kitti_vkitti/kitti/training/image_02/0020/000343.png,data/kitti_vkitti/vkitti/Scene20/clone/frames/rgb/Camera_0/rgb_00343.jpg,8,8,8,0.0283993558776167,0.0042941492216854,0.1111540526033279,0.2166666666666666,0.307657200593603,0.4549368688663566,0.426227563204715,5,2,3,6,2,2,0.25,0.5,10,7,0.5612149919782367,0.8828176856040955,0.024462011054141,0.25,0.375
0020_000344,20,Scene20,344,data/kitti_vkitti/kitti/training/image_02/0020/000344.png,data/kitti_vkitti/vkitti/Scene20/clone/frames/rgb/Camera_0/rgb_00344.jpg,8,8,8,0.0300673644659151,0.0042941492216854,0.1274074074074074,0.2203333333333333,0.3074872533232294,0.3912413244360246,0.3577361098447664,6,2,2,6,3,2,0.25,0.5,10,8,0.6002757921814919,0.8944931030273438,0.0251038891694461,0.25,0.25
0020_000345,20,Scene20,345,data/kitti_vkitti/kitti/training/image_02/0020/000345.png,data/kitti_vkitti/vkitti/Scene20/clone/frames/rgb/Camera_0/rgb_00345.jpg,9,9,9,0.0287743782429772,0.0034245840042941,0.1450241545893719,0.2068148148148148,0.3082160378053529,0.3754844277424531,0.4361644637159187,7,3,2,6,2,3,0.25,0.5,10,10,0.5347504258155823,0.916604459285736,0.0227713209249388,0.3333333333333333,0.2222222222222222
0020_000346,20,Scene20,346,data/kitti_vkitti/kitti/training/image_02/0020/000346.png,data/kitti_vkitti/vkitti/Scene20/clone/frames/rgb/Camera_0/rgb_00346.jpg,9,9,9,0.0293018429057076,0.003671497584541,0.1522061191626409,0.2091851851851852,0.3088284845231705,0.3886697935386283,0.3290548188580169,6,4,3,7,3,2,0.25,0.5,10,10,0.4995288610458374,0.8893333077430725,0.0231593395784979,0.2222222222222222,0.3333333333333333
0020_000347,20,Scene20,347,data/kitti_vkitti/kitti/training/image_02/0020/000347.png,data/kitti_vkitti/vkitti/Scene20/clone/frames/rgb/Camera_0/rgb_00347.jpg,9,9,9,0.0281102164966899,0.003671497584541,0.1457262479871175,0.2103703703703703,0.3116333385957711,0.4375825663718111,0.4257648118832925,6,5,3,6,4,3,0.25,0.5,10,11,0.538256517865441,0.8176323771476746,0.0282821954604471,0.3333333333333333,0.3333333333333333
0020_000348,20,Scene20,348,data/kitti_vkitti/kitti/training/image_02/0020/000348.png,data/kitti_vkitti/vkitti/Scene20/clone/frames/rgb/Camera_0/rgb_00348.jpg,8,8,8,0.0297917337627482,0.0038604401502952,0.1382887815351583,0.1986666666666666,0.3167917569174744,0.3640428266971435,0.4073610758883708,7,3,1,6,1,2,0.25,0.5,10,10,0.5363090366125107,0.8319205641746521,0.023493506916153,0.25,0.125
0020_000349,20,Scene20,349,data/kitti_vkitti/kitti/training/image_02/0020/000349.png,data/kitti_vkitti/vkitti/Scene20/clone/frames/rgb/Camera_0/rgb_00349.jpg,8,8,8,0.0297694578636607,0.0038003220611916,0.1306366076221148,0.201,0.3207779230210602,0.4075564620235353,0.2421472522863197,6,1,2,8,3,0,0.25,0.5,10,7,0.6278212411063058,0.8239418268203735,0.0299597917228991,0.0,0.25
0020_000350,20,Scene20,350,data/kitti_vkitti/kitti/training/image_02/0020/000350.png,data/kitti_vkitti/vkitti/Scene20/clone/frames/rgb/Camera_0/rgb_00350.jpg,8,8,8,0.0296599570585077,0.0039935587761674,0.1209876543209876,0.204,0.3221022049614263,0.3783345917013834,0.2615427859210442,6,0,2,7,4,1,0.25,0.5,10,6,0.6734470228354136,0.8926575183868408,0.0319340533842536,0.125,0.25
0020_000351,20,Scene20,351,data/kitti_vkitti/kitti/training/image_02/0020/000351.png,data/kitti_vkitti/vkitti/Scene20/clone/frames/rgb/Camera_0/rgb_00351.jpg,8,8,8,0.0296980676328502,0.0039935587761674,0.1095738056897477,0.208,0.3207627082609748,0.3905789372689319,0.3726393788854146,6,2,2,6,2,2,0.25,0.5,10,8,0.6495815813541412,0.88243168592453,0.0255614016652736,0.25,0.25
0020_000352,20,Scene20,352,data/kitti_vkitti/kitti/training/image_02/0020/000352.png,data/kitti_vkitti/vkitti/Scene20/clone/frames/rgb/Camera_0/rgb_00352.jpg,8,8,8,0.0297015566290928,0.004191089640365,0.0965496511003757,0.2116666666666666,0.3211455274541378,0.3749376396094456,0.3388660757075059,6,1,2,7,2,1,0.25,0.5,10,7,0.613919837134225,0.8838939666748047,0.0293274473199627,0.125,0.25
0020_000353,20,Scene20,353,data/kitti_vkitti/kitti/training/image_02/0020/000353.png,data/kitti_vkitti/vkitti/Scene20/clone/frames/rgb/Camera_0/rgb_00353.jpg,8,8,8,0.0297482555018786,0.0043285024154589,0.0834138486312399,0.2156666666666666,0.320518994242893,0.4228940849962974,0.4387392783133703,5,3,3,5,4,3,0.25,0.5,10,8,0.5196247845888138,0.8321623206138611,0.0244491426854795,0.375,0.375
0020_000354,20,Scene20,354,data/kitti_vkitti/kitti/training/image_02/0020/000354.png,data/kitti_vkitti/vkitti/Scene20/clone/frames/rgb/Camera_0/rgb_00354.jpg,8,8,8,0.0298142780461621,0.004463768115942,0.1007063875469672,0.2193333333333333,0.3194995126982623,0.523801842862174,0.4925090757599788,4,1,4,5,4,3,0.25,0.5,10,5,0.646205049753189,0.8596287369728088,0.0269166204177347,0.375,0.5
0020_000355,20,Scene20,355,data/kitti_vkitti/kitti/training/image_02/0020/000355.png,data/kitti_vkitti/vkitti/Scene20/clone/frames/rgb/Camera_0/rgb_00355.jpg,8,8,8,0.0301470746108427,0.0045346215780998,0.123671497584541,0.2229999999999999,0.3194645111721554,0.5160849546239078,0.5140874178768263,4,1,4,5,2,3,0.25,0.5,10,5,0.6616455912590027,0.8342877626419067,0.0307616385936086,0.375,0.5
0020_000356,20,Scene20,356,data/kitti_vkitti/kitti/training/image_02/0020/000356.png,data/kitti_vkitti/vkitti/Scene20/clone/frames/rgb/Camera_0/rgb_00356.jpg,7,7,7,0.0330339697875929,0.0046054750402576,0.1418464841653247,0.2102857142857142,0.3222628145622178,0.5007400267613085,0.364221941410477,4,0,3,5,3,2,0.25,0.5,10,4,0.6155075877904892,0.8796535730361938,0.0436821355581483,0.2857142857142857,0.4285714285714285
0020_000357,20,Scene20,357,data/kitti_vkitti/kitti/training/image_02/0020/000357.png,data/kitti_vkitti/vkitti/Scene20/clone/frames/rgb/Camera_0/rgb_00357.jpg,7,7,7,0.036703933747412,0.004818035426731,0.1619323671497584,0.2133333333333333,0.3246187953227453,0.4534810404461493,0.4194681432379074,5,0,2,5,2,2,0.25,0.5,10,5,0.6203275382518768,0.8949517011642456,0.0398892584961649,0.2857142857142857,0.2857142857142857
0020_000358,20,Scene20,358,data/kitti_vkitti/kitti/training/image_02/0020/000358.png,data/kitti_vkitti/vkitti/Scene20/clone/frames/rgb/Camera_0/rgb_00358.jpg,8,9,9,0.0299256873620802,0.0024347826086956,0.1619323671497584,0.1854814814814814,0.327001298769642,0.4702174553696987,0.4579890641515132,6,0,3,5,3,3,0.25,0.5,10,6,0.6093740612268448,0.8971287608146667,0.0348362165589449,0.375,0.3333333333333333
0020_000359,20,Scene20,359,data/kitti_vkitti/kitti/training/image_02/0020/000359.png,data/kitti_vkitti/vkitti/Scene20/clone/frames/rgb/Camera_0/rgb_00359.jpg,8,9,9,0.0301647283354207,0.0025764895330112,0.1553623188405797,0.1896296296296296,0.3345525349162746,0.5387751187984864,0.4737157800675801,5,0,4,5,3,3,0.25,0.5,10,5,0.6687891364097596,0.862716019153595,0.0407687905024723,0.375,0.4444444444444444
0020_000360,20,Scene20,360,data/kitti_vkitti/kitti/training/image_02/0020/000360.png,data/kitti_vkitti/vkitti/Scene20/clone/frames/rgb/Camera_0/rgb_00360.jpg,8,9,9,0.0301673525377229,0.0025764895330112,0.145992485238862,0.1922962962962963,0.3461248797532968,0.5021293727020086,0.4859311893090458,5,2,4,5,1,3,0.25,0.5,10,7,0.5319732001849583,0.873236894607544,0.0291424650641908,0.375,0.4444444444444444
0020_000361,20,Scene20,361,data/kitti_vkitti/kitti/training/image_02/0020/000361.png,data/kitti_vkitti/vkitti/Scene20/clone/frames/rgb/Camera_0/rgb_00361.jpg,8,9,9,0.0303214647820122,0.0026409017713365,0.1360515297906602,0.1961481481481481,0.3443833664866913,0.5104113009998652,0.4562874268814384,5,3,4,5,3,3,0.25,0.5,10,8,0.5370695814490318,0.830022394657135,0.0264635887175053,0.375,0.4444444444444444
0020_000371,20,Scene20,371,data/kitti_vkitti/kitti/training/image_02/0020/000371.png,data/kitti_vkitti/vkitti/Scene20/clone/frames/rgb/Camera_0/rgb_00371.jpg,10,10,10,0.023523564143854,0.0023660762211486,0.1747632850241545,0.156,0.3176570364055445,0.4985295632836065,0.4960739912644598,6,1,4,6,3,4,0.25,0.5,10,7,0.5444978177547455,0.8959346413612366,0.0295744015864882,0.4,0.4
0020_000391,20,Scene20,391,data/kitti_vkitti/kitti/training/image_02/0020/000391.png,data/kitti_vkitti/vkitti/Scene20/clone/frames/rgb/Camera_0/rgb_00391.jpg,8,9,9,0.0202920021470746,0.0029951690821256,0.088695652173913,0.1712592592592592,0.3394632313472893,0.4078534421736096,0.3053019696027336,6,3,3,7,2,1,0.25,0.5,10,9,0.6063940789964464,0.8407555222511292,0.0191355912871646,0.125,0.3333333333333333
0020_000392,20,Scene20,392,data/kitti_vkitti/kitti/training/image_02/0020/000392.png,data/kitti_vkitti/vkitti/Scene20/clone/frames/rgb/Camera_0/rgb_00392.jpg,9,9,9,0.0227475398103417,0.0029951690821256,0.1065636070853462,0.1786666666666666,0.3354903518465894,0.3409284619026638,0.3109638440355364,7,3,2,7,4,2,0.25,0.5,10,10,0.5381936609745026,0.780125081539154,0.0190765267525688,0.2222222222222222,0.2222222222222222
0020_000393,20,Scene20,393,data/kitti_vkitti/kitti/training/image_02/0020/000393.png,data/kitti_vkitti/vkitti/Scene20/clone/frames/rgb/Camera_0/rgb_00393.jpg,9,9,9,0.0262880658436213,0.0031604938271604,0.1327214170692431,0.1884444444444444,0.3344578278761853,0.4084607757002253,0.3801002844034129,7,0,2,7,2,2,0.25,0.5,10,7,0.5560010841914585,0.7962920069694519,0.0243284712890478,0.2222222222222222,0.2222222222222222
0020_000394,20,Scene20,394,data/kitti_vkitti/kitti/training/image_02/0020/000394.png,data/kitti_vkitti/vkitti/Scene20/clone/frames/rgb/Camera_0/rgb_00394.jpg,9,10,10,0.0270647342995169,0.003126140633387,0.1553623188405797,0.1832,0.3352649932114552,0.5399358350298525,0.3673875715978489,6,1,4,6,3,3,0.25,0.5,10,7,0.5827307062489646,0.8673324584960938,0.0304219958354933,0.3333333333333333,0.4
0020_000395,20,Scene20,395,data/kitti_vkitti/kitti/training/image_02/0020/000395.png,data/kitti_vkitti/vkitti/Scene20/clone/frames/rgb/Camera_0/rgb_00395.jpg,8,9,9,0.0323626170453867,0.0033000536768652,0.180422973698336,0.1863703703703703,0.3331325355477671,0.6761630950268596,0.3610494516192906,3,1,6,5,3,3,0.25,0.5,10,4,0.653394028544426,0.893098771572113,0.0492211510824527,0.375,0.6666666666666666
0020_000396,20,Scene20,396,data/kitti_vkitti/kitti/training/image_02/0020/000396.png,data/kitti_vkitti/vkitti/Scene20/clone/frames/rgb/Camera_0/rgb_00396.jpg,8,9,9,0.0309694041867954,0.0036070853462157,0.1834954374664519,0.184,0.3322582720259333,0.6119647559025547,0.3892622300643709,4,0,5,6,1,2,0.25,0.5,10,4,0.6190202459692955,0.9334056377410888,0.0493634684157438,0.25,0.5555555555555556
0020_000397,20,Scene20,397,data/kitti_vkitti/kitti/training/image_02/0020/000397.png,data/kitti_vkitti/vkitti/Scene20/clone/frames/rgb/Camera_0/rgb_00397.jpg,8,7,7,0.0314715129207882,0.0037230273752012,0.177829307568438,0.1786666666666666,0.3376139433551198,0.5174339891932793,0.3665836261686059,4,0,3,6,2,2,0.25,0.5,10,4,0.6662101373076439,0.9073784947395324,0.0490518449276694,0.25,0.4285714285714285
0020_000398,20,Scene20,398,data/kitti_vkitti/kitti/training/image_02/0020/000398.png,data/kitti_vkitti/vkitti/Scene20/clone/frames/rgb/Camera_0/rgb_00398.jpg,9,8,8,0.0284251207729468,0.0039076757917337,0.1695072463768115,0.176,0.3481036658141517,0.4565801433399162,0.4337630419612654,5,0,3,6,1,3,0.25,0.5,10,5,0.581364917755127,0.8345257043838501,0.03910700558412,0.3333333333333333,0.375
0020_000399,20,Scene20,399,data/kitti_vkitti/kitti/training/image_02/0020/000399.png,data/kitti_vkitti/vkitti/Scene20/clone/frames/rgb/Camera_0/rgb_00399.jpg,10,9,9,0.0287118745154171,0.0041374127750939,0.160654857756307,0.184,0.354615322113816,0.500219640185033,0.4901189703732607,5,0,4,6,1,4,0.25,0.5,10,5,0.5752230167388916,0.8221648335456848,0.038333038748887,0.4,0.4444444444444444
0020_000400,20,Scene20,400,data/kitti_vkitti/kitti/training/image_02/0020/000400.png,data/kitti_vkitti/vkitti/Scene20/clone/frames/rgb/Camera_0/rgb_00400.jpg,9,10,10,0.0262784755770263,0.0020933977455716,0.1483306494900697,0.1778666666666666,0.3525027017355519,0.4648876049592035,0.3912847397317528,6,1,4,7,2,2,0.25,0.5,10,7,0.5801470024245126,0.8286694288253784,0.0284695323532939,0.2222222222222222,0.4
0020_000401,20,Scene20,401,data/kitti_vkitti/kitti/training/image_02/0020/000401.png,data/kitti_vkitti/vkitti/Scene20/clone/frames/rgb/Camera_0/rgb_00401.jpg,10,11,11,0.024927536231884,0.0022329575952764,0.1316049382716049,0.1864242424242424,0.3547125888036374,0.4928526769121615,0.3529585316263346,7,1,4,8,3,2,0.25,0.5,10,8,0.5853964015841484,0.8841352462768555,0.0258782958309855,0.2,0.3636363636363636
0020_000402,20,Scene20,402,data/kitti_vkitti/kitti/training/image_02/0020/000402.png,data/kitti_vkitti/vkitti/Scene20/clone/frames/rgb/Camera_0/rgb_00402.jpg,10,11,11,0.0229867759722832,0.0022887815351583,0.109500805152979,0.1835151515151515,0.357374683464368,0.4324221910045887,0.3660220221081867,8,1,3,7,3,3,0.25,0.5,10,9,0.5802577469083998,0.8031976222991943,0.0240106812298534,0.3,0.2727272727272727
0020_000417,20,Scene20,417,data/kitti_vkitti/kitti/training/image_02/0020/000417.png,data/kitti_vkitti/vkitti/Scene20/clone/frames/rgb/Camera_0/rgb_00417.jpg,11,11,11,0.024272092909774,0.0024927536231884,0.1346537842190016,0.1730909090909091,0.3430421773862524,0.5498267027057239,0.5610829827177803,6,1,5,6,2,5,0.25,0.5,10,7,0.6084240078926086,0.904602348804474,0.024978786369367,0.4545454545454545,0.4545454545454545
0020_000418,20,Scene20,418,data/kitti_vkitti/kitti/training/image_02/0020/000418.png,data/kitti_vkitti/vkitti/Scene20/clone/frames/rgb/Camera_0/rgb_00418.jpg,10,11,11,0.022457229297809,0.0027053140096618,0.1194460547504025,0.1772121212121212,0.3321338595771105,0.5384975451595118,0.5306472861823135,6,1,5,6,1,4,0.25,0.5,10,7,0.6622754292828696,0.8912956118583679,0.0227435872493619,0.4,0.4545454545454545
0020_000432,20,Scene20,432,data/kitti_vkitti/kitti/training/image_02/0020/000432.png,data/kitti_vkitti/vkitti/Scene20/clone/frames/rgb/Camera_0/rgb_00432.jpg,8,9,9,0.0242032563964931,0.0022544283413848,0.1219194847020933,0.1674074074074074,0.3583426857377411,0.4898821295199435,0.4743163646796099,6,0,3,5,1,3,0.25,0.5,10,6,0.6435652474562327,0.9069161415100098,0.0287962937898729,0.375,0.3333333333333333
0020_000437,20,Scene20,437,data/kitti_vkitti/kitti/training/image_02/0020/000437.png,data/kitti_vkitti/vkitti/Scene20/clone/frames/rgb/Camera_0/rgb_00437.jpg,9,10,10,0.0128951154052603,0.0022544283413848,0.0442125603864734,0.1418666666666666,0.3385946175786471,0.677002299140814,0.5781447848097457,4,1,6,5,1,4,0.25,0.5,10,5,0.6018481612205505,0.8508142232894897,0.0161142441312623,0.4444444444444444,0.6
0020_000440,20,Scene20,440,data/kitti_vkitti/kitti/training/image_02/0020/000440.png,data/kitti_vkitti/vkitti/Scene20/clone/frames/rgb/Camera_0/rgb_00440.jpg,7,8,8,0.0175,0.0021792807300053,0.055029522275899,0.151,0.3071373643606664,0.4382788411574236,0.266963160276731,6,1,2,7,2,0,0.25,0.5,10,7,0.457652074950082,0.8807932734489441,0.0150480275785723,0.0,0.25
0020_000441,20,Scene20,441,data/kitti_vkitti/kitti/training/image_02/0020/000441.png,data/kitti_vkitti/vkitti/Scene20/clone/frames/rgb/Camera_0/rgb_00441.jpg,7,8,8,0.0200120772946859,0.0021792807300053,0.0735845410628019,0.165,0.3150143664551166,0.5010320322375639,0.2919588752508616,5,1,3,7,1,0,0.25,0.5,10,6,0.5044233103593191,0.91161447763443,0.0199771763653605,0.0,0.375
0020_000447,20,Scene20,447,data/kitti_vkitti/kitti/training/image_02/0020/000447.png,data/kitti_vkitti/vkitti/Scene20/clone/frames/rgb/Camera_0/rgb_00447.jpg,7,7,7,0.0231752166244919,0.0021900161030595,0.0513064949006978,0.1977142857142857,0.3396588845736899,0.40296944844369,0.5624951085178038,5,2,2,3,2,4,0.25,0.5,10,7,0.5837321877479553,0.8310427069664001,0.0153174190226867,0.5714285714285714,0.2857142857142857
0020_000448,20,Scene20,448,data/kitti_vkitti/kitti/training/image_02/0020/000448.png,data/kitti_vkitti/vkitti/Scene20/clone/frames/rgb/Camera_0/rgb_00448.jpg,6,6,6,0.0198010377527285,0.0021900161030595,0.0565217391304347,0.1688888888888888,0.3295223685179923,0.2968700953223703,0.3663726328256196,6,2,0,5,1,1,0.25,0.5,10,8,0.4788203872740268,0.723508894443512,0.0128435989499062,0.1666666666666666,0.0
0020_000449,20,Scene20,449,data/kitti_vkitti/kitti/training/image_02/0020/000449.png,data/kitti_vkitti/vkitti/Scene20/clone/frames/rgb/Camera_0/rgb_00449.jpg,6,6,6,0.0191751655036679,0.0022544283413848,0.0520751476113795,0.1813333333333333,0.3178267479187058,0.45958902015116,0.4513703693215078,4,1,2,4,2,2,0.25,0.5,10,5,0.6052998721599578,0.8860434889793396,0.0147796399334611,0.3333333333333333,0.3333333333333333
0020_000450,20,Scene20,450,data/kitti_vkitti/kitti/training/image_02/0020/000450.png,data/kitti_vkitti/vkitti/Scene20/clone/frames/rgb/Camera_0/rgb_00450.jpg,6,6,6,0.0166842011093218,0.0021900161030595,0.0373590982286634,0.1871111111111111,0.3026396556260722,0.5241012227237936,0.4216841533203852,3,1,3,4,3,2,0.25,0.5,10,4,0.593569926917553,0.8593306541442871,0.0123792916121969,0.3333333333333333,0.5
0020_000451,20,Scene20,451,data/kitti_vkitti/kitti/training/image_02/0020/000451.png,data/kitti_vkitti/vkitti/Scene20/clone/frames/rgb/Camera_0/rgb_00451.jpg,6,6,6,0.0137505814993737,0.0022544283413848,0.0494471282877079,0.1933333333333333,0.3016494837548546,0.4518508783357061,0.361337674167423,4,1,2,3,7,3,0.25,0.5,10,5,0.555162113904953,0.8365046977996826,0.0078518334088799,0.5,0.3333333333333333
0020_000452,20,Scene20,452,data/kitti_vkitti/kitti/training/image_02/0020/000452.png,data/kitti_vkitti/vkitti/Scene20/clone/frames/rgb/Camera_0/rgb_00452.jpg,5,5,5,0.0151291465378421,0.0021900161030595,0.0575201288244766,0.1381333333333333,0.2992055066148842,0.3726541872209004,0.5079316377120497,3,2,2,3,5,2,0.25,0.5,10,5,0.4077067494392395,0.532459557056427,0.0062817157652264,0.4,0.4
0020_000459,20,Scene20,459,data/kitti_vkitti/kitti/training/image_02/0020/000459.png,data/kitti_vkitti/vkitti/Scene20/clone/frames/rgb/Camera_0/rgb_00459.jpg,8,9,9,0.0135876423927953,0.0023295759527643,0.0418142780461621,0.1549629629629629,0.295629482281372,0.3675936474014434,0.4922340579463209,6,2,3,5,4,3,0.25,0.5,10,8,0.5583230368793011,0.8030140995979309,0.012080283884021,0.375,0.3333333333333333
0020_000460,20,Scene20,460,data/kitti_vkitti/kitti/training/image_02/0020/000460.png,data/kitti_vkitti/vkitti/Scene20/clone/frames/rgb/Camera_0/rgb_00460.jpg,7,8,8,0.0161843800322061,0.0023961352657004,0.0580397208803005,0.1466666666666666,0.3026640985970341,0.3953422072380874,0.4433597975357425,6,2,2,5,1,2,0.25,0.5,10,8,0.4899295605719089,0.8678687214851379,0.013174509271398,0.2857142857142857,0.25
0020_000463,20,Scene20,463,data/kitti_vkitti/kitti/training/image_02/0020/000463.png,data/kitti_vkitti/vkitti/Scene20/clone/frames/rgb/Camera_0/rgb_00463.jpg,9,10,10,0.0208976918947933,0.0022608695652173,0.1147654320987654,0.1789333333333333,0.3298822098028691,0.5390194767562182,0.4252394785376991,6,0,4,7,1,2,0.25,0.5,10,6,0.5292325268189112,0.89413982629776,0.0196142233362514,0.2222222222222222,0.4
0020_000464,20,Scene20,464,data/kitti_vkitti/kitti/training/image_02/0020/000464.png,data/kitti_vkitti/vkitti/Scene20/clone/frames/rgb/Camera_0/rgb_00464.jpg,8,9,9,0.0234202898550724,0.0024648416532474,0.1422222222222222,0.1694814814814814,0.3421218738488417,0.4969392822889963,0.4050363968976576,6,0,3,6,1,2,0.25,0.5,10,6,0.5801688134670258,0.9003853797912598,0.026140740938282,0.25,0.3333333333333333
0020_000465,20,Scene20,465,data/kitti_vkitti/kitti/training/image_02/0020/000465.png,data/kitti_vkitti/vkitti/Scene20/clone/frames/rgb/Camera_0/rgb_00465.jpg,7,8,8,0.0243228663446054,0.0025421363392377,0.1238733225979602,0.1713333333333333,0.3581883658025744,0.2908713206351602,0.2622823661317497,7,1,1,7,4,0,0.25,0.5,10,8,0.5493846051394939,0.7796578407287598,0.0202680803506109,0.0,0.125
0020_000466,20,Scene20,466,data/kitti_vkitti/kitti/training/image_02/0020/000466.png,data/kitti_vkitti/vkitti/Scene20/clone/frames/rgb/Camera_0/rgb_00466.jpg,7,8,8,0.0230990338164251,0.0025421363392377,0.0983875469672571,0.178,0.3435745255912349,0.3095852740052532,0.2096028580171266,7,0,1,7,2,0,0.25,0.5,10,7,0.6569506824016571,0.7908904552459717,0.0198795274820407,0.0,0.125
0020_000467,20,Scene20,467,data/kitti_vkitti/kitti/training/image_02/0020/000467.png,data/kitti_vkitti/vkitti/Scene20/clone/frames/rgb/Camera_0/rgb_00467.jpg,7,8,8,0.0203242082662372,0.0026215780998389,0.0620161030595813,0.1863333333333333,0.3362699925273383,0.3004117586530062,0.2650877336211239,6,3,2,6,6,1,0.25,0.5,10,9,0.564721898900138,0.8457139730453491,0.0131247545046981,0.1428571428571428,0.25
0020_000468,20,Scene20,468,data/kitti_vkitti/kitti/training/image_02/0020/000468.png,data/kitti_vkitti/vkitti/Scene20/clone/frames/rgb/Camera_0/rgb_00468.jpg,6,7,7,0.0155567824553331,0.0026108427267847,0.0405797101449275,0.1596190476190476,0.338808853525307,0.2852444281671983,0.2163160357194854,6,1,1,6,4,0,0.25,0.5,10,7,0.5968804061412811,0.8575026392936707,0.0135949242169206,0.0,0.1428571428571428
0020_000469,20,Scene20,469,data/kitti_vkitti/kitti/training/image_02/0020/000469.png,data/kitti_vkitti/vkitti/Scene20/clone/frames/rgb/Camera_0/rgb_00469.jpg,6,7,7,0.0162125603864734,0.0026924315619967,0.0451680085882984,0.1691428571428571,0.3391564859545535,0.3096763975292361,0.3423160035865433,6,0,1,5,6,1,0.25,0.5,10,6,0.6341094275315603,0.8451724052429199,0.0145328944087468,0.1666666666666666,0.1428571428571428
0020_000470,20,Scene20,470,data/kitti_vkitti/kitti/training/image_02/0020/000470.png,data/kitti_vkitti/vkitti/Scene20/clone/frames/rgb/Camera_0/rgb_00470.jpg,6,7,7,0.0173244383099455,0.0026924315619967,0.0622222222222222,0.1794285714285714,0.3471319503646869,0.4367054287894919,0.3242156418090554,5,0,2,5,7,1,0.25,0.5,10,5,0.699323296546936,0.8165524005889893,0.0165996640654713,0.1666666666666666,0.2857142857142857
0020_000471,20,Scene20,471,data/kitti_vkitti/kitti/training/image_02/0020/000471.png,data/kitti_vkitti/vkitti/Scene20/clone/frames/rgb/Camera_0/rgb_00471.jpg,6,7,7,0.0219658001686987,0.0028470209339774,0.0908556092324208,0.1718095238095238,0.3387293865050046,0.3982673868242263,0.3174376096338016,4,2,3,5,4,1,0.25,0.5,10,6,0.5970611423254013,0.8483015298843384,0.0173690720457485,0.1666666666666666,0.4285714285714285
0020_000472,20,Scene20,472,data/kitti_vkitti/kitti/training/image_02/0020/000472.png,data/kitti_vkitti/vkitti/Scene20/clone/frames/rgb/Camera_0/rgb_00472.jpg,7,7,7,0.0304470516064718,0.0028470209339774,0.138305958132045,0.1923809523809523,0.3340221317082925,0.437494205399675,0.4065816755952666,5,0,2,5,3,2,0.25,0.5,10,5,0.6816213607788086,0.8745555281639099,0.0296184509772097,0.2857142857142857,0.2857142857142857
0020_000473,20,Scene20,473,data/kitti_vkitti/kitti/training/image_02/0020/000473.png,data/kitti_vkitti/vkitti/Scene20/clone/frames/rgb/Camera_0/rgb_00473.jpg,8,8,8,0.0273035426731078,0.0029307568438003,0.1238003220611916,0.1893333333333333,0.3460297853977876,0.3223668423248191,0.3296837977839344,6,2,2,6,3,2,0.25,0.5,10,8,0.587912417948246,0.8891627192497253,0.0235924487127302,0.25,0.25
0020_000474,20,Scene20,474,data/kitti_vkitti/kitti/training/image_02/0020/000474.png,data/kitti_vkitti/vkitti/Scene20/clone/frames/rgb/Camera_0/rgb_00474.jpg,8,8,8,0.0268494363929146,0.0029307568438003,0.0986215780998389,0.1976666666666666,0.3434094113437109,0.3014284644677936,0.3363003267057038,6,5,2,7,6,1,0.25,0.5,10,11,0.5476843552155928,0.8608720302581787,0.0162828235665168,0.125,0.25
0020_000475,20,Scene20,475,data/kitti_vkitti/kitti/training/image_02/0020/000475.png,data/kitti_vkitti/vkitti/Scene20/clone/frames/rgb/Camera_0/rgb_00475.jpg,8,8,8,0.0244476650563607,0.0030059044551798,0.0623252818035426,0.208,0.3355037394882805,0.3717892459976429,0.378916749153382,5,3,3,5,5,3,0.25,0.5,10,8,0.6185879074037075,0.803100049495697,0.0174120880191887,0.375,0.375
0020_000476,20,Scene20,476,data/kitti_vkitti/kitti/training/image_02/0020/000476.png,data/kitti_vkitti/vkitti/Scene20/clone/frames/rgb/Camera_0/rgb_00476.jpg,8,8,8,0.0189487385936661,0.0030059044551798,0.0466902844873859,0.1756666666666666,0.3334329660151769,0.464765391741083,0.325177782491298,5,0,3,6,2,2,0.25,0.5,10,5,0.6946435928344726,0.8573362231254578,0.0217165928955957,0.25,0.375
0020_000477,20,Scene20,477,data/kitti_vkitti/kitti/training/image_02/0020/000477.png,data/kitti_vkitti/vkitti/Scene20/clone/frames/rgb/Camera_0/rgb_00477.jpg,8,8,8,0.0206519055287171,0.0031690821256038,0.0644294149221685,0.188,0.3323671918579562,0.4190126487624581,0.3846765616644801,6,1,2,6,0,2,0.25,0.5,10,7,0.6469386986323765,0.8871890306472778,0.0168791518601604,0.25,0.25
0020_000478,20,Scene20,478,data/kitti_vkitti/kitti/training/image_02/0020/000478.png,data/kitti_vkitti/vkitti/Scene20/clone/frames/rgb/Camera_0/rgb_00478.jpg,7,7,7,0.0251916264090177,0.0031690821256038,0.0934149221685453,0.1805714285714285,0.3293780514245419,0.4053269572908069,0.3890674293812758,5,0,2,5,2,2,0.25,0.5,10,5,0.7103551506996155,0.8795194625854492,0.0245723301502418,0.2857142857142857,0.2857142857142857
0020_000479,20,Scene20,479,data/kitti_vkitti/kitti/training/image_02/0020/000479.png,data/kitti_vkitti/vkitti/Scene20/clone/frames/rgb/Camera_0/rgb_00479.jpg,7,7,7,0.032261329652634,0.0031690821256038,0.1322082662372517,0.2026666666666666,0.3273663940723901,0.3557879152905833,0.4170682725750686,5,1,2,5,0,2,0.25,0.5,10,6,0.5504975865284601,0.9059492349624634,0.0268137723649226,0.2857142857142857,0.2857142857142857
0020_000480,20,Scene20,480,data/kitti_vkitti/kitti/training/image_02/0020/000480.png,data/kitti_vkitti/vkitti/Scene20/clone/frames/rgb/Camera_0/rgb_00480.jpg,7,8,8,0.0281196994095544,0.0020397208803005,0.1219023081052066,0.1966666666666666,0.337087884815762,0.4808102654990516,0.2953475382584087,5,1,3,6,3,1,0.25,0.5,10,6,0.5642318477233251,0.9168824553489684,0.0254207066597862,0.1428571428571428,0.375
0020_000481,20,Scene20,481,data/kitti_vkitti/kitti/training/image_02/0020/000481.png,data/kitti_vkitti/vkitti/Scene20/clone/frames/rgb/Camera_0/rgb_00481.jpg,8,9,9,0.0236610007753324,0.0019130434782608,0.097842190016103,0.1905185185185185,0.3361521139212529,0.4995421451745383,0.44998689812174,5,1,4,5,1,3,0.25,0.5,10,6,0.6468739062547684,0.903470516204834,0.0249488845675852,0.375,0.4444444444444444
0020_000482,20,Scene20,482,data/kitti_vkitti/kitti/training/image_02/0020/000482.png,data/kitti_vkitti/vkitti/Scene20/clone/frames/rgb/Camera_0/rgb_00482.jpg,8,8,8,0.0221409017713365,0.0020440150295222,0.0652238325281803,0.1953333333333333,0.3376678475577026,0.4376617814168538,0.3889958904960711,6,0,2,5,4,3,0.25,0.5,10,6,0.6897343198458353,0.8473487496376038,0.020001151355699,0.375,0.25
0020_000483,20,Scene20,483,data/kitti_vkitti/kitti/training/image_02/0020/000483.png,data/kitti_vkitti/vkitti/Scene20/clone/frames/rgb/Camera_0/rgb_00483.jpg,6,7,7,0.0170750709301433,0.0021792807300053,0.0420182501341921,0.1645714285714286,0.3461819245787418,0.4760598778659373,0.3287433216706735,5,0,2,4,3,2,0.25,0.5,10,5,0.5010860323905945,0.8044546842575073,0.0176162399393232,0.3333333333333333,0.2857142857142857
0020_000484,20,Scene20,484,data/kitti_vkitti/kitti/training/image_02/0020/000484.png,data/kitti_vkitti/vkitti/Scene20/clone/frames/rgb/Camera_0/rgb_00484.jpg,6,7,7,0.0183538072233724,0.0023832528180354,0.0579989264626945,0.176,0.3549355898666498,0.6650752554482919,0.4461851888454183,3,0,4,4,1,2,0.25,0.5,10,3,0.6652750571568807,0.7797117829322815,0.0236371599921428,0.3333333333333333,0.5714285714285714
0020_000485,20,Scene20,485,data/kitti_vkitti/kitti/training/image_02/0020/000485.png,data/kitti_vkitti/vkitti/Scene20/clone/frames/rgb/Camera_0/rgb_00485.jpg,7,7,7,0.0207367533164634,0.0024476650563607,0.0859774557165861,0.1619047619047618,0.354537471714397,0.65979041508619,0.6051014345887156,3,0,4,3,3,4,0.25,0.5,10,3,0.5914154946804047,0.8747038245201111,0.0296965460605909,0.5714285714285714,0.5714285714285714
0020_000486,20,Scene20,486,data/kitti_vkitti/kitti/training/image_02/0020/000486.png,data/kitti_vkitti/vkitti/Scene20/clone/frames/rgb/Camera_0/rgb_00486.jpg,7,8,8,0.0256905528717122,0.0019323671497584,0.1322597960279119,0.1679999999999999,0.3522710450148927,0.7037101908477941,0.5398275256943794,3,0,5,3,3,4,0.25,0.5,10,3,0.5631895363330841,0.783345103263855,0.0428288589543098,0.5714285714285714,0.625
0020_000487,20,Scene20,487,data/kitti_vkitti/kitti/training/image_02/0020/000487.png,data/kitti_vkitti/vkitti/Scene20/clone/frames/rgb/Camera_0/rgb_00487.jpg,7,8,8,0.0258357487922705,0.0020654857756307,0.1176038647342995,0.177,0.3444468862155704,0.4328822291862633,0.4416464223931234,6,0,2,5,2,2,0.25,0.5,10,6,0.5838566422462463,0.8830512166023254,0.0271507528042518,0.2857142857142857,0.25
0020_000488,20,Scene20,488,data/kitti_vkitti/kitti/training/image_02/0020/000488.png,data/kitti_vkitti/vkitti/Scene20/clone/frames/rgb/Camera_0/rgb_00488.jpg,7,8,8,0.0254997316156736,0.0022608695652173,0.0929597423510467,0.185,0.3347583257027985,0.4330701840330311,0.4268310040886982,6,1,2,5,2,2,0.25,0.5,10,7,0.6063958874770573,0.8641037940979004,0.0214877430385728,0.2857142857142857,0.25
0020_000489,20,Scene20,489,data/kitti_vkitti/kitti/training/image_02/0020/000489.png,data/kitti_vkitti/vkitti/Scene20/clone/frames/rgb/Camera_0/rgb_00489.jpg,7,8,8,0.0226731078904991,0.0024648416532474,0.0562104133118625,0.1943333333333333,0.334929047604012,0.478001123966038,0.3527115201500596,5,2,3,5,6,2,0.25,0.5,10,7,0.6193808487483433,0.8589017391204834,0.0170859183687551,0.2857142857142857,0.375
0020_000490,20,Scene20,490,data/kitti_vkitti/kitti/training/image_02/0020/000490.png,data/kitti_vkitti/vkitti/Scene20/clone/frames/rgb/Camera_0/rgb_00490.jpg,6,6,6,0.0232692789407765,0.0037337627482555,0.0739731615673644,0.1866666666666666,0.3300484523170514,0.4680394701302226,0.4898303238029823,4,1,2,4,1,2,0.25,0.5,10,5,0.5990938544273376,0.7715930342674255,0.0196137653710542,0.3333333333333333,0.3333333333333333
0020_000491,20,Scene20,491,data/kitti_vkitti/kitti/training/image_02/0020/000491.png,data/kitti_vkitti/vkitti/Scene20/clone/frames/rgb/Camera_0/rgb_00491.jpg,6,6,6,0.0277863660762211,0.0039162640901771,0.1109028448738593,0.2013333333333333,0.3206558513045583,0.5124718158374684,0.5968894979488373,3,1,3,3,7,3,0.25,0.5,10,4,0.5691688358783722,0.8449586033821106,0.0272234396319959,0.5,0.5
0020_000492,20,Scene20,492,data/kitti_vkitti/kitti/training/image_02/0020/000492.png,data/kitti_vkitti/vkitti/Scene20/clone/frames/rgb/Camera_0/rgb_00492.jpg,5,6,6,0.0278414743245661,0.0025228126677402,0.1237101449275362,0.1826666666666666,0.3212278488206876,0.5783982028608967,0.3624098757617388,3,1,3,4,2,1,0.25,0.5,10,4,0.5515474900603294,0.8206248879432678,0.029299671579876,0.2,0.5
0020_000493,20,Scene20,493,data/kitti_vkitti/kitti/training/image_02/0020/000493.png,data/kitti_vkitti/vkitti/Scene20/clone/frames/rgb/Camera_0/rgb_00493.jpg,5,6,6,0.0255154768294864,0.0027353730542136,0.1020504562533548,0.1879999999999999,0.3179858840369212,0.5863962179463433,0.4960080270774523,3,0,3,2,3,3,0.25,0.5,10,3,0.7096080780029297,0.8775492310523987,0.0315992815970943,0.6,0.5
0020_000495,20,Scene20,495,data/kitti_vkitti/kitti/training/image_02/0020/000495.png,data/kitti_vkitti/vkitti/Scene20/clone/frames/rgb/Camera_0/rgb_00495.jpg,6,5,5,0.0119016639828234,0.0020096618357487,0.0328695652173913,0.1914666666666666,0.348035894035553,0.4473836565405514,0.6445145530153567,3,1,2,2,5,4,0.25,0.5,10,4,0.685322567820549,0.8022063970565796,0.0074351063405435,0.6666666666666666,0.4
0020_000498,20,Scene20,498,data/kitti_vkitti/kitti/training/image_02/0020/000498.png,data/kitti_vkitti/vkitti/Scene20/clone/frames/rgb/Camera_0/rgb_00498.jpg,3,4,4,0.0113236714975845,0.0024047235641438,0.0305314009661835,0.1346666666666666,0.3288199130645279,0.3477565218971312,0.3850659801255812,3,1,1,2,3,1,0.25,0.5,10,4,0.6243463009595871,0.9008516669273376,0.0097609635205008,0.3333333333333333,0.25
0020_000499,20,Scene20,499,data/kitti_vkitti/kitti/training/image_02/0020/000499.png,data/kitti_vkitti/vkitti/Scene20/clone/frames/rgb/Camera_0/rgb_00499.jpg,4,5,5,0.0120450885668276,0.0026151368760064,0.0407020933977455,0.1317333333333333,0.3195972845821098,0.4876105176238472,0.4490709294574877,3,0,2,3,2,1,0.25,0.5,10,3,0.5593774219353994,0.8624899983406067,0.0152380137658044,0.25,0.4
0020_000505,20,Scene20,505,data/kitti_vkitti/kitti/training/image_02/0020/000505.png,data/kitti_vkitti/vkitti/Scene20/clone/frames/rgb/Camera_0/rgb_00505.jpg,6,7,7,0.0101400199371213,0.0042512077294685,0.0200150295222759,0.1329523809523809,0.3879840106090745,0.3570894874203737,0.418103894772673,5,0,2,4,4,2,0.25,0.5,10,5,0.6146963000297546,0.8277313709259033,0.0105234443745723,0.3333333333333333,0.2857142857142857
0020_000506,20,Scene20,506,data/kitti_vkitti/kitti/training/image_02/0020/000506.png,data/kitti_vkitti/vkitti/Scene20/clone/frames/rgb/Camera_0/rgb_00506.jpg,6,6,6,0.0127521918053319,0.0046505636070853,0.0240042941492216,0.1471111111111111,0.3539356003915254,0.2678375674874674,0.2999713868386986,5,0,1,5,5,1,0.25,0.5,10,5,0.6018620431423187,0.7428035736083984,0.011915422442252,0.1666666666666666,0.1666666666666666
0020_000507,20,Scene20,507,data/kitti_vkitti/kitti/training/image_02/0020/000507.png,data/kitti_vkitti/vkitti/Scene20/clone/frames/rgb/Camera_0/rgb_00507.jpg,6,6,6,0.015112542494185,0.0051078904991948,0.0302823403113258,0.156,0.3534361403176407,0.2894196011489538,0.3112845375539796,5,0,1,5,4,1,0.25,0.5,10,5,0.7013660192489624,0.8915113210678101,0.0140519349708625,0.1666666666666666,0.1666666666666666
0020_000509,20,Scene20,509,data/kitti_vkitti/kitti/training/image_02/0020/000509.png,data/kitti_vkitti/vkitti/Scene20/clone/frames/rgb/Camera_0/rgb_00509.jpg,7,7,7,0.0193129361245303,0.0016639828234031,0.0489017713365539,0.1660952380952381,0.3439576815804153,0.3437025099703463,0.4212369460023185,5,1,2,5,3,2,0.25,0.5,10,6,0.6678808579842249,0.8759322762489319,0.0187749518745455,0.2857142857142857,0.2857142857142857
0020_000510,20,Scene20,510,data/kitti_vkitti/kitti/training/image_02/0020/000510.png,data/kitti_vkitti/vkitti/Scene20/clone/frames/rgb/Camera_0/rgb_00510.jpg,8,7,7,0.0215044858523119,0.0017863660762211,0.0565410628019323,0.1820952380952381,0.3315085640912296,0.363678720414996,0.5172991515381764,4,2,3,4,3,4,0.25,0.5,10,6,0.6797378957271576,0.8419255614280701,0.0194523978739325,0.5,0.4285714285714285
0020_000511,20,Scene20,511,data/kitti_vkitti/kitti/training/image_02/0020/000511.png,data/kitti_vkitti/vkitti/Scene20/clone/frames/rgb/Camera_0/rgb_00511.jpg,8,7,7,0.0224286481098075,0.0017863660762211,0.0749157273215244,0.1927619047619047,0.3139537200172608,0.4152957195733215,0.5069302724034057,5,1,2,5,3,3,0.25,0.5,10,6,0.6497444659471512,0.846795380115509,0.0257931001306276,0.375,0.2857142857142857
0020_000512,20,Scene20,512,data/kitti_vkitti/kitti/training/image_02/0020/000512.png,data/kitti_vkitti/vkitti/Scene20/clone/frames/rgb/Camera_0/rgb_00512.jpg,8,8,8,0.0207944176060118,0.0019710144927536,0.0994782608695652,0.1883333333333333,0.2976572890025575,0.602963617419503,0.5190681231353255,4,0,4,5,1,3,0.25,0.5,10,4,0.7368721961975098,0.8283888101577759,0.034262869179977,0.375,0.5
0020_000513,20,Scene20,513,data/kitti_vkitti/kitti/training/image_02/0020/000513.png,data/kitti_vkitti/vkitti/Scene20/clone/frames/rgb/Camera_0/rgb_00513.jpg,7,7,7,0.0269973161567364,0.0021041331186258,0.1392592592592592,0.1828571428571428,0.2938058665656279,0.5151014521237172,0.5886368130316844,4,1,3,3,2,4,0.25,0.5,10,5,0.5995752573013305,0.8732665181159973,0.0300031942599805,0.5714285714285714,0.4285714285714285
0020_000514,20,Scene20,514,data/kitti_vkitti/kitti/training/image_02/0020/000514.png,data/kitti_vkitti/vkitti/Scene20/clone/frames/rgb/Camera_0/rgb_00514.jpg,7,6,6,0.0348219717301842,0.0022415458937198,0.1690155662909286,0.1995555555555555,0.2993731215728374,0.4005041556768427,0.5631643339460162,4,1,2,3,2,4,0.25,0.5,10,5,0.6029335498809815,0.8725815415382385,0.0354017727525032,0.5714285714285714,0.3333333333333333
0020_000515,20,Scene20,515,data/kitti_vkitti/kitti/training/image_02/0020/000515.png,data/kitti_vkitti/vkitti/Scene20/clone/frames/rgb/Camera_0/rgb_00515.jpg,6,6,6,0.0334682411880479,0.0023038110574342,0.1559634997316156,0.2053333333333332,0.3163914243314073,0.4667603142352504,0.5728963429726786,4,0,2,3,0,3,0.25,0.5,10,4,0.7097998559474945,0.8836055397987366,0.0449235282024548,0.5,0.3333333333333333
0020_000516,20,Scene20,516,data/kitti_vkitti/kitti/training/image_02/0020/000516.png,data/kitti_vkitti/vkitti/Scene20/clone/frames/rgb/Camera_0/rgb_00516.jpg,6,7,7,0.0297195000383406,0.0024476650563607,0.1366870638754696,0.2057142857142857,0.3161190237125446,0.4455478271337982,0.3833757165833548,5,0,2,4,2,2,0.25,0.5,10,5,0.6690149307250977,0.865612268447876,0.0340338828692924,0.3333333333333333,0.2857142857142857
0020_000517,20,Scene20,517,data/kitti_vkitti/kitti/training/image_02/0020/000517.png,data/kitti_vkitti/vkitti/Scene20/clone/frames/rgb/Camera_0/rgb_00517.jpg,6,7,7,0.0274546430488459,0.0025958132045088,0.110634460547504,0.211047619047619,0.315054217843874,0.3472290395236203,0.2704886390750284,6,0,1,5,4,1,0.25,0.5,10,6,0.6660013844569524,0.8817604780197144,0.0266527399147362,0.1666666666666666,0.1428571428571428
0020_000518,20,Scene20,518,data/kitti_vkitti/kitti/training/image_02/0020/000518.png,data/kitti_vkitti/vkitti/Scene20/clone/frames/rgb/Camera_0/rgb_00518.jpg,6,7,7,0.0243996626025611,0.0028169618894256,0.0758776167471819,0.2182857142857142,0.3150197299316935,0.3759863495116951,0.3513795994584717,6,0,1,4,2,2,0.25,0.5,10,6,0.7179974019527435,0.8269236087799072,0.0194017146083718,0.3333333333333333,0.1428571428571428
0020_000519,20,Scene20,519,data/kitti_vkitti/kitti/training/image_02/0020/000519.png,data/kitti_vkitti/vkitti/Scene20/clone/frames/rgb/Camera_0/rgb_00519.jpg,5,6,6,0.0174374664519592,0.002975845410628,0.0406226516371443,0.1622222222222222,0.3182717143969772,0.3440945167353221,0.3712384529583299,5,0,1,4,2,1,0.25,0.5,10,5,0.6789980888366699,0.7923574447631836,0.0163337612147353,0.2,0.1666666666666666
0020_000520,20,Scene20,520,data/kitti_vkitti/kitti/training/image_02/0020/000520.png,data/kitti_vkitti/vkitti/Scene20/clone/frames/rgb/Camera_0/rgb_00520.jpg,5,6,6,0.0194356772231168,0.003139023081052,0.0498808373590982,0.1724444444444444,0.3256783892730469,0.3558842623038044,0.3431905179586664,5,0,1,4,1,1,0.25,0.5,10,5,0.6798613429069519,0.8351378440856934,0.017926935344072,0.2,0.1666666666666666
0020_000521,20,Scene20,521,data/kitti_vkitti/kitti/training/image_02/0020/000521.png,data/kitti_vkitti/vkitti/Scene20/clone/frames/rgb/Camera_0/rgb_00521.jpg,5,6,6,0.020415458937198,0.0033816425120772,0.053256038647343,0.1822222222222222,0.319298150779367,0.4328497966354391,0.3794458171787537,4,0,2,4,4,1,0.25,0.5,10,4,0.6956260204315186,0.7528886795043945,0.0215663889563456,0.2,0.3333333333333333
0020_000522,20,Scene20,522,data/kitti_vkitti/kitti/training/image_02/0020/000522.png,data/kitti_vkitti/vkitti/Scene20/clone/frames/rgb/Camera_0/rgb_00522.jpg,6,6,6,0.0209039184111647,0.0036328502415458,0.052,0.1928888888888889,0.3088820856093376,0.4230304009237878,0.4589333689949265,4,0,2,4,0,2,0.25,0.5,10,4,0.688841849565506,0.7896983027458191,0.0232615748176161,0.3333333333333333,0.3333333333333333
0020_000523,20,Scene20,523,data/kitti_vkitti/kitti/training/image_02/0020/000523.png,data/kitti_vkitti/vkitti/Scene20/clone/frames/rgb/Camera_0/rgb_00523.jpg,8,7,7,0.0183007438079901,0.0018980139559849,0.0557681159420289,0.1676190476190476,0.3150962499868439,0.3944323342861445,0.5967949282787712,5,1,2,4,2,4,0.25,0.5,10,6,0.5325761139392853,0.7644644975662231,0.0170313360492087,0.5,0.2857142857142857
0020_000524,20,Scene20,524,data/kitti_vkitti/kitti/training/image_02/0020/000524.png,data/kitti_vkitti/vkitti/Scene20/clone/frames/rgb/Camera_0/rgb_00524.jpg,7,7,7,0.0194635380722337,0.0020289855072463,0.0714546430488459,0.1752380952380952,0.3151905360319114,0.4398148061656128,0.5777981857661265,5,0,2,4,1,3,0.25,0.5,10,5,0.5708155632019043,0.8673635721206665,0.0169548404832203,0.4285714285714285,0.2857142857142857
0020_000525,20,Scene20,525,data/kitti_vkitti/kitti/training/image_02/0020/000525.png,data/kitti_vkitti/vkitti/Scene20/clone/frames/rgb/Camera_0/rgb_00525.jpg,7,6,6,0.0212878869207371,0.0020289855072463,0.0959742351046698,0.1617777777777777,0.3337422542178438,0.4310641111769931,0.5093866369304995,4,0,2,4,2,3,0.25,0.5,10,4,0.6791309043765068,0.8716276288032532,0.0246913300951385,0.4285714285714285,0.3333333333333333
0020_000526,20,Scene20,526,data/kitti_vkitti/kitti/training/image_02/0020/000526.png,data/kitti_vkitti/vkitti/Scene20/clone/frames/rgb/Camera_0/rgb_00526.jpg,6,6,6,0.0270828412954016,0.002224369296833,0.1281481481481481,0.1755555555555555,0.3664923242082662,0.4141622255515815,0.4758897078812021,4,0,2,4,0,2,0.25,0.5,10,4,0.659982405602932,0.8971784114837646,0.0331823064607729,0.3333333333333333,0.3333333333333333
0020_000527,20,Scene20,527,data/kitti_vkitti/kitti/training/image_02/0020/000527.png,data/kitti_vkitti/vkitti/Scene20/clone/frames/rgb/Camera_0/rgb_00527.jpg,6,6,6,0.0280737162283055,0.0023660762211486,0.1302673107890499,0.1879999999999999,0.4143759022449559,0.3350079183580533,0.4252898061057094,5,0,1,4,2,2,0.25,0.5,10,5,0.616243040561676,0.9005694389343262,0.0299893540756171,0.3333333333333333,0.1666666666666666
0020_000528,20,Scene20,528,data/kitti_vkitti/kitti/training/image_02/0020/000528.png,data/kitti_vkitti/vkitti/Scene20/clone/frames/rgb/Camera_0/rgb_00528.jpg,6,6,6,0.0263213455000894,0.0025120772946859,0.114825550187869,0.1928888888888889,0.4167264100702009,0.4242530424349255,0.4276244194597901,4,0,2,4,3,2,0.25,0.5,10,4,0.7679651081562042,0.8873353004455566,0.0310374327567666,0.3333333333333333,0.3333333333333333
0020_000529,20,Scene20,529,data/kitti_vkitti/kitti/training/image_02/0020/000529.png,data/kitti_vkitti/vkitti/Scene20/clone/frames/rgb/Camera_0/rgb_00529.jpg,6,5,5,0.0270518518518518,0.0026409017713365,0.0965797101449275,0.2090666666666666,0.3934101480849988,0.3584982159204961,0.4921738004441128,4,0,1,4,1,2,0.25,0.5,10,4,0.7803126722574234,0.9090192914009094,0.0253664860639233,0.3333333333333333,0.2
0020_000530,20,Scene20,530,data/kitti_vkitti/kitti/training/image_02/0020/000530.png,data/kitti_vkitti/vkitti/Scene20/clone/frames/rgb/Camera_0/rgb_00530.jpg,6,5,5,0.0233408480944712,0.0027954911433172,0.0726892109500805,0.2117333333333333,0.3727063286076642,0.3785367040259791,0.4875159260333108,4,0,1,4,1,2,0.25,0.5,10,4,0.804358959197998,0.8850014805793762,0.020083618450086,0.3333333333333333,0.2
0020_000531,20,Scene20,531,data/kitti_vkitti/kitti/training/image_02/0020/000531.png,data/kitti_vkitti/vkitti/Scene20/clone/frames/rgb/Camera_0/rgb_00531.jpg,6,5,5,0.0184395061728395,0.0029543746645195,0.0417391304347826,0.2138666666666667,0.3358667719154221,0.4329932043106169,0.5440958768404283,3,1,2,3,2,3,0.25,0.5,10,4,0.7439052313566208,0.8804478645324707,0.0135771888993964,0.5,0.4
0020_000532,20,Scene20,532,data/kitti_vkitti/kitti/training/image_02/0020/000532.png,data/kitti_vkitti/vkitti/Scene20/clone/frames/rgb/Camera_0/rgb_00532.jpg,5,4,4,0.0150595813204508,0.0031884057971014,0.0401288244766505,0.156,0.3295830254807237,0.3853877850739967,0.5218831020644392,3,0,1,3,2,2,0.25,0.5,10,3,0.8197727600733439,0.8744551539421082,0.0155038348519528,0.4,0.25
0020_000533,20,Scene20,533,data/kitti_vkitti/kitti/training/image_02/0020/000533.png,data/kitti_vkitti/vkitti/Scene20/clone/frames/rgb/Camera_0/rgb_00533.jpg,5,4,4,0.0179076757917337,0.003358024691358,0.0504004294149221,0.1639999999999999,0.3305381621462326,0.3911125902165459,0.5541486231778832,3,0,1,3,1,2,0.25,0.5,10,3,0.8088149627049764,0.874129593372345,0.017161027529704,0.4,0.25
0020_000534,20,Scene20,534,data/kitti_vkitti/kitti/training/image_02/0020/000534.png,data/kitti_vkitti/vkitti/Scene20/clone/frames/rgb/Camera_0/rgb_00534.jpg,6,6,6,0.0137881553050635,0.0036070853462157,0.0496146001073537,0.1493333333333333,0.3346038626293244,0.6090787594900948,0.5383481776625996,3,0,3,3,2,3,0.25,0.5,10,3,0.7487693826357523,0.8176307678222656,0.0155866915937609,0.5,0.5
0020_000535,20,Scene20,535,data/kitti_vkitti/kitti/training/image_02/0020/000535.png,data/kitti_vkitti/vkitti/Scene20/clone/frames/rgb/Camera_0/rgb_00535.jpg,6,6,6,0.013364108069422,0.0038647342995169,0.0439463231347289,0.1586666666666666,0.3426535063622872,0.5530176358750132,0.4747665804982395,3,3,3,4,2,2,0.25,0.5,10,6,0.5599655161301295,0.8523440957069397,0.0066576996800337,0.3333333333333333,0.5
0020_000539,20,Scene20,539,data/kitti_vkitti/kitti/training/image_02/0020/000539.png,data/kitti_vkitti/vkitti/Scene20/clone/frames/rgb/Camera_0/rgb_00539.jpg,7,6,6,0.0089536589729826,0.0022028985507246,0.0185163714439076,0.1342222222222222,0.4251455611337396,0.3879916142860842,0.4563798982561262,4,3,2,5,0,2,0.25,0.5,10,7,0.5191496142319271,0.8060784935951233,0.0067498874487727,0.2857142857142857,0.3333333333333333
0020_000540,20,Scene20,540,data/kitti_vkitti/kitti/training/image_02/0020/000540.png,data/kitti_vkitti/vkitti/Scene20/clone/frames/rgb/Camera_0/rgb_00540.jpg,8,7,7,0.0092321141016793,0.0022608695652173,0.0215630703166935,0.1329523809523809,0.4150804205740267,0.4933047966510969,0.5258356000716423,4,1,3,4,1,4,0.25,0.5,10,5,0.658238661289215,0.8376120924949646,0.0098464045157273,0.5,0.4285714285714285
0020_000541,20,Scene20,541,data/kitti_vkitti/kitti/training/image_02/0020/000541.png,data/kitti_vkitti/vkitti/Scene20/clone/frames/rgb/Camera_0/rgb_00541.jpg,8,8,8,0.0158209876543209,0.0024047235641438,0.0541041331186258,0.1593333333333333,0.3964217612326734,0.5550184363451433,0.4475799068168752,4,1,4,5,2,3,0.25,0.5,10,5,0.6768870294094086,0.8950119018554688,0.0111278851843408,0.375,0.5
0020_000542,20,Scene20,542,data/kitti_vkitti/kitti/training/image_02/0020/000542.png,data/kitti_vkitti/vkitti/Scene20/clone/frames/rgb/Camera_0/rgb_00542.jpg,8,8,8,0.0165437466451959,0.0026151368760064,0.0514009661835748,0.1683333333333333,0.3730229589635103,0.5509186704449084,0.4149177113773982,4,1,4,4,3,4,0.25,0.5,10,5,0.7144004762172699,0.876204252243042,0.0123371330891654,0.5,0.5
0020_000543,20,Scene20,543,data/kitti_vkitti/kitti/training/image_02/0020/000543.png,data/kitti_vkitti/vkitti/Scene20/clone/frames/rgb/Camera_0/rgb_00543.jpg,8,8,8,0.0161663982823403,0.0018786902844873,0.041992485238862,0.1696666666666667,0.3488470419837285,0.3323304023561828,0.4026417904544077,6,1,2,6,1,2,0.25,0.5,10,7,0.6820968687534332,0.8855003714561462,0.0150616824593066,0.25,0.25
0020_000544,20,Scene20,544,data/kitti_vkitti/kitti/training/image_02/0020/000544.png,data/kitti_vkitti/vkitti/Scene20/clone/frames/rgb/Camera_0/rgb_00544.jpg,9,8,8,0.0163585614600107,0.0018786902844873,0.0427010198604401,0.176,0.3504734046919895,0.3757504673221945,0.4160442427650389,6,0,2,6,1,3,0.25,0.5,10,6,0.7607834140459696,0.8993123173713684,0.0169873255135107,0.3333333333333333,0.25
0020_000545,20,Scene20,545,data/kitti_vkitti/kitti/training/image_02/0020/000545.png,data/kitti_vkitti/vkitti/Scene20/clone/frames/rgb/Camera_0/rgb_00545.jpg,9,8,8,0.0166706924315619,0.0020654857756307,0.0524487385936661,0.183,0.3514598633871155,0.3500337241759315,0.4269065784471225,6,3,2,6,1,3,0.25,0.5,10,9,0.6030744943353865,0.8674486875534058,0.0120548857927151,0.3333333333333333,0.25
0020_000549,20,Scene20,549,data/kitti_vkitti/kitti/training/image_02/0020/000549.png,data/kitti_vkitti/vkitti/Scene20/clone/frames/rgb/Camera_0/rgb_00549.jpg,9,8,8,0.0315386473429951,0.002552871712292,0.1556006441223832,0.207,0.331637792723101,0.4214674884370719,0.5495657967081212,6,1,2,4,1,5,0.25,0.5,10,7,0.6783368246895927,0.8948148488998413,0.0275223415719523,0.5555555555555556,0.25
0020_000550,20,Scene20,550,data/kitti_vkitti/kitti/training/image_02/0020/000550.png,data/kitti_vkitti/vkitti/Scene20/clone/frames/rgb/Camera_0/rgb_00550.jpg,9,9,9,0.0296577801634162,0.0026151368760064,0.1685152979066022,0.2002962962962963,0.3282738825213392,0.5258979007669867,0.4609234014104726,5,1,4,5,1,4,0.25,0.5,10,6,0.6575159331162771,0.888437032699585,0.0335951137154915,0.4444444444444444,0.4444444444444444
0020_000551,20,Scene20,551,data/kitti_vkitti/kitti/training/image_02/0020/000551.png,data/kitti_vkitti/vkitti/Scene20/clone/frames/rgb/Camera_0/rgb_00551.jpg,9,8,8,0.0284286097691894,0.0028341384863123,0.1562533548040794,0.186,0.3387432709208213,0.4129021721223085,0.4592441678571793,6,2,2,6,0,3,0.25,0.5,10,8,0.5601754821836948,0.9100616574287416,0.0255835220989502,0.3333333333333333,0.25
0020_000552,20,Scene20,552,data/kitti_vkitti/kitti/training/image_02/0020/000552.png,data/kitti_vkitti/vkitti/Scene20/clone/frames/rgb/Camera_0/rgb_00552.jpg,9,8,8,0.0274696725711218,0.0029951690821256,0.1417283950617284,0.1906666666666666,0.3491001694504962,0.3622559443169334,0.2633001045789789,6,1,2,8,1,1,0.25,0.5,10,7,0.6416764599936349,0.9089952111244202,0.0276938354578501,0.1111111111111111,0.25
0020_000553,20,Scene20,553,data/kitti_vkitti/kitti/training/image_02/0020/000553.png,data/kitti_vkitti/vkitti/Scene20/clone/frames/rgb/Camera_0/rgb_00553.jpg,8,8,8,0.0263486312399355,0.0032292002147074,0.1245625335480408,0.195,0.3505650384684201,0.2457502596249383,0.2519555358635728,7,2,1,7,3,1,0.25,0.5,10,9,0.599107434352239,0.8681325912475586,0.0209212960318712,0.125,0.125
0020_000554,20,Scene20,554,data/kitti_vkitti/kitti/training/image_02/0020/000554.png,data/kitti_vkitti/vkitti/Scene20/clone/frames/rgb/Camera_0/rgb_00554.jpg,8,8,8,0.0247992485238862,0.0034009661835748,0.10211486849168,0.2016666666666666,0.3541684022186437,0.2893341265499257,0.2610587947147702,6,2,2,7,3,1,0.25,0.5,10,8,0.6296651102602482,0.8334611654281616,0.0198388881878437,0.125,0.25
0020_000555,20,Scene20,555,data/kitti_vkitti/kitti/training/image_02/0020/000555.png,data/kitti_vkitti/vkitti/Scene20/clone/frames/rgb/Camera_0/rgb_00555.jpg,8,8,8,0.02229307568438,0.0035426731078904,0.0709565217391304,0.206,0.3550392556808016,0.3162230271863728,0.3097494284983894,6,2,2,6,1,2,0.25,0.5,10,8,0.6235353611409664,0.9171454906463624,0.0145189131367696,0.25,0.25
0020_000556,20,Scene20,556,data/kitti_vkitti/kitti/training/image_02/0020/000556.png,data/kitti_vkitti/vkitti/Scene20/clone/frames/rgb/Camera_0/rgb_00556.jpg,7,7,7,0.0174652250594279,0.0037230273752012,0.0392270531400966,0.1657142857142857,0.3549514024396661,0.3147036720160588,0.2375561349443103,6,1,1,6,1,1,0.25,0.5,10,7,0.6359170377254486,0.897058367729187,0.0134781743840667,0.1428571428571428,0.1428571428571428
0020_000557,20,Scene20,557,data/kitti_vkitti/kitti/training/image_02/0020/000557.png,data/kitti_vkitti/vkitti/Scene20/clone/frames/rgb/Camera_0/rgb_00557.jpg,8,8,8,0.0183475577026301,0.0039076757917337,0.0474074074074074,0.1666666666666666,0.3541377032616589,0.4459454749080654,0.2830001606923007,5,1,3,7,1,1,0.25,0.5,10,6,0.6749406655629476,0.8812506198883057,0.017377331652158,0.125,0.375
0020_000558,20,Scene20,558,data/kitti_vkitti/kitti/training/image_02/0020/000558.png,data/kitti_vkitti/vkitti/Scene20/clone/frames/rgb/Camera_0/rgb_00558.jpg,8,8,8,0.0212917337627482,0.0043692968330649,0.0591712292002147,0.176,0.3530081567785461,0.4551294783215546,0.3687914892387745,5,3,3,6,1,2,0.25,0.5,10,8,0.5923996903002262,0.8820106983184814,0.0157027978870399,0.25,0.375
0020_000559,20,Scene20,559,data/kitti_vkitti/kitti/training/image_02/0020/000559.png,data/kitti_vkitti/vkitti/Scene20/clone/frames/rgb/Camera_0/rgb_00559.jpg,8,8,8,0.0239820182501341,0.0046505636070853,0.0736446591519055,0.186,0.3496389757191121,0.4108606250301299,0.3735065446068176,5,5,3,6,2,2,0.25,0.5,10,10,0.541737973690033,0.883735179901123,0.0147959344516188,0.25,0.375
0020_000560,20,Scene20,560,data/kitti_vkitti/kitti/training/image_02/0020/000560.png,data/kitti_vkitti/vkitti/Scene20/clone/frames/rgb/Camera_0/rgb_00560.jpg,8,7,7,0.0297142857142857,0.0048566827697262,0.0957337627482555,0.2083809523809523,0.3540420279330197,0.2768479547162855,0.3484333778064075,6,5,1,6,1,2,0.25,0.5,10,11,0.5131355930458416,0.8672728538513184,0.0154117620756204,0.25,0.1428571428571428
0020_000561,20,Scene20,561,data/kitti_vkitti/kitti/training/image_02/0020/000561.png,data/kitti_vkitti/vkitti/Scene20/clone/frames/rgb/Camera_0/rgb_00561.jpg,8,9,9,0.0284759348720701,0.0022544283413848,0.1279806763285024,0.1958518518518518,0.3630833170197762,0.4652909401629489,0.2966080002171324,5,2,4,6,2,2,0.25,0.5,10,7,0.6899313969271523,0.9076072573661804,0.0248264610150717,0.25,0.4444444444444444
0020_000562,20,Scene20,562,data/kitti_vkitti/kitti/training/image_02/0020/000562.png,data/kitti_vkitti/vkitti/Scene20/clone/frames/rgb/Camera_0/rgb_00562.jpg,8,9,9,0.0307864257171825,0.0023081052066559,0.1541771336553945,0.2062222222222222,0.375439091492743,0.4920049086183627,0.4412325797633825,5,3,4,5,3,3,0.25,0.5,10,8,0.6148260086774826,0.8817461133003235,0.023383712023548,0.375,0.4444444444444444
0020_000563,20,Scene20,563,data/kitti_vkitti/kitti/training/image_02/0020/000563.png,data/kitti_vkitti/vkitti/Scene20/clone/frames/rgb/Camera_0/rgb_00563.jpg,8,8,8,0.0285818572195383,0.002456253354804,0.1421685453569511,0.1973333333333333,0.3936218833212297,0.4269122865073032,0.4405546822016897,5,4,3,5,1,3,0.25,0.5,10,9,0.5727906260225508,0.869219958782196,0.0212806973704922,0.375,0.375
0020_000564,20,Scene20,564,data/kitti_vkitti/kitti/training/image_02/0020/000564.png,data/kitti_vkitti/vkitti/Scene20/clone/frames/rgb/Camera_0/rgb_00564.jpg,8,7,7,0.0274212100299056,0.0025679012345679,0.1280837359098228,0.1992380952380952,0.4052389799290624,0.3083515420358521,0.3178255226824842,6,3,1,6,1,2,0.25,0.5,10,9,0.6421452694469028,0.9093545079231262,0.020505423325876,0.25,0.1428571428571428
0020_000565,20,Scene20,565,data/kitti_vkitti/kitti/training/image_02/0020/000565.png,data/kitti_vkitti/vkitti/Scene20/clone/frames/rgb/Camera_0/rgb_00565.jpg,7,8,8,0.025049114331723,0.0027246376811594,0.1109178743961352,0.2046666666666666,0.3893838022165388,0.3938871177974825,0.2404491647590546,6,5,2,6,3,1,0.25,0.5,10,11,0.5651370503685691,0.9257438778877258,0.0166742873968987,0.1428571428571428,0.25
0020_000566,20,Scene20,566,data/kitti_vkitti/kitti/training/image_02/0020/000566.png,data/kitti_vkitti/vkitti/Scene20/clone/frames/rgb/Camera_0/rgb_00566.jpg,7,8,8,0.022366344605475,0.0029457863660762,0.0880386473429951,0.2076666666666666,0.381280405839201,0.4007629759504341,0.2068382077998432,6,2,2,7,2,0,0.25,0.5,10,8,0.636395987123251,0.8701967597007751,0.0182040472070303,0.0,0.25
0020_000567,20,Scene20,567,data/kitti_vkitti/kitti/training/image_02/0020/000567.png,data/kitti_vkitti/vkitti/Scene20/clone/frames/rgb/Camera_0/rgb_00567.jpg,7,8,8,0.0187761674718196,0.0031755233494363,0.0573977455716586,0.211,0.3745301632408196,0.3610066805689854,0.2239493074136589,7,2,1,6,2,1,0.25,0.5,10,9,0.6569518579377068,0.8886064887046814,0.0124283759904854,0.1428571428571428,0.125
0020_000568,20,Scene20,568,data/kitti_vkitti/kitti/training/image_02/0020/000568.png,data/kitti_vkitti/vkitti/Scene20/clone/frames/rgb/Camera_0/rgb_00568.jpg,6,7,7,0.013478107507093,0.0033000536768652,0.0222737520128824,0.1679999999999999,0.368843177249429,0.3709317395880352,0.1583647628124512,5,3,2,6,3,0,0.25,0.5,10,8,0.6249075084924698,0.8759500980377197,0.0107480245301136,0.0,0.2857142857142857
0020_000569,20,Scene20,569,data/kitti_vkitti/kitti/training/image_02/0020/000569.png,data/kitti_vkitti/vkitti/Scene20/clone/frames/rgb/Camera_0/rgb_00569.jpg,5,6,6,0.0159037394882805,0.0036607622114868,0.0254836285560923,0.1675555555555555,0.365097879237578,0.3418692436910131,0.1152888103629938,5,3,1,5,2,0,0.25,0.5,10,8,0.5628818273544312,0.869329571723938,0.0114087337959534,0.0,0.1666666666666666
0020_000570,20,Scene20,570,data/kitti_vkitti/kitti/training/image_02/0020/000570.png,data/kitti_vkitti/vkitti/Scene20/clone/frames/rgb/Camera_0/rgb_00570.jpg,5,6,6,0.0174285203077473,0.003793880837359,0.0296188942565754,0.1733333333333333,0.3632244682306632,0.3467599992927531,0.1302371939475326,5,2,1,5,5,0,0.25,0.5,10,7,0.6008775659969875,0.8687285780906677,0.0128298714084816,0.0,0.1666666666666666
0020_000571,20,Scene20,571,data/kitti_vkitti/kitti/training/image_02/0020/000571.png,data/kitti_vkitti/vkitti/Scene20/clone/frames/rgb/Camera_0/rgb_00571.jpg,6,7,7,0.0170548270838125,0.004053676865271,0.0342673107890499,0.1683809523809523,0.3623603001694505,0.4249366253234515,0.260456439191863,5,4,2,5,3,1,0.25,0.5,10,9,0.5643711321883731,0.8753597736358643,0.0131470923572876,0.1666666666666666,0.2857142857142857
0020_000620,20,Scene20,620,data/kitti_vkitti/kitti/training/image_02/0020/000620.png,data/kitti_vkitti/vkitti/Scene20/clone/frames/rgb/Camera_0/rgb_00620.jpg,6,6,6,0.013063517623904,0.0016639828234031,0.0370477724100912,0.1497777777777777,0.4129463294496542,0.4610463238780565,0.255155148820514,4,1,2,6,2,0,0.25,0.5,10,5,0.5302956342697144,0.8099531531333923,0.0100334321835127,0.0,0.3333333333333333
0020_000621,20,Scene20,621,data/kitti_vkitti/kitti/training/image_02/0020/000621.png,data/kitti_vkitti/vkitti/Scene20/clone/frames/rgb/Camera_0/rgb_00621.jpg,7,7,7,0.0093888505482708,0.0018550724637681,0.0228448738593666,0.139047619047619,0.4108929346510477,0.3687418601687457,0.5736455413333323,5,2,2,4,1,3,0.25,0.5,10,7,0.4586944324629647,0.7944751381874084,0.0066237730263214,0.4285714285714285,0.2857142857142857
0020_000765,20,Scene20,765,data/kitti_vkitti/kitti/training/image_02/0020/000765.png,data/kitti_vkitti/vkitti/Scene20/clone/frames/rgb/Camera_0/rgb_00765.jpg,3,3,3,0.0070903560565396,0.0015566290928609,0.0131658615136876,0.1315555555555555,0.5008367528653974,0.4353524799104238,0.3414590309659392,2,1,1,2,3,1,0.25,0.5,10,3,0.4705109596252441,0.8370606303215027,0.0049025606531559,0.3333333333333333,0.3333333333333333
0020_000766,20,Scene20,766,data/kitti_vkitti/kitti/training/image_02/0020/000766.png,data/kitti_vkitti/vkitti/Scene20/clone/frames/rgb/Camera_0/rgb_00766.jpg,2,3,3,0.0075584183217033,0.0015566290928609,0.0141964573268921,0.1359999999999999,0.5045471082904445,0.4137781662300702,0.5485979097901527,2,0,1,1,3,1,0.25,0.5,10,2,0.6743711829185486,0.792655885219574,0.0076485046854925,0.5,0.3333333333333333
0020_000767,20,Scene20,767,data/kitti_vkitti/kitti/training/image_02/0020/000767.png,data/kitti_vkitti/vkitti/Scene20/clone/frames/rgb/Camera_0/rgb_00767.jpg,2,2,2,0.0114567901234567,0.0072828770799785,0.015630703166935,0.1773333333333333,0.5082887183859051,0.5529769452539914,0.2645917532338702,1,1,1,2,5,0,0.25,0.5,10,2,0.5983574837446213,0.7406861186027527,0.0079300135083684,0.0,0.5
0020_000768,20,Scene20,768,data/kitti_vkitti/kitti/training/image_02/0020/000768.png,data/kitti_vkitti/vkitti/Scene20/clone/frames/rgb/Camera_0/rgb_00768.jpg,2,3,3,0.0085882984433709,0.0015029522275899,0.0167257112184648,0.1431111111111111,0.5119571679664888,0.6905204198011268,0.4046790289418183,1,0,2,1,4,1,0.25,0.5,10,1,0.8020628690719604,0.8020628690719604,0.0162562794318813,0.5,0.6666666666666666
0020_000769,20,Scene20,769,data/kitti_vkitti/kitti/training/image_02/0020/000769.png,data/kitti_vkitti/vkitti/Scene20/clone/frames/rgb/Camera_0/rgb_00769.jpg,2,2,2,0.0131358024691358,0.0081760601180891,0.0180955448201825,0.1893333333333333,0.5140536305558187,0.5429764199200304,0.298625271964392,1,1,1,1,5,1,0.25,0.5,10,2,0.557799369096756,0.8112839460372925,0.0097815947106934,0.5,0.5
0020_000770,20,Scene20,770,data/kitti_vkitti/kitti/training/image_02/0020/000770.png,data/kitti_vkitti/vkitti/Scene20/clone/frames/rgb/Camera_0/rgb_00770.jpg,2,2,2,0.0141513687600644,0.0085925925925925,0.0197101449275362,0.1973333333333333,0.5151206424384032,0.5354609223007132,0.5012886128006044,1,1,1,1,2,1,0.25,0.5,10,2,0.6373057663440704,0.7689240574836731,0.0101076325354102,0.5,0.5
0020_000771,20,Scene20,771,data/kitti_vkitti/kitti/training/image_02/0020/000771.png,data/kitti_vkitti/vkitti/Scene20/clone/frames/rgb/Camera_0/rgb_00771.jpg,2,2,2,0.0151937734836285,0.0089940955448201,0.0213934514224369,0.204,0.5168290991759023,0.5314576208594726,0.5527222805387104,1,3,1,1,2,1,0.25,0.5,10,4,0.4666093364357948,0.7894512414932251,0.0063667673082853,0.5,0.5
0020_000772,20,Scene20,772,data/kitti_vkitti/kitti/training/image_02/0020/000772.png,data/kitti_vkitti/vkitti/Scene20/clone/frames/rgb/Camera_0/rgb_00772.jpg,2,2,2,0.0162748255501878,0.0094041867954911,0.0231454643048845,0.2106666666666666,0.518587679580689,0.5299490354171572,0.4191228064292498,1,1,1,1,3,1,0.25,0.5,10,2,0.6505115181207657,0.8234531879425049,0.0119745251334767,0.5,0.5
0020_000773,20,Scene20,773,data/kitti_vkitti/kitti/training/image_02/0020/000773.png,data/kitti_vkitti/vkitti/Scene20/clone/frames/rgb/Camera_0/rgb_00773.jpg,2,2,2,0.0173150831991411,0.009691894793344,0.0249382716049382,0.2159999999999999,0.519006081273089,0.5268240368665141,0.3756054179973949,1,1,1,1,3,1,0.25,0.5,10,2,0.5376841723918915,0.7213345170021057,0.0130149575448202,0.5,0.5
0020_000774,20,Scene20,774,data/kitti_vkitti/kitti/training/image_02/0020/000774.png,data/kitti_vkitti/vkitti/Scene20/clone/frames/rgb/Camera_0/rgb_00774.jpg,2,2,2,0.0187954911433172,0.0102801932367149,0.0273107890499194,0.2253333333333333,0.5190565248965932,0.5467370494701549,0.3263130361533638,1,1,1,1,3,1,0.25,0.5,10,2,0.654578685760498,0.8089234828948975,0.0132858834498638,0.5,0.5
0020_000775,20,Scene20,775,data/kitti_vkitti/kitti/training/image_02/0020/000775.png,data/kitti_vkitti/vkitti/Scene20/clone/frames/rgb/Camera_0/rgb_00775.jpg,2,2,2,0.02020397208803,0.0108856682769726,0.0295222758990874,0.2333333333333333,0.5188093587193331,0.5521456171014769,0.2895052742262043,1,0,1,2,3,0,0.25,0.5,10,1,0.8185743689537048,0.8185743689537048,0.0264433613090915,0.0,0.5
0020_000776,20,Scene20,776,data/kitti_vkitti/kitti/training/image_02/0020/000776.png,data/kitti_vkitti/vkitti/Scene20/clone/frames/rgb/Camera_0/rgb_00776.jpg,2,2,2,0.0213848631239935,0.0111948470209339,0.0315748792270531,0.24,0.5181488848894361,0.5511113606396757,0.3258559829195073,1,0,1,1,1,1,0.25,0.5,10,1,0.7757415175437927,0.7757415175437927,0.0283472091483969,0.5,0.5
0020_000777,20,Scene20,777,data/kitti_vkitti/kitti/training/image_02/0020/000777.png,data/kitti_vkitti/vkitti/Scene20/clone/frames/rgb/Camera_0/rgb_00777.jpg,2,2,2,0.0226022544283413,0.011508319914117,0.0336961889425657,0.2466666666666666,0.517409356614358,0.5499925334098232,0.3934163782487481,1,0,1,1,2,1,0.25,0.5,10,1,0.8013712763786316,0.8013712763786316,0.0303270732395758,0.5,0.5
0020_000778,20,Scene20,778,data/kitti_vkitti/kitti/training/image_02/0020/000778.png,data/kitti_vkitti/vkitti/Scene20/clone/frames/rgb/Camera_0/rgb_00778.jpg,2,2,2,0.0241481481481481,0.0121481481481481,0.0361481481481481,0.2546666666666666,0.5162624482965489,0.5518014155881226,0.4232953671503553,1,0,1,1,2,1,0.25,0.5,10,1,0.7947260141372681,0.7947260141372681,0.0324030976582216,0.5,0.5
0020_000779,20,Scene20,779,data/kitti_vkitti/kitti/training/image_02/0020/000779.png,data/kitti_vkitti/vkitti/Scene20/clone/frames/rgb/Camera_0/rgb_00779.jpg,2,2,2,0.0257337627482555,0.0124745034889962,0.0389930220075147,0.2626666666666666,0.514689257259533,0.57679541352059,0.379415483844698,1,0,1,1,3,1,0.25,0.5,10,1,0.8085728883743286,0.8085728883743286,0.0334702536624906,0.5,0.5
0020_000780,20,Scene20,780,data/kitti_vkitti/kitti/training/image_02/0020/000780.png,data/kitti_vkitti/vkitti/Scene20/clone/frames/rgb/Camera_0/rgb_00780.jpg,2,2,2,0.0268545356951154,0.0129575952764358,0.0407514761137949,0.268,0.5138570343005694,0.2953009683629838,0.4449923684737853,2,0,0,1,3,1,0.25,0.5,10,2,0.5929072499275208,0.8430554270744324,0.0212090858095468,0.5,0.0
0020_000781,20,Scene20,781,data/kitti_vkitti/kitti/training/image_02/0020/000781.png,data/kitti_vkitti/vkitti/Scene20/clone/frames/rgb/Camera_0/rgb_00781.jpg,2,2,2,0.0282254428341384,0.0132946859903381,0.0431561996779388,0.2746666666666666,0.5129020070937661,0.3099898532934464,0.3477509564969243,2,1,0,1,4,1,0.25,0.5,10,3,0.5171889364719391,0.866226077079773,0.0151408268294669,0.5,0.0
0020_000782,20,Scene20,782,data/kitti_vkitti/kitti/training/image_02/0020/000782.png,data/kitti_vkitti/vkitti/Scene20/clone/frames/rgb/Camera_0/rgb_00782.jpg,2,2,2,0.0296146001073537,0.0136360708534621,0.0455931293612453,0.28,0.5116217359729721,0.3015409235232248,0.44050131262279,2,1,0,1,2,1,0.25,0.5,10,3,0.4974142611026764,0.8530040979385376,0.0164695496706541,0.5,0.0
0020_000783,20,Scene20,783,data/kitti_vkitti/kitti/training/image_02/0020/000783.png,data/kitti_vkitti/vkitti/Scene20/clone/frames/rgb/Camera_0/rgb_00783.jpg,2,2,2,0.0311561996779388,0.0141406333870101,0.0481717659688674,0.288,0.5106616484060076,0.2935911620628828,0.4263285965115662,2,1,0,1,4,1,0.25,0.5,10,3,0.5639771918455759,0.8637537360191345,0.0176753224494516,0.5,0.0
0020_000784,20,Scene20,784,data/kitti_vkitti/kitti/training/image_02/0020/000784.png,data/kitti_vkitti/vkitti/Scene20/clone/frames/rgb/Camera_0/rgb_00784.jpg,2,2,2,0.032443370907139,0.0141406333870101,0.0507461084272678,0.292,0.5093967941229095,0.30561607482596,0.3964124199860425,2,3,0,1,3,1,0.25,0.5,10,5,0.4208439111709595,0.8657189607620239,0.0111786172084826,0.5,0.0
0020_000785,20,Scene20,785,data/kitti_vkitti/kitti/training/image_02/0020/000785.png,data/kitti_vkitti/vkitti/Scene20/clone/frames/rgb/Camera_0/rgb_00785.jpg,2,2,2,0.0336210413311862,0.0144927536231884,0.0527493290391841,0.2973333333333333,0.5084979444918064,0.3087517423744566,0.3960506614717451,2,2,0,1,3,1,0.25,0.5,10,4,0.4539727568626404,0.8623003363609314,0.0142513415209196,0.5,0.0
0020_000786,20,Scene20,786,data/kitti_vkitti/kitti/training/image_02/0020/000786.png,data/kitti_vkitti/vkitti/Scene20/clone/frames/rgb/Camera_0/rgb_00786.jpg,2,2,2,0.0346580783682232,0.0148491680085882,0.0544669887278582,0.3026666666666666,0.5076553229558061,0.3183656447696398,0.3538012103016554,1,5,1,1,4,1,0.25,0.5,10,6,0.4722692718108495,0.8530325889587402,0.0106409276549181,0.5,0.5
0020_000787,20,Scene20,787,data/kitti_vkitti/kitti/training/image_02/0020/000787.png,data/kitti_vkitti/vkitti/Scene20/clone/frames/rgb/Camera_0/rgb_00787.jpg,2,2,2,0.0357928073000536,0.0150445517981749,0.0565410628019323,0.308,0.5068101417700736,0.3172041141556143,0.3553549622738829,1,4,1,1,3,1,0.25,0.5,10,5,0.4970160186290741,0.858697772026062,0.0123149368252907,0.5,0.5
0020_000788,20,Scene20,788,data/kitti_vkitti/kitti/training/image_02/0020/000788.png,data/kitti_vkitti/vkitti/Scene20/clone/frames/rgb/Camera_0/rgb_00788.jpg,2,2,2,0.0365775630703166,0.0152098765432098,0.0579452495974235,0.3106666666666666,0.5061660783261238,0.3109561513726987,0.3555592746610738,1,3,1,1,2,1,0.25,0.5,10,4,0.5174234956502914,0.8599918484687805,0.0153843146469024,0.5,0.5
0020_000789,20,Scene20,789,data/kitti_vkitti/kitti/training/image_02/0020/000789.png,data/kitti_vkitti/vkitti/Scene20/clone/frames/rgb/Camera_0/rgb_00789.jpg,2,2,2,0.0378099838969404,0.0155748792270531,0.0600450885668277,0.3146666666666666,0.5057753191668508,0.5583251704209311,0.3776818640398095,1,3,1,1,1,1,0.25,0.5,10,4,0.479813314974308,0.8392191529273987,0.0141244685124012,0.5,0.5
0020_000790,20,Scene20,790,data/kitti_vkitti/kitti/training/image_02/0020/000790.png,data/kitti_vkitti/vkitti/Scene20/clone/frames/rgb/Camera_0/rgb_00790.jpg,2,2,2,0.038552871712292,0.0155748792270531,0.0615308641975308,0.3186666666666666,0.505933268079105,0.5499649413917426,0.4171386844226883,1,3,1,1,3,1,0.25,0.5,10,4,0.5120094195008278,0.8452547192573547,0.0146744245510434,0.5,0.5
0020_000791,20,Scene20,791,data/kitti_vkitti/kitti/training/image_02/0020/000791.png,data/kitti_vkitti/vkitti/Scene20/clone/frames/rgb/Camera_0/rgb_00791.jpg,2,2,2,0.039460010735373,0.0155748792270531,0.0633451422436929,0.3213333333333333,0.5060237399092755,0.5519313203994543,0.4479291909916852,1,2,1,1,4,1,0.25,0.5,10,3,0.5696756641070048,0.8025285005569458,0.0197199807696652,0.5,0.5
0020_000792,20,Scene20,792,data/kitti_vkitti/kitti/training/image_02/0020/000792.png,data/kitti_vkitti/vkitti/Scene20/clone/frames/rgb/Camera_0/rgb_00792.jpg,2,2,2,0.0399066022544283,0.0153752012882447,0.0644380032206119,0.3213333333333333,0.5056547461926263,0.5428252838120629,0.4391356376450445,1,2,1,1,4,1,0.25,0.5,10,3,0.582576980193456,0.8245695233345032,0.0206683075607681,0.5,0.5
0020_000793,20,Scene20,793,data/kitti_vkitti/kitti/training/image_02/0020/000793.png,data/kitti_vkitti/vkitti/Scene20/clone/frames/rgb/Camera_0/rgb_00793.jpg,2,2,2,0.0407557702630166,0.0155748792270531,0.0659366612989801,0.3253333333333333,0.5049324029343354,0.5448688916479444,0.4332665754668641,1,3,1,1,2,1,0.25,0.5,10,4,0.5082401484251022,0.8192684650421143,0.015773834837745,0.5,0.5
0020_000794,20,Scene20,794,data/kitti_vkitti/kitti/training/image_02/0020/000794.png,data/kitti_vkitti/vkitti/Scene20/clone/frames/rgb/Camera_0/rgb_00794.jpg,2,2,2,0.0415136876006441,0.0155748792270531,0.0674524959742351,0.328,0.5045794743877154,0.5533346619682289,0.4294110385378384,1,2,1,1,1,1,0.25,0.5,10,3,0.5611272354920706,0.811084508895874,0.0212263509850981,0.5,0.5
0020_000795,20,Scene20,795,data/kitti_vkitti/kitti/training/image_02/0020/000795.png,data/kitti_vkitti/vkitti/Scene20/clone/frames/rgb/Camera_0/rgb_00795.jpg,2,2,2,0.0422801932367149,0.0155748792270531,0.0689855072463768,0.3306666666666666,0.5042823697809774,0.5549555748205561,0.4067841168658473,1,0,1,1,3,1,0.25,0.5,10,1,0.8133360147476196,0.8133360147476196,0.0629123319329766,0.5,0.5
0020_000796,20,Scene20,796,data/kitti_vkitti/kitti/training/image_02/0020/000796.png,data/kitti_vkitti/vkitti/Scene20/clone/frames/rgb/Camera_0/rgb_00796.jpg,2,2,2,0.0426666666666666,0.0155748792270531,0.0697584541062801,0.332,0.5038140464989002,0.5567643186566882,0.4119253028196652,1,1,1,1,2,1,0.25,0.5,10,2,0.544117197394371,0.8138192296028137,0.0322495050357891,0.5,0.5
0020_000797,20,Scene20,797,data/kitti_vkitti/kitti/training/image_02/0020/000797.png,data/kitti_vkitti/vkitti/Scene20/clone/frames/rgb/Camera_0/rgb_00797.jpg,2,2,2,0.0434460547504025,0.0155748792270531,0.071317230273752,0.3346666666666666,0.5036960163346068,0.5555380441733934,0.4100183306297961,1,0,1,1,2,1,0.25,0.5,10,1,0.801059901714325,0.801059901714325,0.0654163336957966,0.5,0.5
0020_000798,20,Scene20,798,data/kitti_vkitti/kitti/training/image_02/0020/000798.png,data/kitti_vkitti/vkitti/Scene20/clone/frames/rgb/Camera_0/rgb_00798.jpg,2,2,2,0.0438389694041867,0.0155748792270531,0.0721030595813204,0.336,0.5037310262806142,0.5496226790726542,0.4254526125916167,1,1,1,1,2,1,0.25,0.5,10,2,0.5398396551609039,0.799323320388794,0.0327879397561258,0.5,0.5
0020_000799,20,Scene20,799,data/kitti_vkitti/kitti/training/image_02/0020/000799.png,data/kitti_vkitti/vkitti/Scene20/clone/frames/rgb/Camera_0/rgb_00799.jpg,2,2,2,0.0446312399355877,0.0155748792270531,0.0736876006441223,0.3386666666666666,0.5036180817361835,0.5439149454591654,0.3852651746933881,1,1,1,1,3,1,0.25,0.5,10,2,0.5270082801580429,0.7820573449134827,0.0339243069343154,0.5,0.5
0020_000800,20,Scene20,800,data/kitti_vkitti/kitti/training/image_02/0020/000800.png,data/kitti_vkitti/vkitti/Scene20/clone/frames/rgb/Camera_0/rgb_00800.jpg,2,2,2,0.044606548577563,0.015944176060118,0.073268921095008,0.3386666666666666,0.503798798059213,0.557040106972277,0.4091657087801541,1,1,1,1,3,1,0.25,0.5,10,2,0.5361777693033218,0.7992815971374512,0.032781007948089,0.5,0.5
0020_000801,20,Scene20,801,data/kitti_vkitti/kitti/training/image_02/0020/000801.png,data/kitti_vkitti/vkitti/Scene20/clone/frames/rgb/Camera_0/rgb_00801.jpg,2,2,2,0.0449039184111647,0.0157423510466988,0.0740654857756307,0.3386666666666666,0.5040394472335364,0.546567056546148,0.4053251579412252,1,1,1,1,3,1,0.25,0.5,10,2,0.5195132046937943,0.7789793610572815,0.0338776631950432,0.5,0.5
0020_000802,20,Scene20,802,data/kitti_vkitti/kitti/training/image_02/0020/000802.png,data/kitti_vkitti/vkitti/Scene20/clone/frames/rgb/Camera_0/rgb_00802.jpg,2,2,2,0.0449039184111647,0.0157423510466988,0.0740654857756307,0.3386666666666666,0.5042626840537611,0.5511224019061715,0.4138639272129909,1,1,1,1,3,1,0.25,0.5,10,2,0.5161978006362915,0.7757996320724487,0.0335492037643043,0.5,0.5
0020_000803,20,Scene20,803,data/kitti_vkitti/kitti/training/image_02/0020/000803.png,data/kitti_vkitti/vkitti/Scene20/clone/frames/rgb/Camera_0/rgb_00803.jpg,2,2,2,0.0452152442297369,0.015944176060118,0.0744863123993558,0.3413333333333333,0.504732649216423,0.2904754168645114,0.3970296988743536,2,0,0,1,3,1,0.25,0.5,10,2,0.5420518666505814,0.8212947845458984,0.03733658433494,0.5,0.0
0020_000804,20,Scene20,804,data/kitti_vkitti/kitti/training/image_02/0020/000804.png,data/kitti_vkitti/vkitti/Scene20/clone/frames/rgb/Camera_0/rgb_00804.jpg,2,2,2,0.0450048309178744,0.015944176060118,0.0740654857756307,0.3399999999999999,0.5050662540915453,0.2668216261055713,0.3850487694270557,2,0,0,1,2,1,0.25,0.5,10,2,0.5507574379444122,0.8238189220428467,0.0385134608136391,0.5,0.0
0020_000805,20,Scene20,805,data/kitti_vkitti/kitti/training/image_02/0020/000805.png,data/kitti_vkitti/vkitti/Scene20/clone/frames/rgb/Camera_0/rgb_00805.jpg,2,2,2,0.0454256575415995,0.015944176060118,0.074907139023081,0.3426666666666667,0.505050517297633,0.5524402927361227,0.3857009580649841,1,0,1,1,2,1,0.25,0.5,10,1,0.822776198387146,0.822776198387146,0.0670508344262894,0.5,0.5
0020_000806,20,Scene20,806,data/kitti_vkitti/kitti/training/image_02/0020/000806.png,data/kitti_vkitti/vkitti/Scene20/clone/frames/rgb/Camera_0/rgb_00806.jpg,2,2,2,0.0454052603327965,0.015944176060118,0.074866344605475,0.3413333333333333,0.5051969393661919,0.269899304094742,0.3665531838899003,2,0,0,1,3,1,0.25,0.5,10,2,0.5476575493812561,0.8191201686859131,0.0385394152782755,0.5,0.0
0020_000807,20,Scene20,807,data/kitti_vkitti/kitti/training/image_02/0020/000807.png,data/kitti_vkitti/vkitti/Scene20/clone/frames/rgb/Camera_0/rgb_00807.jpg,2,2,2,0.0456167471819645,0.015944176060118,0.075289318303811,0.3426666666666667,0.5051595129087598,0.2714535966213915,0.3692572968525842,2,0,0,1,4,1,0.25,0.5,10,2,0.5428327769041061,0.8076140284538269,0.0382309674392311,0.5,0.0
0020_000808,20,Scene20,808,data/kitti_vkitti/kitti/training/image_02/0020/000808.png,data/kitti_vkitti/vkitti/Scene20/clone/frames/rgb/Camera_0/rgb_00808.jpg,2,2,2,0.0456167471819645,0.015944176060118,0.075289318303811,0.3426666666666667,0.5051834843652974,0.2846061830435233,0.393974696463274,2,0,0,1,2,1,0.25,0.5,10,2,0.5687565505504608,0.8104827404022217,0.037109344539507,0.5,0.0
0020_000809,20,Scene20,809,data/kitti_vkitti/kitti/training/image_02/0020/000809.png,data/kitti_vkitti/vkitti/Scene20/clone/frames/rgb/Camera_0/rgb_00809.jpg,2,2,2,0.0456167471819645,0.015944176060118,0.075289318303811,0.3426666666666667,0.5053521602307053,0.2865100435085299,0.385482225136547,2,0,0,1,2,1,0.25,0.5,10,2,0.6015332490205765,0.8157100677490234,0.0367849106178891,0.5,0.0
0020_000810,20,Scene20,810,data/kitti_vkitti/kitti/training/image_02/0020/000810.png,data/kitti_vkitti/vkitti/Scene20/clone/frames/rgb/Camera_0/rgb_00810.jpg,2,2,2,0.0458078368223295,0.015944176060118,0.075671497584541,0.3426666666666667,0.5056773367854924,0.2699857825100833,0.3910987532675539,2,0,0,1,2,1,0.25,0.5,10,2,0.5447616428136826,0.8002002239227295,0.0375351749563712,0.5,0.0
0020_000811,20,Scene20,811,data/kitti_vkitti/kitti/training/image_02/0020/000811.png,data/kitti_vkitti/vkitti/Scene20/clone/frames/rgb/Camera_0/rgb_00811.jpg,2,2,2,0.0462125603864734,0.015944176060118,0.0764809447128287,0.344,0.5058478145095934,0.2711693741413634,0.39535352069312,2,0,0,1,2,1,0.25,0.5,10,2,0.5287482887506485,0.8040632605552673,0.0381261736628475,0.5,0.0
0020_000812,20,Scene20,812,data/kitti_vkitti/kitti/training/image_02/0020/000812.png,data/kitti_vkitti/vkitti/Scene20/clone/frames/rgb/Camera_0/rgb_00812.jpg,2,2,2,0.0459087493290391,0.0161460010735373,0.075671497584541,0.344,0.5055986696557313,0.2795094836781402,0.3883219772741187,2,0,0,1,2,1,0.25,0.5,10,2,0.5724295675754547,0.8058468699455261,0.0375184607006733,0.5,0.0
0020_000813,20,Scene20,813,data/kitti_vkitti/kitti/training/image_02/0020/000813.png,data/kitti_vkitti/vkitti/Scene20/clone/frames/rgb/Camera_0/rgb_00813.jpg,2,2,2,0.0458078368223295,0.015944176060118,0.075671497584541,0.3426666666666667,0.5059046909370297,0.2704731652387038,0.3866629079590842,2,0,0,1,3,1,0.25,0.5,10,2,0.5303539782762527,0.8015576004981995,0.0377264796300524,0.5,0.0
0020_000814,20,Scene20,814,data/kitti_vkitti/kitti/training/image_02/0020/000814.png,data/kitti_vkitti/vkitti/Scene20/clone/frames/rgb/Camera_0/rgb_00814.jpg,2,2,2,0.0461052066559312,0.0161137949543746,0.0760966183574879,0.344,0.5061816635618284,0.2602851778142983,0.3787568104338829,2,0,0,1,2,1,0.25,0.5,10,2,0.5274512767791748,0.799615204334259,0.0379533942107139,0.5,0.0
0020_000815,20,Scene20,815,data/kitti_vkitti/kitti/training/image_02/0020/000815.png,data/kitti_vkitti/vkitti/Scene20/clone/frames/rgb/Camera_0/rgb_00815.jpg,2,2,2,0.0458926462694578,0.0161137949543746,0.075671497584541,0.3426666666666667,0.5060457242693105,0.2644915192473021,0.3737050184286999,2,0,0,1,3,1,0.25,0.5,10,2,0.5298829674720764,0.8019641041755676,0.0377663568868779,0.5,0.0
0020_000816,20,Scene20,816,data/kitti_vkitti/kitti/training/image_02/0020/000816.png,data/kitti_vkitti/vkitti/Scene20/clone/frames/rgb/Camera_0/rgb_00816.jpg,2,2,2,0.0458926462694578,0.0161137949543746,0.075671497584541,0.3426666666666667,0.5062097186700767,0.2580523092016854,0.3943254700162877,2,0,0,1,2,1,0.25,0.5,10,2,0.5544137954711914,0.8071721196174622,0.0378909421318055,0.5,0.0
0020_000817,20,Scene20,817,data/kitti_vkitti/kitti/training/image_02/0020/000817.png,data/kitti_vkitti/vkitti/Scene20/clone/frames/rgb/Camera_0/rgb_00817.jpg,2,2,2,0.0458926462694578,0.0161137949543746,0.075671497584541,0.3426666666666667,0.5064217822824245,0.5699692742296227,0.3894530118343065,1,0,1,1,2,1,0.25,0.5,10,1,0.7981404066085815,0.7981404066085815,0.065082138052823,0.5,0.5
0020_000818,20,Scene20,818,data/kitti_vkitti/kitti/training/image_02/0020/000818.png,data/kitti_vkitti/vkitti/Scene20/clone/frames/rgb/Camera_0/rgb_00818.jpg,2,2,2,0.0458926462694578,0.0161137949543746,0.075671497584541,0.3426666666666667,0.5063108921936998,0.2613738488204959,0.3944054109931327,2,1,0,1,2,1,0.25,0.5,10,3,0.4580437044302622,0.8199526071548462,0.0255382736574403,0.5,0.0
0020_000819,20,Scene20,819,data/kitti_vkitti/kitti/training/image_02/0020/000819.png,data/kitti_vkitti/vkitti/Scene20/clone/frames/rgb/Camera_0/rgb_00819.jpg,2,2,2,0.0459946323134728,0.0163177670424047,0.075671497584541,0.344,0.5064254701988149,0.2622437446629313,0.3875863849045997,2,0,0,1,2,1,0.25,0.5,10,2,0.5421513915061951,0.8026608824729919,0.0379270884301843,0.5,0.0
0020_000820,20,Scene20,820,data/kitti_vkitti/kitti/training/image_02/0020/000820.png,data/kitti_vkitti/vkitti/Scene20/clone/frames/rgb/Camera_0/rgb_00820.jpg,2,2,2,0.0459946323134728,0.0163177670424047,0.075671497584541,0.344,0.506525288118468,0.2641079968929971,0.3705977216129372,2,0,0,1,2,1,0.25,0.5,10,2,0.5393211841583252,0.803672194480896,0.0377333560940468,0.5,0.0
0020_000821,20,Scene20,821,data/kitti_vkitti/kitti/training/image_02/0020/000821.png,data/kitti_vkitti/vkitti/Scene20/clone/frames/rgb/Camera_0/rgb_00821.jpg,2,2,2,0.0459946323134728,0.0163177670424047,0.075671497584541,0.344,0.5066159957058508,0.2631150313484549,0.3730019619718453,2,1,0,1,2,1,0.25,0.5,10,3,0.4465944667657216,0.8157709240913391,0.025645182742818,0.5,0.0
0020_000822,20,Scene20,822,data/kitti_vkitti/kitti/training/image_02/0020/000822.png,data/kitti_vkitti/vkitti/Scene20/clone/frames/rgb/Camera_0/rgb_00822.jpg,2,2,2,0.0458894256575415,0.0164895330112721,0.075289318303811,0.344,0.5065429109700778,0.2764888051593039,0.3738580173269534,2,1,0,1,2,1,0.25,0.5,10,3,0.4507695734500885,0.8160403370857239,0.0250887016997122,0.5,0.0
0020_000823,20,Scene20,823,data/kitti_vkitti/kitti/training/image_02/0020/000823.png,data/kitti_vkitti/vkitti/Scene20/clone/frames/rgb/Camera_0/rgb_00823.jpg,2,2,2,0.0458035426731078,0.0163177670424047,0.075289318303811,0.344,0.5066992180017472,0.278748451396545,0.3911770460653136,2,0,0,1,2,1,0.25,0.5,10,2,0.5375543534755707,0.8169674873352051,0.0375111407592944,0.5,0.0
0020_000824,20,Scene20,824,data/kitti_vkitti/kitti/training/image_02/0020/000824.png,data/kitti_vkitti/vkitti/Scene20/clone/frames/rgb/Camera_0/rgb_00824.jpg,2,2,2,0.0458035426731078,0.0163177670424047,0.075289318303811,0.344,0.506888345805311,0.5570109690124314,0.3939707768182602,1,1,1,1,3,1,0.25,0.5,10,2,0.535522073507309,0.819510281085968,0.0338102311488906,0.5,0.5
0020_000825,20,Scene20,825,data/kitti_vkitti/kitti/training/image_02/0020/000825.png,data/kitti_vkitti/vkitti/Scene20/clone/frames/rgb/Camera_0/rgb_00825.jpg,2,2,2,0.0455920558239398,0.0163177670424047,0.074866344605475,0.3426666666666667,0.5069271615463147,0.5510089667103446,0.3918162918373222,1,1,1,1,2,1,0.25,0.5,10,2,0.5580981075763702,0.8239399194717407,0.0349566144019973,0.5,0.5
0020_000826,20,Scene20,826,data/kitti_vkitti/kitti/training/image_02/0020/000826.png,data/kitti_vkitti/vkitti/Scene20/clone/frames/rgb/Camera_0/rgb_00826.jpg,2,2,2,0.0454900697799248,0.0161137949543746,0.074866344605475,0.3413333333333333,0.5070785429362298,0.5500222842571998,0.3841889377527149,1,1,1,1,2,1,0.25,0.5,10,2,0.5661953836679459,0.8294753432273865,0.0352329087041706,0.5,0.5
0020_000827,20,Scene20,827,data/kitti_vkitti/kitti/training/image_02/0020/000827.png,data/kitti_vkitti/vkitti/Scene20/clone/frames/rgb/Camera_0/rgb_00827.jpg,2,2,2,0.0454900697799248,0.0161137949543746,0.074866344605475,0.3413333333333333,0.5071764411185838,0.5472609054097011,0.3746173604558751,1,1,1,1,2,1,0.25,0.5,10,2,0.5551065355539322,0.8179333209991455,0.0347785008572445,0.5,0.5
0020_000828,20,Scene20,828,data/kitti_vkitti/kitti/training/image_02/0020/000828.png,data/kitti_vkitti/vkitti/Scene20/clone/frames/rgb/Camera_0/rgb_00828.jpg,2,2,2,0.0454900697799248,0.0161137949543746,0.074866344605475,0.3413333333333333,0.5072931830381106,0.5543484292616073,0.372793811992224,1,1,1,1,2,1,0.25,0.5,10,2,0.5386679321527481,0.824493408203125,0.0338531071546852,0.5,0.5
0020_000829,20,Scene20,829,data/kitti_vkitti/kitti/training/image_02/0020/000829.png,data/kitti_vkitti/vkitti/Scene20/clone/frames/rgb/Camera_0/rgb_00829.jpg,2,2,2,0.0450048309178744,0.015944176060118,0.0740654857756307,0.3399999999999999,0.507219391030701,0.2603691687533223,0.3811487793670063,2,0,0,1,3,1,0.25,0.5,10,2,0.5483365058898926,0.8197201490402222,0.0384811176713526,0.5,0.0
0020_000830,20,Scene20,830,data/kitti_vkitti/kitti/training/image_02/0020/000830.png,data/kitti_vkitti/vkitti/Scene20/clone/frames/rgb/Camera_0/rgb_00830.jpg,2,2,2,0.0449006977992485,0.0161137949543746,0.0736876006441223,0.3399999999999999,0.5073442834138486,0.2652422940901224,0.3821868040503274,2,0,0,1,3,1,0.25,0.5,10,2,0.5830423980951309,0.8228811025619507,0.0377045556660721,0.5,0.0
0020_000831,20,Scene20,831,data/kitti_vkitti/kitti/training/image_02/0020/000831.png,data/kitti_vkitti/vkitti/Scene20/clone/frames/rgb/Camera_0/rgb_00831.jpg,2,2,2,0.0448158883521202,0.015944176060118,0.0736876006441223,0.3399999999999999,0.5074386536579205,0.2677476286671931,0.3908862466517468,2,0,0,1,2,1,0.25,0.5,10,2,0.5848073363304138,0.815818727016449,0.0373330539743737,0.5,0.0
0020_000832,20,Scene20,832,data/kitti_vkitti/kitti/training/image_02/0020/000832.png,data/kitti_vkitti/vkitti/Scene20/clone/frames/rgb/Camera_0/rgb_00832.jpg,2,2,2,0.044606548577563,0.015944176060118,0.073268921095008,0.3386666666666666,0.5075259343458264,0.267060956913505,0.39169112669393,2,1,0,1,3,1,0.25,0.5,10,3,0.4845285216967265,0.8206788301467896,0.0252551418093,0.5,0.0
0020_000833,20,Scene20,833,data/kitti_vkitti/kitti/training/image_02/0020/000833.png,data/kitti_vkitti/vkitti/Scene20/clone/frames/rgb/Camera_0/rgb_00833.jpg,2,2,2,0.044606548577563,0.015944176060118,0.073268921095008,0.3386666666666666,0.5074462652479135,0.2686867982331182,0.3823822835853567,2,1,0,1,3,1,0.25,0.5,10,3,0.4791627327601115,0.810796320438385,0.0249905995013521,0.5,0.0
0020_000834,20,Scene20,834,data/kitti_vkitti/kitti/training/image_02/0020/000834.png,data/kitti_vkitti/vkitti/Scene20/clone/frames/rgb/Camera_0/rgb_00834.jpg,2,2,2,0.044606548577563,0.015944176060118,0.073268921095008,0.3386666666666666,0.5076078768168566,0.2748946552069659,0.379755932814297,2,1,0,1,2,1,0.25,0.5,10,3,0.4785142143567403,0.8042953014373779,0.02461419136576,0.5,0.0
0020_000835,20,Scene20,835,data/kitti_vkitti/kitti/training/image_02/0020/000835.png,data/kitti_vkitti/vkitti/Scene20/clone/frames/rgb/Camera_0/rgb_00835.jpg,2,2,2,0.0442104133118625,0.015944176060118,0.072476650563607,0.3373333333333334,0.5076391904265732,0.2532058944704229,0.3794908431483599,2,1,0,1,3,1,0.25,0.5,10,3,0.4765818516413371,0.8059321641921997,0.0253572464933311,0.5,0.0
0020_000836,20,Scene20,836,data/kitti_vkitti/kitti/training/image_02/0020/000836.png,data/kitti_vkitti/vkitti/Scene20/clone/frames/rgb/Camera_0/rgb_00836.jpg,2,2,2,0.0440236178207192,0.015944176060118,0.0721030595813204,0.3373333333333334,0.5077967183438056,0.270150030283572,0.4020897660753576,2,1,0,1,3,1,0.25,0.5,10,3,0.4735010166962941,0.7935064435005188,0.0248688260316042,0.5,0.0
